# partial charge density of a Li-S system (Li12 S2), converted from a VASP PARCHG file
# (VASP stores rho*V_cell; kept unscaled). Function values are the ORIGINAL positive
# density: the superlevel filtration finds the charge maxima.
# charge in window = 0.5126 e (full grid); rho*V in [-0.03743, 1.4254] on this grid
# downsampled x2 per axis (stride subsampling, original values kept): 96x96x56 -> 48x48x28
grid:
1
dimension:
3
lattice:
# matrix U printed row by row; the lattice vectors are its COLUMNS
7.753459 -7.753459 -0.632543
1.675690 1.675690 0.000000
0.000000 0.000000 4.387449
shape:
48 48 28
values:
0.21612 0.26692 0.38428 0.50033 0.5826 0.64559 0.69798 0.71736 0.69 0.62862 0.55804 0.47543 0.36918 0.26584 0.22171 0.26584 0.36918 0.47543 0.55804 0.62862 0.69 0.71736 0.69798 0.64559 0.5826 0.50033 0.38428 0.26692
0.29758 0.49792 0.68524 0.79843 0.85362 0.89938 0.94234 0.95098 0.91406 0.85051 0.7894 0.71527 0.58817 0.41217 0.2518 0.17482 0.19355 0.26628 0.34825 0.42121 0.47406 0.48933 0.46174 0.40193 0.32384 0.23509 0.16538 0.17407
0.47515 0.73482 0.92431 1.0185 1.0658 1.1121 1.1477 1.1467 1.1042 1.0372 0.9727 0.89459 0.755 0.54366 0.32048 0.16766 0.12018 0.15026 0.20906 0.26423 0.2989 0.30256 0.27402 0.22079 0.15519 0.1022 0.11337 0.24024
0.62721 0.86819 1.0346 1.1309 1.1978 1.2518 1.2786 1.2705 1.2268 1.1545 1.0703 0.96957 0.82004 0.611 0.38709 0.21672 0.13405 0.1219 0.14192 0.16569 0.17882 0.17517 0.15533 0.12598 0.10036 0.1068 0.18933 0.37385
0.70844 0.90826 1.0602 1.1712 1.2528 1.3019 1.3191 1.3071 1.2657 1.1932 1.0926 0.96957 0.81525 0.62784 0.43553 0.2806 0.18467 0.13885 0.12168 0.11619 0.1128 0.10829 0.10399 0.10586 0.12611 0.18442 0.30409 0.4897
0.75187 0.91692 1.0531 1.1567 1.2258 1.2623 1.2712 1.2579 1.2213 1.1567 1.0622 0.94043 0.79548 0.63393 0.47365 0.33684 0.2353 0.16735 0.12517 0.10085 0.089445 0.089382 0.102 0.1318 0.18678 0.27642 0.40695 0.57283
0.76963 0.89885 1.0023 1.0771 1.1244 1.1474 1.151 1.1383 1.1083 1.0576 0.98363 0.88594 0.76642 0.63216 0.49598 0.37165 0.26858 0.19027 0.13617 0.10404 0.091793 0.098581 0.12535 0.1747 0.24982 0.35258 0.48063 0.62481
0.73864 0.82907 0.8965 0.94209 0.96944 0.98203 0.98236 0.97162 0.94954 0.91457 0.86416 0.79529 0.70648 0.60076 0.48641 0.37478 0.2764 0.19827 0.14334 0.11184 0.10307 0.11653 0.1524 0.21127 0.29302 0.39504 0.5107 0.6293
0.66081 0.71468 0.75106 0.77418 0.78727 0.79234 0.7908 0.78331 0.76965 0.74918 0.7203 0.67916 0.62116 0.54306 0.44791 0.34833 0.25876 0.18791 0.13958 0.11409 0.11065 0.12855 0.16739 0.22685 0.3055 0.39853 0.49664 0.58727
0.56034 0.57811 0.5902 0.5991 0.60421 0.60541 0.60357 0.59922 0.59208 0.58275 0.57283 0.56367 0.54275 0.49096 0.40521 0.30616 0.22077 0.16095 0.12401 0.10745 0.10905 0.12766 0.16339 0.21689 0.28903 0.37619 0.46141 0.52482
0.4605 0.44646 0.4404 0.44442 0.44936 0.45151 0.45041 0.4463 0.44005 0.43618 0.44725 0.47222 0.48329 0.44788 0.36237 0.25834 0.17449 0.12646 0.10485 0.098431 0.10307 0.11773 0.1443 0.18917 0.26025 0.34776 0.42306 0.46057
0.36365 0.33918 0.3316 0.34047 0.35176 0.35777 0.35673 0.34892 0.33704 0.33297 0.35228 0.3882 0.40659 0.37436 0.29304 0.19934 0.13226 0.10349 0.098881 0.10165 0.10605 0.11201 0.12501 0.15951 0.22384 0.303 0.36371 0.3817
0.29015 0.28219 0.29097 0.31158 0.33031 0.33956 0.33733 0.32398 0.30342 0.28857 0.29189 0.30703 0.30794 0.27331 0.21034 0.14975 0.11735 0.11449 0.12477 0.13279 0.13322 0.12756 0.12505 0.14172 0.18537 0.24287 0.28684 0.29977
0.28541 0.30516 0.33395 0.36433 0.38689 0.39708 0.39344 0.37599 0.34764 0.31669 0.29248 0.27441 0.25151 0.21706 0.18015 0.15828 0.1596 0.17615 0.19333 0.20063 0.19447 0.17812 0.16146 0.15846 0.17772 0.21314 0.24781 0.27039
0.37296 0.41161 0.45016 0.48241 0.50408 0.51334 0.50952 0.49193 0.46153 0.42187 0.37996 0.3403 0.30329 0.27144 0.25228 0.25183 0.26677 0.28615 0.29973 0.30103 0.28818 0.26571 0.24238 0.22957 0.23656 0.26296 0.29918 0.33626
0.52264 0.56588 0.60323 0.63167 0.64981 0.65782 0.65595 0.64261 0.61733 0.58115 0.53852 0.49498 0.45506 0.42391 0.407 0.40547 0.41333 0.42184 0.42468 0.41745 0.40007 0.37722 0.35645 0.34699 0.357 0.38709 0.42984 0.47658
0.67738 0.71806 0.75064 0.77434 0.78911 0.7971 0.79914 0.79283 0.77625 0.74967 0.71489 0.676 0.63779 0.60516 0.58213 0.56903 0.56161 0.55466 0.54406 0.52855 0.50936 0.48987 0.47635 0.47626 0.49513 0.532 0.57979 0.63021
0.79476 0.83224 0.86064 0.88052 0.89388 0.90354 0.91023 0.91143 0.90394 0.88639 0.85942 0.82596 0.79067 0.75762 0.72914 0.70523 0.68362 0.66139 0.63825 0.61613 0.59666 0.58148 0.5748 0.58238 0.60727 0.64759 0.6973 0.74862
0.8548 0.88952 0.91494 0.9335 0.94791 0.96014 0.9705 0.97721 0.97708 0.96715 0.94706 0.91992 0.88983 0.8591 0.82819 0.79659 0.76352 0.72947 0.69725 0.67017 0.64987 0.63724 0.63472 0.64568 0.67178 0.7115 0.76016 0.8104
0.85193 0.88544 0.91125 0.93157 0.94843 0.96288 0.97484 0.98331 0.98643 0.98225 0.97048 0.95296 0.93127 0.90528 0.87438 0.83886 0.79981 0.75958 0.72198 0.6906 0.66744 0.65361 0.65076 0.6607 0.68411 0.71978 0.764 0.81029
0.79852 0.83285 0.86107 0.8837 0.90237 0.91806 0.93018 0.9378 0.94101 0.94069 0.9377 0.93183 0.92108 0.90302 0.87683 0.84328 0.80388 0.76147 0.72047 0.68504 0.65752 0.63916 0.6316 0.63636 0.6537 0.68226 0.71904 0.75944
0.72032 0.75359 0.78167 0.80404 0.82259 0.83851 0.85064 0.85791 0.86197 0.86607 0.87197 0.87797 0.87967 0.87287 0.85562 0.82774 0.79037 0.74712 0.70381 0.66539 0.63402 0.61071 0.59718 0.59504 0.60436 0.62384 0.65162 0.68499
0.64236 0.66921 0.69222 0.71106 0.72758 0.74261 0.75482 0.76368 0.77166 0.78245 0.79775 0.81538 0.8299 0.83541 0.82807 0.80645 0.77179 0.72901 0.68521 0.64584 0.61283 0.58692 0.5695 0.56159 0.56294 0.57275 0.59053 0.6148
0.58491 0.60003 0.61362 0.62612 0.63883 0.65175 0.66393 0.67584 0.68994 0.70892 0.73372 0.76202 0.78793 0.80423 0.80563 0.79018 0.75961 0.71963 0.67796 0.6403 0.60877 0.58388 0.56603 0.55488 0.54967 0.55039 0.55744 0.5698
0.56364 0.56379 0.5649 0.56848 0.57542 0.58519 0.5973 0.61273 0.63318 0.65975 0.69248 0.72905 0.7635 0.78805 0.7969 0.78805 0.7635 0.72905 0.69248 0.65975 0.63318 0.61273 0.5973 0.58519 0.57542 0.56848 0.5649 0.56379
0.58491 0.5698 0.55744 0.55039 0.54967 0.55488 0.56603 0.58388 0.60877 0.6403 0.67796 0.71963 0.75961 0.79018 0.80563 0.80423 0.78793 0.76202 0.73372 0.70892 0.68994 0.67584 0.66393 0.65175 0.63883 0.62612 0.61362 0.60003
0.64236 0.6148 0.59053 0.57275 0.56294 0.56159 0.5695 0.58692 0.61283 0.64584 0.68521 0.72901 0.77179 0.80645 0.82807 0.83541 0.8299 0.81538 0.79775 0.78245 0.77166 0.76368 0.75482 0.74261 0.72758 0.71106 0.69222 0.66921
0.72032 0.68499 0.65162 0.62384 0.60436 0.59504 0.59718 0.61071 0.63402 0.66539 0.70381 0.74712 0.79037 0.82774 0.85562 0.87287 0.87967 0.87797 0.87197 0.86607 0.86197 0.85791 0.85064 0.83851 0.82259 0.80404 0.78167 0.75359
0.79852 0.75944 0.71904 0.68226 0.6537 0.63636 0.6316 0.63916 0.65752 0.68504 0.72047 0.76147 0.80388 0.84328 0.87683 0.90302 0.92108 0.93183 0.9377 0.94069 0.94101 0.9378 0.93018 0.91806 0.90237 0.8837 0.86107 0.83285
0.85193 0.81029 0.764 0.71978 0.68411 0.6607 0.65076 0.65361 0.66744 0.6906 0.72198 0.75958 0.79981 0.83886 0.87438 0.90528 0.93127 0.95296 0.97048 0.98225 0.98643 0.98331 0.97484 0.96288 0.94843 0.93157 0.91125 0.88544
0.8548 0.8104 0.76016 0.7115 0.67178 0.64568 0.63472 0.63724 0.64987 0.67017 0.69725 0.72947 0.76352 0.79659 0.82819 0.8591 0.88983 0.91992 0.94706 0.96715 0.97708 0.97721 0.9705 0.96014 0.94791 0.9335 0.91494 0.88952
0.79476 0.74862 0.6973 0.64759 0.60727 0.58238 0.5748 0.58148 0.59666 0.61613 0.63825 0.66139 0.68362 0.70523 0.72914 0.75762 0.79067 0.82596 0.85942 0.88639 0.90394 0.91143 0.91023 0.90354 0.89388 0.88052 0.86064 0.83224
0.67738 0.63021 0.57979 0.532 0.49513 0.47626 0.47635 0.48987 0.50936 0.52855 0.54406 0.55466 0.56161 0.56903 0.58213 0.60516 0.63779 0.676 0.71489 0.74967 0.77625 0.79283 0.79914 0.7971 0.78911 0.77434 0.75064 0.71806
0.52264 0.47658 0.42984 0.38709 0.357 0.34699 0.35645 0.37722 0.40007 0.41745 0.42468 0.42184 0.41333 0.40547 0.407 0.42391 0.45506 0.49498 0.53852 0.58115 0.61733 0.64261 0.65595 0.65782 0.64981 0.63167 0.60323 0.56588
0.37296 0.33626 0.29918 0.26296 0.23656 0.22957 0.24238 0.26571 0.28818 0.30103 0.29973 0.28615 0.26677 0.25183 0.25228 0.27144 0.30329 0.3403 0.37996 0.42187 0.46153 0.49193 0.50952 0.51334 0.50408 0.48241 0.45016 0.41161
0.28541 0.27039 0.24781 0.21314 0.17772 0.15846 0.16146 0.17812 0.19447 0.20063 0.19333 0.17615 0.1596 0.15828 0.18015 0.21706 0.25151 0.27441 0.29248 0.31669 0.34764 0.37599 0.39344 0.39708 0.38689 0.36433 0.33395 0.30516
0.29015 0.29977 0.28684 0.24287 0.18537 0.14172 0.12505 0.12756 0.13322 0.13279 0.12477 0.11449 0.11735 0.14975 0.21034 0.27331 0.30794 0.30703 0.29189 0.28857 0.30342 0.32398 0.33733 0.33956 0.33031 0.31158 0.29097 0.28219
0.36365 0.3817 0.36371 0.303 0.22384 0.15951 0.12501 0.11201 0.10605 0.10165 0.098881 0.10349 0.13226 0.19934 0.29304 0.37436 0.40659 0.3882 0.35228 0.33297 0.33704 0.34892 0.35673 0.35777 0.35176 0.34047 0.3316 0.33918
0.4605 0.46057 0.42306 0.34776 0.26025 0.18917 0.1443 0.11773 0.10307 0.098431 0.10485 0.12646 0.17449 0.25834 0.36237 0.44788 0.48329 0.47222 0.44725 0.43618 0.44005 0.4463 0.45041 0.45151 0.44936 0.44442 0.4404 0.44646
0.56034 0.52482 0.46141 0.37619 0.28903 0.21689 0.16339 0.12766 0.10905 0.10745 0.12401 0.16095 0.22077 0.30616 0.40521 0.49096 0.54275 0.56367 0.57283 0.58275 0.59208 0.59922 0.60357 0.60541 0.60421 0.5991 0.5902 0.57811
0.66081 0.58727 0.49664 0.39853 0.3055 0.22685 0.16739 0.12855 0.11065 0.11409 0.13958 0.18791 0.25876 0.34833 0.44791 0.54306 0.62116 0.67916 0.7203 0.74918 0.76965 0.78331 0.7908 0.79234 0.78727 0.77418 0.75106 0.71468
0.73864 0.6293 0.5107 0.39504 0.29302 0.21127 0.1524 0.11653 0.10307 0.11184 0.14334 0.19827 0.2764 0.37478 0.48641 0.60076 0.70648 0.79529 0.86416 0.91457 0.94954 0.97162 0.98236 0.98203 0.96944 0.94209 0.8965 0.82907
0.76963 0.62481 0.48063 0.35258 0.24982 0.1747 0.12535 0.098581 0.091793 0.10404 0.13617 0.19027 0.26858 0.37165 0.49598 0.63216 0.76642 0.88594 0.98363 1.0576 1.1083 1.1383 1.151 1.1474 1.1244 1.0771 1.0023 0.89885
0.75187 0.57283 0.40695 0.27642 0.18678 0.1318 0.102 0.089382 0.089445 0.10085 0.12517 0.16735 0.2353 0.33684 0.47365 0.63393 0.79548 0.94043 1.0622 1.1567 1.2213 1.2579 1.2712 1.2623 1.2258 1.1567 1.0531 0.91692
0.70844 0.4897 0.30409 0.18442 0.12611 0.10586 0.10399 0.10829 0.1128 0.11619 0.12168 0.13885 0.18467 0.2806 0.43553 0.62784 0.81525 0.96957 1.0926 1.1932 1.2657 1.3071 1.3191 1.3019 1.2528 1.1712 1.0602 0.90826
0.62721 0.37385 0.18933 0.1068 0.10036 0.12598 0.15533 0.17517 0.17882 0.16569 0.14192 0.1219 0.13405 0.21672 0.38709 0.611 0.82004 0.96957 1.0703 1.1545 1.2268 1.2705 1.2786 1.2518 1.1978 1.1309 1.0346 0.86819
0.47515 0.24024 0.11337 0.1022 0.15519 0.22079 0.27402 0.30256 0.2989 0.26423 0.20906 0.15026 0.12018 0.16766 0.32048 0.54366 0.755 0.89459 0.9727 1.0372 1.1042 1.1467 1.1477 1.1121 1.0658 1.0185 0.92431 0.73482
0.29758 0.17407 0.16538 0.23509 0.32384 0.40193 0.46174 0.48933 0.47406 0.42121 0.34825 0.26628 0.19355 0.17482 0.2518 0.41217 0.58817 0.71527 0.7894 0.85051 0.91406 0.95098 0.94234 0.89938 0.85362 0.79843 0.68524 0.49792
0.29758 0.17407 0.16538 0.23509 0.32384 0.40193 0.46174 0.48933 0.47406 0.42121 0.34825 0.26628 0.19355 0.17482 0.2518 0.41217 0.58817 0.71527 0.7894 0.85051 0.91406 0.95098 0.94234 0.89938 0.85362 0.79843 0.68524 0.49792
0.21085 0.26151 0.37878 0.49543 0.57908 0.64338 0.69634 0.71586 0.68863 0.62697 0.55539 0.47165 0.3649 0.26165 0.21765 0.26165 0.3649 0.47165 0.55539 0.62697 0.68863 0.71586 0.69634 0.64338 0.57908 0.49543 0.37878 0.26151
0.28609 0.48219 0.66794 0.78349 0.84334 0.89278 0.93708 0.94611 0.90937 0.84462 0.78012 0.7024 0.57428 0.4005 0.24392 0.17021 0.1907 0.26423 0.34688 0.42025 0.47294 0.48795 0.46026 0.40008 0.3212 0.23163 0.16077 0.16685
0.45551 0.70716 0.8951 0.99455 1.0494 1.1004 1.1374 1.1369 1.0946 1.0257 0.95581 0.87197 0.73109 0.52457 0.30966 0.16429 0.12083 0.15186 0.21029 0.26481 0.29885 0.30223 0.27383 0.22099 0.1559 0.10272 0.11097 0.23058
0.60225 0.83531 1.0018 1.1043 1.1781 1.2353 1.2631 1.2556 1.2121 1.1383 1.0491 0.94298 0.7926 0.58949 0.37554 0.2142 0.13645 0.12536 0.14468 0.16755 0.18006 0.17624 0.15671 0.12805 0.10323 0.10891 0.18645 0.36087
0.68477 0.87913 1.0315 1.1462 1.231 1.2818 1.3 1.2884 1.247 1.1738 1.071 0.94532 0.79156 0.60957 0.42561 0.2782 0.18659 0.14211 0.12487 0.11897 0.11527 0.11073 0.10664 0.10879 0.12889 0.18524 0.29926 0.47561
0.73159 0.89264 1.0276 1.1317 1.2023 1.2404 1.2504 1.2373 1.2003 1.1349 1.04 0.91878 0.77605 0.61917 0.46495 0.33366 0.23588 0.16994 0.12859 0.10451 0.093148 0.093099 0.10563 0.13498 0.18852 0.27504 0.40022 0.55911
0.74866 0.87433 0.97629 1.0515 1.1005 1.1255 1.1302 1.1173 1.0862 1.0343 0.95991 0.86322 0.74645 0.61656 0.48564 0.36654 0.26782 0.19254 0.14017 0.10887 0.096929 0.10368 0.12994 0.1779 0.25025 0.34861 0.47099 0.60912
0.7148 0.80313 0.87051 0.9176 0.94726 0.96201 0.96337 0.95209 0.92834 0.89146 0.83972 0.77077 0.68372 0.5818 0.47289 0.36736 0.27456 0.20059 0.1482 0.11801 0.10971 0.12296 0.15772 0.21409 0.29157 0.38777 0.49697 0.6097
0.63484 0.68921 0.72783 0.7539 0.76983 0.77694 0.77613 0.76788 0.75225 0.72905 0.69723 0.65385 0.59507 0.51931 0.43024 0.3386 0.25604 0.19036 0.1452 0.12132 0.11834 0.13568 0.17263 0.22837 0.30124 0.38708 0.47792 0.56336
0.53143 0.55576 0.57378 0.58705 0.59538 0.59849 0.59718 0.5919 0.58237 0.56911 0.55307 0.53503 0.5068 0.45468 0.3772 0.29106 0.21706 0.16375 0.13023 0.11526 0.1171 0.13467 0.16773 0.21639 0.28024 0.35648 0.4325 0.49265
0.4307 0.43052 0.43541 0.44538 0.45358 0.45738 0.4566 0.45145 0.44241 0.43246 0.43069 0.43828 0.43537 0.39769 0.32332 0.23739 0.16949 0.13035 0.11187 0.10658 0.11111 0.12443 0.14796 0.18564 0.24388 0.31653 0.38207 0.42033
0.3447 0.33793 0.3432 0.35842 0.37218 0.37924 0.37838 0.36977 0.35518 0.34259 0.3451 0.35958 0.36129 0.32603 0.25632 0.18117 0.12986 0.10939 0.10698 0.11004 0.1141 0.11902 0.12882 0.15452 0.20454 0.26911 0.32308 0.34696
0.29565 0.30326 0.32217 0.34714 0.36703 0.37662 0.37463 0.3611 0.33836 0.31583 0.30438 0.30085 0.28701 0.2486 0.19311 0.14469 0.12179 0.12293 0.1334 0.14091 0.1412 0.13555 0.13102 0.1413 0.17489 0.22362 0.26665 0.28912
0.31707 0.34705 0.38153 0.41389 0.43662 0.44668 0.44331 0.42601 0.39631 0.3606 0.32687 0.29605 0.26183 0.22189 0.1855 0.16637 0.169 0.18473 0.20038 0.20695 0.20141 0.18656 0.17074 0.16661 0.18329 0.21775 0.25675 0.28952
0.4188 0.46388 0.50581 0.53941 0.5611 0.56998 0.56604 0.54806 0.51616 0.47328 0.42513 0.37639 0.32982 0.29045 0.26631 0.26215 0.27364 0.29011 0.30198 0.30307 0.29188 0.2723 0.25233 0.24276 0.25295 0.28371 0.32685 0.3731
0.56845 0.61759 0.6587 0.6892 0.70766 0.7151 0.71228 0.69727 0.66879 0.62795 0.57827 0.52543 0.47575 0.43629 0.41305 0.40672 0.41108 0.41756 0.41949 0.41298 0.39818 0.37891 0.3623 0.35753 0.37263 0.40868 0.45896 0.51437
0.71576 0.76337 0.80081 0.82703 0.84243 0.84961 0.84961 0.83992 0.81778 0.78333 0.73863 0.68873 0.6405 0.6005 0.57281 0.55705 0.54848 0.54117 0.53089 0.51704 0.50084 0.48493 0.47507 0.479 0.50238 0.54493 0.60035 0.65986
0.82345 0.86881 0.90247 0.9252 0.93933 0.94775 0.9511 0.94678 0.93135 0.90326 0.8642 0.81909 0.77464 0.73604 0.70529 0.68141 0.66087 0.64018 0.61892 0.59909 0.58225 0.5698 0.56569 0.57585 0.6041 0.64958 0.70695 0.76779
0.87229 0.91558 0.94712 0.96893 0.98389 0.99414 0.99968 0.99851 0.98789 0.96592 0.93365 0.89592 0.85849 0.82432 0.79333 0.76398 0.73439 0.70408 0.67511 0.65043 0.63168 0.61996 0.61799 0.62978 0.65799 0.70224 0.75829 0.818
0.85789 0.90104 0.93388 0.95748 0.97421 0.98568 0.99143 0.99004 0.9808 0.96388 0.94088 0.91497 0.8886 0.8618 0.83344 0.80271 0.76931 0.7343 0.70055 0.67127 0.64839 0.6333 0.62841 0.63686 0.66074 0.69986 0.75067 0.80602
0.79536 0.8397 0.87509 0.90056 0.91821 0.92987 0.93458 0.9312 0.92148 0.90906 0.89686 0.88575 0.87361 0.85764 0.83652 0.80957 0.77686 0.74006 0.70291 0.66916 0.64088 0.61955 0.60781 0.60887 0.62477 0.65516 0.69727 0.74606
0.71141 0.75433 0.78927 0.81402 0.83085 0.84174 0.84537 0.84106 0.83264 0.82629 0.82588 0.83025 0.83385 0.83158 0.82111 0.80082 0.77058 0.73308 0.69349 0.65624 0.62318 0.59562 0.57639 0.56903 0.57528 0.59462 0.62589 0.66647
0.63168 0.66786 0.69748 0.71839 0.73265 0.74178 0.74469 0.74179 0.7381 0.74031 0.75199 0.77087 0.7898 0.80184 0.80257 0.78939 0.76245 0.72569 0.6855 0.64668 0.61092 0.57948 0.55506 0.5408 0.53758 0.54531 0.5648 0.5951
0.5771 0.60141 0.6213 0.63545 0.64542 0.652 0.65475 0.65537 0.659 0.67118 0.6943 0.72551 0.75732 0.78142 0.79186 0.78564 0.76322 0.72938 0.69113 0.65341 0.61797 0.5861 0.55984 0.54107 0.53009 0.52753 0.53532 0.55318
0.56202 0.57114 0.57814 0.58302 0.58706 0.59061 0.59388 0.59923 0.61083 0.63226 0.66461 0.70482 0.74562 0.77844 0.79679 0.79735 0.7808 0.75225 0.71876 0.68522 0.65346 0.62448 0.59934 0.57849 0.56224 0.55183 0.549 0.55337
0.5894 0.58297 0.57636 0.57084 0.56767 0.5673 0.57066 0.58004 0.5979 0.62578 0.66383 0.70929 0.75553 0.79426 0.81891 0.82632 0.8173 0.79657 0.77049 0.7437 0.71807 0.69404 0.67151 0.65028 0.63098 0.61514 0.60369 0.59576
0.64963 0.63071 0.61262 0.59728 0.58613 0.58036 0.58178 0.59238 0.61302 0.64374 0.68414 0.73168 0.78031 0.82246 0.85237 0.86742 0.86797 0.85718 0.83999 0.82079 0.80176 0.78287 0.76314 0.74228 0.72154 0.70246 0.68504 0.66782
0.72598 0.69964 0.67331 0.64938 0.63012 0.61784 0.61499 0.62327 0.64283 0.67308 0.71306 0.76002 0.80862 0.85274 0.88788 0.91153 0.92264 0.9223 0.914 0.90174 0.88774 0.87213 0.85431 0.83444 0.81374 0.79326 0.77262 0.75048
0.79865 0.76889 0.73639 0.7048 0.67812 0.6596 0.65169 0.65573 0.67178 0.6991 0.73641 0.78102 0.8285 0.87399 0.91361 0.94439 0.96432 0.97344 0.97393 0.96809 0.9572 0.94231 0.92482 0.90596 0.88647 0.86665 0.84626 0.82416
0.84324 0.81074 0.77287 0.73493 0.7026 0.67992 0.66908 0.67067 0.68394 0.70782 0.74133 0.78241 0.82713 0.87099 0.91057 0.94357 0.96865 0.98572 0.99516 0.99643 0.98916 0.97523 0.95813 0.94049 0.9232 0.9061 0.8885 0.86854
0.83554 0.80006 0.75869 0.71703 0.68164 0.65771 0.64791 0.65149 0.66549 0.68762 0.71702 0.75203 0.78905 0.82479 0.85812 0.88886 0.91631 0.93935 0.95632 0.96504 0.96433 0.95555 0.94206 0.92728 0.91311 0.89912 0.88327 0.86291
0.76563 0.72817 0.68579 0.6434 0.60801 0.5864 0.58144 0.59067 0.60867 0.63086 0.65512 0.67974 0.70299 0.72539 0.74907 0.77526 0.80292 0.82936 0.85183 0.86788 0.87612 0.87683 0.87092 0.86119 0.85025 0.83744 0.81996 0.79616
0.63892 0.59969 0.55789 0.51755 0.48631 0.47188 0.47592 0.49302 0.51591 0.53802 0.55502 0.56571 0.57217 0.57819 0.58855 0.6069 0.63217 0.6606 0.68919 0.71532 0.73549 0.74743 0.75095 0.74719 0.73832 0.72385 0.70221 0.67365
0.47629 0.43744 0.39909 0.36403 0.34016 0.33536 0.34952 0.37445 0.40073 0.42053 0.42832 0.42448 0.41369 0.40221 0.39893 0.40938 0.43203 0.46227 0.49718 0.53405 0.56708 0.59035 0.60263 0.60392 0.59526 0.57696 0.54969 0.51483
0.32698 0.29879 0.27101 0.2421 0.22028 0.21645 0.23237 0.25894 0.28416 0.29852 0.29689 0.28148 0.25915 0.24094 0.23794 0.25218 0.27628 0.30351 0.33442 0.37108 0.40884 0.43893 0.45676 0.46078 0.45101 0.42879 0.39678 0.36029
0.25559 0.25328 0.24134 0.21118 0.17449 0.15202 0.15329 0.17038 0.18806 0.19474 0.18666 0.16807 0.15111 0.1519 0.17745 0.21542 0.24424 0.25526 0.26025 0.27521 0.30206 0.32973 0.34776 0.35181 0.34131 0.31844 0.28933 0.26551
0.28826 0.31454 0.31154 0.26645 0.19943 0.14476 0.12086 0.12082 0.12638 0.12582 0.11728 0.10756 0.11528 0.1584 0.23246 0.3037 0.33449 0.31812 0.28355 0.26499 0.27203 0.29049 0.3039 0.30638 0.29729 0.27944 0.26306 0.26443
0.38574 0.41993 0.40802 0.34039 0.24612 0.16682 0.12296 0.10646 0.099591 0.094895 0.092345 0.099506 0.13734 0.22117 0.33429 0.42766 0.45675 0.42118 0.36314 0.32635 0.32141 0.33061 0.33778 0.33898 0.33383 0.32479 0.32242 0.34318
0.49095 0.50164 0.46519 0.38042 0.27819 0.19424 0.1421 0.11276 0.096967 0.092224 0.099597 0.12429 0.1815 0.28153 0.40364 0.50006 0.53292 0.50764 0.46499 0.44064 0.43816 0.4419 0.44514 0.44652 0.44578 0.44376 0.44574 0.46292
0.58706 0.55515 0.4892 0.39565 0.29828 0.2183 0.16056 0.1226 0.10315 0.10173 0.11961 0.15944 0.22549 0.32184 0.43306 0.52627 0.5772 0.59061 0.59081 0.59453 0.60031 0.60531 0.60888 0.61114 0.61158 0.60933 0.60442 0.59822
0.68238 0.60755 0.51291 0.40879 0.30975 0.22633 0.16383 0.12348 0.10513 0.10895 0.13571 0.18662 0.26176 0.35735 0.46375 0.56381 0.64339 0.70024 0.73933 0.76571 0.78382 0.79577 0.80258 0.80473 0.8014 0.79074 0.77012 0.7356
0.75717 0.64469 0.52175 0.40122 0.29469 0.20962 0.1488 0.11207 0.098451 0.10758 0.14006 0.19697 0.27835 0.38106 0.49733 0.6157 0.72424 0.81441 0.8833 0.93268 0.96611 0.98683 0.99711 0.99761 0.98679 0.96131 0.91684 0.84926
0.7851 0.63648 0.48798 0.35585 0.24988 0.17271 0.12235 0.095199 0.08838 0.10085 0.13358 0.18895 0.26947 0.3757 0.50376 0.64369 0.78112 0.90273 1.0012 1.0749 1.1247 1.1538 1.1664 1.1638 1.1422 1.0961 1.0216 0.91698
0.76622 0.58262 0.41186 0.2776 0.18579 0.12983 0.099726 0.087066 0.087138 0.098577 0.12304 0.16577 0.2351 0.33925 0.4799 0.64439 0.80915 0.95558 1.0776 1.1718 1.2359 1.2722 1.2857 1.2774 1.2421 1.174 1.0708 0.93399
0.72377 0.49891 0.30736 0.18405 0.12447 0.10416 0.10247 0.10691 0.1114 0.1146 0.11982 0.13692 0.1836 0.28231 0.44207 0.63971 0.83053 0.98508 1.1063 1.2052 1.2772 1.3187 1.331 1.3143 1.2664 1.1869 1.0786 0.927
0.64058 0.38091 0.19101 0.10579 0.098924 0.12496 0.15468 0.17467 0.17824 0.16479 0.14055 0.12018 0.13292 0.21823 0.39339 0.62254 0.83465 0.98367 1.0814 1.1628 1.2344 1.2781 1.2865 1.2603 1.2081 1.1449 1.052 0.88569
0.48206 0.2437 0.1143 0.10207 0.15498 0.22074 0.2741 0.30269 0.29892 0.26405 0.20867 0.14976 0.12003 0.16893 0.32434 0.55037 0.76334 0.90245 0.97854 1.0412 1.1075 1.15 1.1512 1.1161 1.0715 1.0268 0.93447 0.74448
0.47515 0.24024 0.11337 0.1022 0.15519 0.22079 0.27402 0.30256 0.2989 0.26423 0.20906 0.15026 0.12018 0.16766 0.32048 0.54366 0.755 0.89459 0.9727 1.0372 1.1042 1.1467 1.1477 1.1121 1.0658 1.0185 0.92431 0.73482
0.28609 0.16685 0.16077 0.23163 0.3212 0.40008 0.46026 0.48795 0.47294 0.42025 0.34688 0.26423 0.1907 0.17021 0.24392 0.4005 0.57428 0.7024 0.78012 0.84462 0.90937 0.94611 0.93708 0.89278 0.84334 0.78349 0.66794 0.48219
0.19617 0.24637 0.36324 0.48149 0.56895 0.6369 0.69145 0.71139 0.68456 0.62218 0.54781 0.46091 0.35286 0.25 0.2064 0.25 0.35286 0.46091 0.54781 0.62218 0.68456 0.71139 0.69145 0.6369 0.56895 0.48149 0.36324 0.24637
0.26531 0.45325 0.63573 0.7555 0.82386 0.88002 0.92668 0.93643 0.90013 0.83329 0.76266 0.67839 0.54856 0.37919 0.22989 0.16228 0.18588 0.26073 0.34446 0.41846 0.47074 0.48522 0.45737 0.3966 0.31638 0.2255 0.15275 0.15412
0.42618 0.66521 0.8504 0.95755 1.0235 1.0816 1.1205 1.1209 1.0791 1.0075 0.92967 0.83733 0.69475 0.49592 0.29392 0.15998 0.1225 0.15477 0.21246 0.26587 0.29887 0.30178 0.27362 0.22146 0.15728 0.10407 0.1081 0.2167
0.56891 0.79087 0.95701 1.0676 1.1502 1.2115 1.2408 1.2341 1.1909 1.1153 1.0199 0.90676 0.7556 0.56084 0.36061 0.21154 0.14033 0.13055 0.14886 0.17047 0.18211 0.17803 0.15891 0.13121 0.10751 0.11231 0.18325 0.34398
0.65513 0.84229 0.99473 1.1136 1.2019 1.255 1.2743 1.2634 1.222 1.1479 1.0427 0.91437 0.76173 0.58685 0.41357 0.2757 0.18953 0.14678 0.1295 0.12309 0.119 0.1144 0.11058 0.11303 0.13286 0.18671 0.29362 0.45825
0.7066 0.86247 0.99572 1.1001 1.1724 1.2123 1.2237 1.2109 1.1733 1.1071 1.0119 0.89164 0.75195 0.60101 0.45442 0.33008 0.23707 0.17375 0.1335 0.10975 0.098473 0.098438 0.11086 0.13958 0.19125 0.27379 0.39225 0.54238
0.72286 0.84418 0.94447 1.0202 1.071 1.0983 1.1044 1.0914 1.0589 1.0056 0.93075 0.83522 0.7218 0.59739 0.47321 0.36076 0.26751 0.19602 0.14584 0.1156 0.10407 0.11079 0.1364 0.18261 0.2515 0.34438 0.45959 0.59
0.68642 0.77222 0.8396 0.88841 0.92061 0.93773 0.94023 0.92839 0.90284 0.86388 0.81065 0.74161 0.65672 0.55956 0.45744 0.35937 0.27325 0.20426 0.15498 0.12641 0.11872 0.13171 0.16508 0.21841 0.29076 0.37997 0.48124 0.58662
0.60543 0.66007 0.70107 0.73028 0.7492 0.75852 0.75853 0.7495 0.73182 0.70577 0.67085 0.6252 0.56633 0.49386 0.41182 0.32881 0.25408 0.19434 0.15293 0.13099 0.12861 0.14524 0.1799 0.23126 0.2975 0.37512 0.4577 0.53686
0.50203 0.53217 0.55561 0.57335 0.58504 0.59024 0.58952 0.58327 0.57126 0.55401 0.53239 0.5065 0.47197 0.42029 0.35137 0.27793 0.21492 0.16821 0.13859 0.12551 0.12765 0.14397 0.1739 0.21713 0.27269 0.33803 0.40456 0.46079
0.4038 0.41624 0.43103 0.44657 0.4582 0.46384 0.46342 0.45712 0.44518 0.42974 0.41663 0.40857 0.39304 0.35359 0.2898 0.22063 0.16728 0.13611 0.12086 0.1169 0.12131 0.13307 0.15322 0.18421 0.23054 0.28926 0.34542 0.38402
0.33071 0.34015 0.35714 0.37816 0.39462 0.4029 0.40225 0.39269 0.37537 0.3553 0.3428 0.33789 0.32448 0.28645 0.22711 0.16836 0.13075 0.11723 0.11666 0.12011 0.1238 0.12753 0.13448 0.15257 0.18993 0.24143 0.2893 0.31855
0.30538 0.32751 0.35602 0.38528 0.40669 0.41683 0.41505 0.40103 0.37597 0.34626 0.32127 0.30074 0.2735 0.23147 0.18219 0.14389 0.12862 0.13267 0.143 0.15005 0.15022 0.14458 0.13872 0.14391 0.1691 0.21037 0.25277 0.28399
0.35019 0.39035 0.431 0.466 0.48947 0.49963 0.49633 0.47862 0.44689 0.40594 0.3628 0.31994 0.27523 0.23 0.19342 0.17589 0.1789 0.1934 0.20752 0.21347 0.20861 0.19539 0.18086 0.17638 0.19136 0.22538 0.26846 0.3107
0.46391 0.51619 0.56259 0.5985 0.62083 0.62953 0.62512 0.60606 0.57161 0.52433 0.46911 0.41109 0.35522 0.30857 0.27941 0.27131 0.27928 0.29304 0.30334 0.30439 0.29497 0.27835 0.26183 0.25568 0.26918 0.30416 0.35385 0.40899
0.61324 0.6692 0.71508 0.7483 0.76761 0.77463 0.77052 0.7532 0.72056 0.67363 0.61571 0.55294 0.49341 0.4458 0.41642 0.40547 0.40663 0.41135 0.41258 0.407 0.39483 0.37919 0.36674 0.36662 0.38673 0.42859 0.4863 0.55054
0.75341 0.80881 0.8517 0.88089 0.8973 0.90378 0.90148 0.88772 0.85915 0.81546 0.75966 0.69808 0.63961 0.59219 0.55994 0.54178 0.53241 0.52504 0.5155 0.50349 0.49022 0.47785 0.47169 0.47962 0.50755 0.55588 0.61913 0.68811
0.85078 0.90485 0.9446 0.97072 0.98588 0.99311 0.9928 0.98203 0.95736 0.91761 0.86559 0.80828 0.75437 0.71002 0.67705 0.6534 0.63446 0.61601 0.5972 0.5798 0.56537 0.55531 0.55353 0.56616 0.5978 0.64864 0.714 0.78482
0.88712 0.94022 0.97905 1.0048 1.0205 1.0287 1.0289 1.0187 0.99613 0.96094 0.91587 0.86727 0.82225 0.78443 0.75345 0.72685 0.70157 0.67585 0.65065 0.62842 0.61085 0.59939 0.59733 0.60953 0.63981 0.68879 0.75252 0.82214
0.86077 0.9147 0.95573 0.98332 1.0001 1.0084 1.0073 0.99496 0.97211 0.94155 0.90702 0.87291 0.84185 0.81395 0.78825 0.76281 0.73573 0.70656 0.67704 0.64978 0.62669 0.60964 0.60204 0.60851 0.63274 0.67543 0.73305 0.79788
0.78911 0.84425 0.88777 0.91682 0.93374 0.9411 0.93762 0.92224 0.89876 0.87382 0.85295 0.83752 0.82448 0.81014 0.79345 0.77329 0.7476 0.71685 0.68376 0.65142 0.62182 0.59697 0.58063 0.57803 0.59268 0.62475 0.67194 0.72911
0.69928 0.75241 0.79503 0.82296 0.83843 0.84395 0.83829 0.82152 0.8 0.78316 0.77744 0.78161 0.78806 0.78987 0.78515 0.77238 0.74941 0.71795 0.68213 0.64562 0.61032 0.57821 0.55346 0.54176 0.54497 0.56337 0.59727 0.64458
0.61772 0.66364 0.70057 0.72428 0.73662 0.73963 0.7326 0.71725 0.70145 0.69512 0.70418 0.72581 0.75012 0.76827 0.77652 0.77166 0.75239 0.72173 0.68499 0.64625 0.60739 0.57043 0.53988 0.52049 0.51241 0.51673 0.53659 0.57215
0.56615 0.59982 0.62649 0.64287 0.65047 0.65072 0.64373 0.63269 0.62561 0.63105 0.65317 0.68835 0.72667 0.75866 0.77808 0.78079 0.76627 0.73839 0.70321 0.66499 0.62559 0.58709 0.55344 0.52826 0.5112 0.50398 0.51108 0.53359
0.55732 0.57529 0.58841 0.59504 0.59662 0.59421 0.58871 0.58394 0.5867 0.60321 0.6356 0.68003 0.72768 0.76894 0.79655 0.8061 0.79713 0.77402 0.74309 0.70841 0.67165 0.6348 0.60068 0.5719 0.54906 0.53421 0.53109 0.5403
0.59069 0.59255 0.59166 0.58797 0.58283 0.57735 0.57329 0.57444 0.58553 0.61013 0.649 0.6986 0.75122 0.79794 0.83141 0.84711 0.84477 0.82855 0.80413 0.77514 0.74326 0.71018 0.67792 0.64807 0.62228 0.60291 0.59197 0.58901
0.65368 0.64274 0.63053 0.61778 0.60571 0.59601 0.59152 0.59577 0.6116 0.64053 0.68235 0.73375 0.788 0.83725 0.87494 0.8971 0.90299 0.89523 0.87803 0.85498 0.82832 0.79955 0.76999 0.74109 0.71473 0.69287 0.67635 0.66411
0.72864 0.71037 0.69056 0.67035 0.65155 0.63679 0.62961 0.63329 0.64974 0.6794 0.7212 0.77172 0.82526 0.87556 0.91734 0.94669 0.96143 0.96195 0.95122 0.93294 0.90992 0.88399 0.85673 0.82975 0.80445 0.78195 0.76261 0.7455
0.79618 0.77454 0.74918 0.72246 0.6977 0.67842 0.66807 0.66941 0.68385 0.7114 0.75071 0.79869 0.85067 0.90149 0.94636 0.98103 1.0023 1.0097 1.005 0.99105 0.9702 0.94511 0.91892 0.89389 0.87075 0.84977 0.83124 0.81425
0.83258 0.80795 0.7777 0.74558 0.71651 0.69481 0.68369 0.68477 0.69806 0.72296 0.7586 0.80281 0.85131 0.89906 0.94186 0.97644 1.0004 1.013 1.0149 1.0066 0.98947 0.9664 0.94181 0.91896 0.89892 0.88159 0.8663 0.8511
0.81556 0.78801 0.75473 0.71958 0.6883 0.66658 0.65814 0.66307 0.67871 0.70277 0.7344 0.7718 0.81116 0.84891 0.88355 0.91398 0.93825 0.95459 0.96208 0.96045 0.95051 0.93428 0.91498 0.89616 0.88008 0.86642 0.85286 0.83668
0.73701 0.70734 0.67325 0.63776 0.60705 0.58856 0.58612 0.59776 0.61845 0.64327 0.66952 0.69531 0.71935 0.74237 0.76568 0.78963 0.81208 0.83007 0.8423 0.84863 0.84892 0.84382 0.83391 0.82148 0.80927 0.79681 0.78133 0.76153
0.60111 0.56891 0.53514 0.50205 0.47641 0.46635 0.47416 0.49468 0.52071 0.54553 0.56385 0.57451 0.58044 0.585 0.59272 0.60648 0.62444 0.6434 0.66247 0.68119 0.69637 0.70469 0.70602 0.7009 0.69115 0.67665 0.65654 0.63099
0.4303 0.39765 0.36728 0.33999 0.32259 0.32311 0.34191 0.37091 0.40044 0.42244 0.43063 0.42575 0.41256 0.39753 0.38957 0.39355 0.40759 0.42833 0.45539 0.4878 0.51917 0.5417 0.55355 0.55463 0.54528 0.5264 0.4993 0.46554
0.28206 0.26164 0.24305 0.22165 0.20454 0.20381 0.22267 0.25233 0.28012 0.2958 0.29377 0.27649 0.25126 0.23007 0.22398 0.23346 0.24971 0.2672 0.28989 0.32238 0.35955 0.39043 0.40907 0.41351 0.40315 0.37992 0.34709 0.31131
0.22829 0.23828 0.23698 0.21134 0.1732 0.14721 0.14639 0.1636 0.18238 0.1895 0.18066 0.16081 0.14381 0.14727 0.17707 0.2165 0.23972 0.23881 0.23101 0.23738 0.26088 0.28846 0.30736 0.31187 0.30095 0.27743 0.24894 0.22919
0.28902 0.33145 0.33815 0.29189 0.21533 0.14958 0.11826 0.11541 0.12075 0.12006 0.11106 0.10221 0.11514 0.16933 0.25707 0.33673 0.3638 0.33225 0.27872 0.24541 0.24496 0.26149 0.27509 0.27781 0.26873 0.25156 0.23906 0.24999
0.40842 0.45788 0.45177 0.37759 0.26895 0.17529 0.12233 0.10229 0.094642 0.089688 0.08732 0.097187 0.14401 0.24409 0.37585 0.48072 0.50682 0.45491 0.37581 0.32227 0.30859 0.31525 0.32198 0.32333 0.31883 0.31174 0.31554 0.34876
0.51917 0.53966 0.50438 0.41119 0.29565 0.19993 0.14106 0.10928 0.092573 0.087741 0.095881 0.12345 0.18926 0.30419 0.44276 0.54895 0.5793 0.54093 0.48197 0.44524 0.43674 0.4384 0.44097 0.44259 0.44297 0.44337 0.45089 0.47831
0.60957 0.58107 0.51331 0.41289 0.30686 0.22014 0.15889 0.11918 0.099072 0.097806 0.1167 0.15884 0.23036 0.33619 0.45779 0.55713 0.60696 0.61362 0.60584 0.60401 0.60683 0.61014 0.61308 0.61568 0.6174 0.61744 0.61588 0.61487
0.69862 0.62308 0.52564 0.41704 0.31339 0.22638 0.16161 0.12014 0.10147 0.10555 0.13325 0.18609 0.26446 0.36477 0.47642 0.58007 0.66049 0.71617 0.75358 0.77807 0.7944 0.80504 0.81134 0.81393 0.81193 0.8031 0.78435 0.7512
0.76983 0.65528 0.52952 0.40574 0.29615 0.20877 0.14662 0.1093 0.095559 0.10493 0.13809 0.19636 0.27999 0.38565 0.50501 0.62602 0.7364 0.82752 0.89649 0.94521 0.97758 0.99734 1.0073 1.0084 0.99881 0.97461 0.93086 0.86309
0.79457 0.64367 0.4926 0.35802 0.25009 0.17166 0.12067 0.093287 0.086446 0.099056 0.13215 0.18829 0.27017 0.37831 0.5086 0.65076 0.7901 0.91303 1.0121 1.0856 1.1348 1.1634 1.176 1.1739 1.1532 1.1079 1.0335 0.92811
0.77365 0.58772 0.41445 0.27827 0.18536 0.1289 0.098645 0.085961 0.086039 0.097492 0.12202 0.16503 0.23506 0.34054 0.48317 0.64982 0.81622 0.96339 1.0855 1.1795 1.2433 1.2795 1.2931 1.2852 1.2504 1.1829 1.0799 0.94282
0.72907 0.50212 0.30852 0.18395 0.12394 0.1036 0.10198 0.10647 0.11095 0.11409 0.11921 0.13629 0.18326 0.28294 0.44436 0.64383 0.83581 0.99043 1.111 1.2093 1.2811 1.3226 1.335 1.3185 1.271 1.1923 1.0849 0.93347
0.64058 0.38091 0.19101 0.10579 0.098924 0.12496 0.15468 0.17467 0.17824 0.16479 0.14055 0.12018 0.13292 0.21823 0.39339 0.62254 0.83465 0.98367 1.0814 1.1628 1.2344 1.2781 1.2865 1.2603 1.2081 1.1449 1.052 0.88569
0.62721 0.37385 0.18933 0.1068 0.10036 0.12598 0.15533 0.17517 0.17882 0.16569 0.14192 0.1219 0.13405 0.21672 0.38709 0.611 0.82004 0.96957 1.0703 1.1545 1.2268 1.2705 1.2786 1.2518 1.1978 1.1309 1.0346 0.86819
0.45551 0.23058 0.11097 0.10272 0.1559 0.22099 0.27383 0.30223 0.29885 0.26481 0.21029 0.15186 0.12083 0.16429 0.30966 0.52457 0.73109 0.87197 0.95581 1.0257 1.0946 1.1369 1.1374 1.1004 1.0494 0.99455 0.8951 0.70716
0.26531 0.15412 0.15275 0.2255 0.31638 0.3966 0.45737 0.48522 0.47074 0.41846 0.34446 0.26073 0.18588 0.16228 0.22989 0.37919 0.54856 0.67839 0.76266 0.83329 0.90013 0.93643 0.92668 0.88002 0.82386 0.7555 0.63573 0.45325
0.17522 0.22451 0.34029 0.46053 0.55344 0.62667 0.68341 0.70397 0.67783 0.61462 0.53631 0.44493 0.33525 0.23336 0.19055 0.23336 0.33525 0.44493 0.53631 0.61462 0.67783 0.70397 0.68341 0.62667 0.55344 0.46053 0.34029 0.22451
0.2391 0.41552 0.59294 0.71779 0.79712 0.86188 0.91143 0.92215 0.88659 0.81738 0.73898 0.64633 0.51471 0.35181 0.21269 0.15323 0.18062 0.25677 0.34154 0.41604 0.46753 0.48119 0.45318 0.39185 0.3102 0.21805 0.14336 0.13881
0.39144 0.61423 0.79535 0.91138 0.9905 1.0566 1.0978 1.0992 1.0581 0.98383 0.89686 0.79463 0.65051 0.46176 0.27612 0.1563 0.12587 0.15926 0.21572 0.26753 0.29907 0.30134 0.27351 0.22234 0.15955 0.10675 0.10607 0.20133
0.53108 0.73961 0.90468 1.0239 1.1157 1.1814 1.2124 1.2066 1.1639 1.0867 0.98488 0.86449 0.71305 0.52849 0.3445 0.20969 0.14589 0.13745 0.15449 0.17457 0.1851 0.1807 0.16207 0.13548 0.11315 0.11713 0.18068 0.32557
0.62217 0.80075 0.95247 1.075 1.1666 1.222 1.2428 1.2326 1.1913 1.1164 1.0094 0.87897 0.72827 0.56179 0.40073 0.27363 0.1936 0.15288 0.13565 0.1287 0.12417 0.11949 0.11593 0.11868 0.13807 0.18902 0.28795 0.43933
0.67819 0.82779 0.95845 1.0628 1.1367 1.1787 1.1915 1.1791 1.1409 1.0739 0.97868 0.86004 0.72427 0.5804 0.44271 0.32645 0.23907 0.17892 0.14009 0.11682 0.10566 0.10563 0.11787 0.14578 0.19517 0.27297 0.38362 0.52361
0.69307 0.80932 0.90762 0.98369 1.0364 1.066 1.0736 1.0604 1.0267 0.97199 0.8968 0.8027 0.69319 0.57529 0.45918 0.35468 0.26793 0.20096 0.15346 0.12456 0.11355 0.12021 0.14502 0.18909 0.25385 0.34024 0.44696 0.56815
0.65439 0.73719 0.80443 0.85492 0.88963 0.90912 0.91281 0.90044 0.87315 0.8322 0.77756 0.70859 0.62633 0.53486 0.44072 0.35125 0.2728 0.20959 0.16402 0.13745 0.13052 0.14319 0.17488 0.22455 0.29093 0.37207 0.46415 0.56089
0.57353 0.6281 0.67131 0.70351 0.72534 0.73687 0.73775 0.72801 0.70838 0.67963 0.64181 0.59413 0.53581 0.46761 0.39328 0.31944 0.25329 0.20021 0.16316 0.14357 0.14191 0.1577 0.18961 0.23588 0.29466 0.36321 0.43665 0.50862
0.47324 0.50789 0.53605 0.55805 0.57305 0.58039 0.58033 0.57312 0.5587 0.53769 0.51119 0.47915 0.43994 0.3896 0.32907 0.26742 0.21453 0.17467 0.14946 0.13861 0.14113 0.15597 0.18225 0.21944 0.26668 0.32163 0.37886 0.43065
0.38109 0.40415 0.42719 0.44784 0.46292 0.47051 0.47051 0.46301 0.4482 0.42792 0.40565 0.3846 0.35861 0.31804 0.26368 0.20904 0.1681 0.14379 0.13205 0.12965 0.13395 0.1439 0.16027 0.18501 0.2209 0.26734 0.31502 0.35351
0.32259 0.34598 0.37302 0.39923 0.41855 0.42824 0.42781 0.41718 0.39704 0.37076 0.34568 0.32433 0.29801 0.25758 0.20685 0.16156 0.13495 0.12681 0.12796 0.13193 0.13524 0.13761 0.14187 0.15378 0.18074 0.22136 0.26414 0.298
0.31947 0.35454 0.39177 0.42521 0.44853 0.45949 0.45783 0.44298 0.41536 0.37919 0.34229 0.30698 0.26808 0.22261 0.17793 0.14726 0.13749 0.14329 0.15338 0.16011 0.16016 0.15446 0.14787 0.14947 0.16829 0.20382 0.24603 0.28499
0.38449 0.43442 0.48144 0.51965 0.54449 0.55503 0.55152 0.53276 0.49837 0.45192 0.39971 0.34575 0.29148 0.24109 0.20348 0.1863 0.18877 0.20173 0.21445 0.21996 0.21584 0.20424 0.19142 0.18746 0.2018 0.23605 0.28309 0.33395
0.50804 0.56795 0.61956 0.65856 0.6822 0.69097 0.68571 0.66486 0.62703 0.57435 0.51142 0.444 0.37903 0.32527 0.29098 0.27878 0.28327 0.29455 0.30354 0.30479 0.29717 0.28351 0.27051 0.268 0.28504 0.32426 0.38024 0.44395
0.6567 0.72014 0.77146 0.80792 0.82859 0.8354 0.8297 0.80941 0.77185 0.71759 0.65034 0.57703 0.50751 0.45186 0.4165 0.40123 0.39964 0.40292 0.40384 0.39941 0.38984 0.37778 0.36945 0.37395 0.39905 0.4467 0.51181 0.585
0.78965 0.85354 0.90239 0.93505 0.95284 0.95879 0.95392 0.93534 0.89934 0.84538 0.77742 0.70355 0.63457 0.57967 0.54296 0.52279 0.513 0.50614 0.4979 0.48795 0.47744 0.46837 0.4658 0.47762 0.5101 0.56437 0.63565 0.7144
0.87579 0.93942 0.98619 1.0164 1.0329 1.0389 1.0346 1.0164 0.98114 0.92873 0.86324 0.79339 0.72966 0.67932 0.64404 0.62088 0.60424 0.5889 0.57316 0.55834 0.546 0.5378 0.53787 0.55275 0.58779 0.64421 0.71784 0.799
0.89885 0.96278 1.01 1.0404 1.0572 1.0632 1.0576 1.0374 1.0016 0.95229 0.89406 0.83459 0.78175 0.7398 0.70877 0.68541 0.6652 0.64483 0.62392 0.60418 0.58736 0.57547 0.57262 0.5848 0.6171 0.67106 0.74275 0.82258
0.86064 0.92606 0.97617 1.0085 1.0257 1.0307 1.022 0.99777 0.96058 0.9161 0.87058 0.82893 0.79343 0.76389 0.73981 0.71969 0.69931 0.67648 0.65149 0.62614 0.60237 0.58277 0.57195 0.5763 0.60114 0.64758 0.71205 0.78638
0.78005 0.84631 0.89865 0.93209 0.9487 0.95142 0.93897 0.91087 0.87325 0.8362 0.80775 0.78941 0.77652 0.76353 0.74947 0.73498 0.71638 0.69195 0.66306 0.63184 0.60043 0.57171 0.55103 0.54567 0.55924 0.59258 0.64431 0.70948
0.68429 0.74781 0.79874 0.83069 0.8452 0.84502 0.82929 0.79944 0.76457 0.73777 0.72808 0.73408 0.74507 0.75087 0.74973 0.743 0.72717 0.70189 0.66979 0.63361 0.59567 0.559 0.53041 0.51563 0.51546 0.53161 0.56687 0.62014
0.60094 0.6567 0.70144 0.72865 0.73944 0.7361 0.7186 0.6904 0.6623 0.64788 0.65568 0.68216 0.71351 0.73752 0.75119 0.75375 0.74185 0.71723 0.68372 0.64467 0.60255 0.56068 0.52653 0.50333 0.48966 0.48859 0.50701 0.5468
0.55256 0.59546 0.62919 0.64831 0.65388 0.64781 0.63094 0.60817 0.5904 0.58945 0.61164 0.65231 0.69812 0.73743 0.76489 0.77591 0.76883 0.74661 0.71414 0.67512 0.63193 0.5877 0.54929 0.51913 0.49523 0.48137 0.48594 0.51192
0.55003 0.57642 0.59568 0.60438 0.60387 0.5958 0.58175 0.56712 0.56133 0.57318 0.60612 0.65546 0.71034 0.76005 0.79646 0.81426 0.81227 0.79411 0.76529 0.72927 0.68795 0.64419 0.60293 0.56757 0.53777 0.51708 0.51227 0.52528
0.58923 0.59872 0.60332 0.60159 0.59487 0.58478 0.57383 0.56727 0.57206 0.59377 0.63382 0.68786 0.74698 0.80143 0.84306 0.86627 0.86987 0.85756 0.83433 0.80311 0.76563 0.72466 0.68371 0.64591 0.61363 0.59012 0.57906 0.58036
0.65497 0.65113 0.64432 0.63408 0.62141 0.60837 0.59866 0.59727 0.60889 0.63646 0.67996 0.73527 0.79496 0.8508 0.89554 0.92396 0.9344 0.92905 0.91156 0.88489 0.85146 0.81406 0.77576 0.73935 0.70743 0.68265 0.66668 0.65866
0.72887 0.71755 0.7035 0.68673 0.66855 0.65188 0.64114 0.64103 0.655 0.68446 0.72822 0.78218 0.84028 0.8961 0.94368 0.97787 0.99551 0.99648 0.98336 0.95966 0.92874 0.89384 0.85824 0.82466 0.79492 0.77041 0.75212 0.73927
0.79182 0.77697 0.75783 0.73551 0.71268 0.69308 0.68105 0.6805 0.69395 0.72201 0.76331 0.81444 0.87043 0.92575 0.97492 1.0126 1.0348 1.0403 1.0309 1.0098 0.98042 0.94667 0.91287 0.88211 0.85548 0.83345 0.81655 0.8038
0.82089 0.80291 0.77934 0.7525 0.7265 0.706 0.69512 0.69627 0.71 0.73604 0.77372 0.82076 0.87247 0.92328 0.96846 1.0041 1.0268 1.0353 1.0302 1.0136 0.98806 0.95741 0.92638 0.89871 0.87605 0.85853 0.84526 0.83394
0.79597 0.77532 0.74929 0.72008 0.6926 0.67304 0.66602 0.67237 0.68968 0.71563 0.74933 0.78883 0.83008 0.8694 0.90503 0.935 0.95623 0.96634 0.96522 0.95446 0.93656 0.91411 0.88985 0.86736 0.84947 0.83607 0.82445 0.81176
0.70978 0.687 0.66048 0.63137 0.60504 0.58943 0.58929 0.60309 0.62616 0.6534 0.68144 0.70824 0.73301 0.75657 0.77952 0.80141 0.81894 0.82897 0.83184 0.82965 0.82328 0.81322 0.79995 0.7852 0.77181 0.7595 0.74564 0.7292
0.56494 0.53871 0.51227 0.4861 0.46597 0.46014 0.47149 0.49516 0.524 0.55124 0.57067 0.58131 0.58669 0.58991 0.59524 0.60462 0.61548 0.62543 0.63588 0.6484 0.65989 0.66568 0.66538 0.6593 0.64875 0.63393 0.6147 0.59111
0.38621 0.3586 0.33559 0.31596 0.30508 0.31085 0.33412 0.36699 0.39953 0.42342 0.43188 0.42593 0.41037 0.39204 0.37972 0.37744 0.38304 0.39471 0.41481 0.444 0.47503 0.49798 0.51001 0.51119 0.50119 0.4814 0.45351 0.41953
0.24011 0.22645 0.21655 0.2025 0.19 0.19219 0.21374 0.24623 0.27635 0.29315 0.29068 0.27156 0.24364 0.21987 0.21114 0.2162 0.22488 0.23303 0.2483 0.27772 0.3154 0.34791 0.36776 0.37275 0.36178 0.33722 0.30279 0.26656
0.20446 0.22566 0.23433 0.21295 0.17331 0.14381 0.14082 0.15796 0.17762 0.18509 0.17556 0.15464 0.13786 0.14421 0.17842 0.21948 0.23747 0.22533 0.20576 0.2046 0.22556 0.25347 0.27335 0.27831 0.26692 0.24256 0.21415 0.19755
0.29129 0.34816 0.36359 0.31622 0.23096 0.15506 0.11689 0.11133 0.11638 0.11558 0.10621 0.098338 0.11627 0.18076 0.28113 0.36857 0.39232 0.34706 0.27649 0.23003 0.22297 0.23782 0.25166 0.25457 0.24543 0.22875 0.21955 0.23884
0.4288 0.49132 0.49019 0.41045 0.28949 0.18348 0.12259 0.09941 0.091096 0.085935 0.083729 0.096097 0.15085 0.26504 0.41288 0.52764 0.55116 0.48524 0.38805 0.32007 0.2988 0.30327 0.3097 0.31118 0.30714 0.30166 0.3107 0.35457
0.54212 0.57053 0.53632 0.43651 0.31034 0.20513 0.14078 0.10705 0.08966 0.084758 0.093465 0.12343 0.19629 0.32327 0.47505 0.58899 0.61722 0.56825 0.49609 0.44926 0.43579 0.43586 0.43798 0.43978 0.44097 0.4432 0.4552 0.49091
0.62591 0.60005 0.53116 0.42586 0.31352 0.22184 0.15802 0.11711 0.096548 0.095381 0.11498 0.15876 0.23436 0.34721 0.47638 0.58007 0.62893 0.63047 0.61672 0.61069 0.61139 0.61352 0.61605 0.61887 0.62146 0.6231 0.62396 0.62681
0.70873 0.63285 0.53377 0.42241 0.31586 0.22661 0.16042 0.11827 0.099394 0.10364 0.13192 0.18595 0.26635 0.36968 0.48465 0.59048 0.67129 0.72611 0.76241 0.78575 0.80097 0.81081 0.81678 0.81964 0.81846 0.81077 0.79315 0.76083
0.77625 0.66067 0.53354 0.40814 0.29699 0.20844 0.1456 0.10797 0.094174 0.10366 0.13717 0.19614 0.28091 0.38808 0.50898 0.63128 0.74258 0.83419 0.90322 0.95163 0.98346 1.0027 1.0125 1.0139 1.005 0.98143 0.93802 0.87012
0.79776 0.64609 0.49418 0.35878 0.25019 0.17134 0.12013 0.09267 0.085822 0.098478 0.13169 0.18809 0.27043 0.37922 0.51024 0.65314 0.79312 0.9165 1.0157 1.0892 1.1382 1.1667 1.1792 1.1773 1.1569 1.1119 1.0375 0.93186
0.77365 0.58772 0.41445 0.27827 0.18536 0.1289 0.098645 0.085961 0.086039 0.097492 0.12202 0.16503 0.23506 0.34054 0.48317 0.64982 0.81622 0.96339 1.0855 1.1795 1.2433 1.2795 1.2931 1.2852 1.2504 1.1829 1.0799 0.94282
0.72377 0.49891 0.30736 0.18405 0.12447 0.10416 0.10247 0.10691 0.1114 0.1146 0.11982 0.13692 0.1836 0.28231 0.44207 0.63971 0.83053 0.98508 1.1063 1.2052 1.2772 1.3187 1.331 1.3143 1.2664 1.1869 1.0786 0.927
0.70844 0.4897 0.30409 0.18442 0.12611 0.10586 0.10399 0.10829 0.1128 0.11619 0.12168 0.13885 0.18467 0.2806 0.43553 0.62784 0.81525 0.96957 1.0926 1.1932 1.2657 1.3071 1.3191 1.3019 1.2528 1.1712 1.0602 0.90826
0.60225 0.36087 0.18645 0.10891 0.10323 0.12805 0.15671 0.17624 0.18006 0.16755 0.14468 0.12536 0.13645 0.2142 0.37554 0.58949 0.7926 0.94298 1.0491 1.1383 1.2121 1.2556 1.2631 1.2353 1.1781 1.1043 1.0018 0.83531
0.42618 0.2167 0.1081 0.10407 0.15728 0.22146 0.27362 0.30178 0.29887 0.26587 0.21246 0.15477 0.1225 0.15998 0.29392 0.49592 0.69475 0.83733 0.92967 1.0075 1.0791 1.1209 1.1205 1.0816 1.0235 0.95755 0.8504 0.66521
0.2391 0.13881 0.14336 0.21805 0.3102 0.39185 0.45318 0.48119 0.46753 0.41604 0.34154 0.25677 0.18062 0.15323 0.21269 0.35181 0.51471 0.64633 0.73898 0.81738 0.88659 0.92215 0.91143 0.86188 0.79712 0.71779 0.59294 0.41552
0.15225 0.20004 0.31363 0.4354 0.53427 0.61339 0.67241 0.69367 0.66857 0.60486 0.52232 0.42609 0.31513 0.21511 0.17358 0.21511 0.31513 0.42609 0.52232 0.60486 0.66857 0.69367 0.67241 0.61339 0.53427 0.4354 0.31363 0.20004
0.21198 0.37432 0.54483 0.67452 0.76554 0.83936 0.89174 0.90357 0.86909 0.79796 0.71149 0.61008 0.47725 0.32267 0.19578 0.14555 0.17664 0.2535 0.33878 0.41325 0.4634 0.47599 0.44786 0.38629 0.30359 0.21084 0.13489 0.12426
0.35583 0.56003 0.73567 0.86028 0.95259 1.0265 1.0699 1.0725 1.0324 0.95602 0.86025 0.74828 0.6034 0.42648 0.25921 0.15476 0.13152 0.16555 0.22018 0.26989 0.29961 0.30108 0.27367 0.22376 0.16288 0.11116 0.10611 0.18719
0.49262 0.6863 0.84922 0.97605 1.0763 1.1459 1.1786 1.174 1.1319 1.0536 0.94646 0.81977 0.66903 0.49586 0.32932 0.20949 0.15322 0.14596 0.16156 0.17992 0.1892 0.1844 0.1663 0.14089 0.12002 0.12336 0.17949 0.30785
0.58825 0.75725 0.90706 1.0319 1.1259 1.1837 1.206 1.1966 1.1554 1.08 0.97235 0.8411 0.69345 0.53628 0.3882 0.27243 0.19887 0.16042 0.14339 0.13593 0.13094 0.12614 0.12281 0.12578 0.14451 0.19226 0.28282 0.42033
0.64751 0.78978 0.91688 1.0206 1.0957 1.1397 1.1541 1.1421 1.1033 1.0358 0.94109 0.82481 0.69397 0.55813 0.4303 0.32301 0.24199 0.18556 0.14852 0.12591 0.11494 0.11491 0.12686 0.15372 0.20039 0.27279 0.37476 0.50362
0.66022 0.77065 0.86649 0.94256 0.99685 1.0286 1.0377 1.0245 0.98948 0.93373 0.8586 0.76638 0.66139 0.55092 0.44401 0.34855 0.26924 0.20756 0.16332 0.13608 0.12572 0.13234 0.15613 0.19759 0.25749 0.33648 0.43356 0.54431
0.61965 0.69885 0.76557 0.81739 0.85431 0.87602 0.88086 0.86806 0.83924 0.79662 0.74095 0.67248 0.59344 0.50847 0.42326 0.34335 0.27347 0.21691 0.17576 0.15162 0.14563 0.15794 0.18756 0.23286 0.29235 0.36442 0.44626 0.53331
0.54008 0.594 0.63892 0.67371 0.69817 0.71179 0.71356 0.7032 0.68184 0.6508 0.61057 0.56143 0.50431 0.4411 0.37502 0.31089 0.25399 0.20836 0.1764 0.15963 0.15885 0.17365 0.20226 0.2426 0.29304 0.35175 0.41537 0.47949
0.44545 0.48313 0.5153 0.5411 0.55921 0.56871 0.56935 0.56122 0.54457 0.52025 0.48956 0.45325 0.41129 0.36318 0.3106 0.2595 0.21596 0.18348 0.16328 0.15507 0.15804 0.17114 0.1932 0.22362 0.26216 0.30737 0.35578 0.40276
0.36278 0.39407 0.42359 0.44896 0.46741 0.47705 0.4775 0.46879 0.45124 0.42659 0.39745 0.36653 0.33263 0.29165 0.24526 0.2025 0.17167 0.15353 0.1457 0.14515 0.14936 0.15721 0.16934 0.18783 0.21483 0.25098 0.29135 0.32929
0.32019 0.35495 0.39018 0.42114 0.44343 0.45471 0.45453 0.4427 0.41969 0.3882 0.35318 0.31869 0.28201 0.23955 0.19541 0.16037 0.14197 0.13783 0.14091 0.14564 0.14856 0.14931 0.1507 0.15777 0.17675 0.20897 0.24781 0.28548
0.33752 0.38369 0.42858 0.4662 0.49185 0.50388 0.50224 0.48616 0.45561 0.41372 0.36674 0.31902 0.27029 0.2215 0.17968 0.15408 0.14773 0.15434 0.16438 0.17102 0.17096 0.16505 0.15798 0.15744 0.17201 0.20367 0.24626 0.29192
0.41964 0.47867 0.53197 0.57391 0.60078 0.61202 0.60801 0.58755 0.54987 0.49781 0.43706 0.37299 0.30998 0.25446 0.21492 0.19688 0.198 0.20926 0.22089 0.22623 0.22288 0.21279 0.20191 0.1993 0.21414 0.24947 0.30046 0.35912
0.55106 0.61867 0.67593 0.71861 0.74423 0.75335 0.74691 0.72355 0.68168 0.62288 0.55171 0.47477 0.40082 0.33998 0.30042 0.28403 0.28519 0.2943 0.30236 0.30408 0.29827 0.28744 0.278 0.27934 0.30025 0.3439 0.40605 0.47801
0.69848 0.76981 0.82696 0.86713 0.8897 0.89653 0.88897 0.86504 0.8218 0.7593 0.68176 0.59736 0.51766 0.45398 0.41282 0.39361 0.38976 0.39205 0.39321 0.3902 0.38311 0.37442 0.37012 0.37917 0.40928 0.46278 0.53536 0.61757
0.82375 0.89663 0.95205 0.98873 1.0083 1.0139 1.0062 0.98195 0.93744 0.87237 0.79156 0.70491 0.6251 0.56256 0.52152 0.49968 0.49001 0.48445 0.47819 0.47053 0.46253 0.45632 0.45702 0.47253 0.50953 0.56987 0.6494 0.73816
0.89779 0.97176 1.0265 1.0614 1.0796 1.0846 1.0758 1.0492 1.0022 0.93634 0.85706 0.77444 0.70056 0.64379 0.60611 0.58386 0.5703 0.55897 0.54695 0.53485 0.52424 0.51723 0.5185 0.53525 0.57371 0.63598 0.71813 0.80981
0.90749 0.98291 1.0395 1.0753 1.0934 1.0972 1.0852 1.054 1.0043 0.94058 0.86945 0.79932 0.73848 0.69181 0.66005 0.64017 0.62564 0.61125 0.59504 0.57782 0.56136 0.54838 0.54409 0.55586 0.5903 0.64957 0.72946 0.81962
0.858 0.93505 0.99476 1.0325 1.0505 1.0518 1.035 0.99843 0.94675 0.88891 0.83316 0.78468 0.74525 0.71392 0.69026 0.67406 0.66052 0.64426 0.62402 0.60046 0.57561 0.55305 0.53885 0.54161 0.56734 0.61759 0.68886 0.77255
0.7688 0.84596 0.90742 0.94602 0.96275 0.96055 0.93845 0.89726 0.84565 0.79719 0.76217 0.74248 0.73142 0.72025 0.70718 0.69566 0.68365 0.6656 0.64094 0.61059 0.577 0.54436 0.52075 0.51361 0.52594 0.55979 0.6154 0.68809
0.66703 0.74077 0.80034 0.83705 0.85105 0.84487 0.81847 0.77521 0.72701 0.69066 0.67823 0.68843 0.70651 0.71706 0.7175 0.71361 0.70431 0.68509 0.65659 0.62042 0.57962 0.53943 0.50947 0.49265 0.48819 0.50026 0.53541 0.59387
0.58201 0.64743 0.70023 0.73153 0.74113 0.73128 0.703 0.66181 0.62137 0.5992 0.6071 0.64097 0.68181 0.71205 0.72886 0.73626 0.73119 0.71231 0.68176 0.64213 0.59684 0.55214 0.51744 0.49154 0.47089 0.46193 0.47684 0.51977
0.53704 0.58882 0.62963 0.65184 0.6557 0.64339 0.61671 0.58241 0.55415 0.54723 0.57067 0.61873 0.67352 0.71978 0.75316 0.77141 0.77104 0.75404 0.72393 0.68397 0.63738 0.58967 0.54974 0.51582 0.48386 0.46096 0.46088 0.48905
0.54079 0.57502 0.60022 0.61116 0.60888 0.59546 0.57328 0.5493 0.5354 0.54297 0.57714 0.63228 0.69478 0.75233 0.79682 0.82193 0.82613 0.8124 0.78529 0.7479 0.70269 0.65356 0.60796 0.56734 0.52991 0.50172 0.49359 0.50919
0.58568 0.60199 0.61166 0.61189 0.60388 0.58968 0.5725 0.55895 0.55803 0.57721 0.61866 0.67737 0.74309 0.80493 0.85391 0.88366 0.89241 0.8834 0.86101 0.82771 0.78547 0.73788 0.68965 0.64505 0.6062 0.57781 0.56575 0.57051
0.65417 0.65647 0.65442 0.64648 0.63343 0.61763 0.60349 0.59725 0.60527 0.63182 0.67711 0.73634 0.80127 0.86315 0.91407 0.94781 0.962 0.95851 0.94058 0.9107 0.87149 0.82675 0.78079 0.73738 0.7 0.67224 0.65658 0.65213
0.72737 0.72185 0.71272 0.69898 0.68152 0.66345 0.64994 0.64686 0.65892 0.68838 0.73407 0.79134 0.85368 0.91439 0.96686 1.005 1.0248 1.0259 1.0106 0.98219 0.94458 0.90204 0.8591 0.81942 0.78542 0.75903 0.74166 0.73241
0.78637 0.77707 0.76317 0.74471 0.72373 0.70418 0.69113 0.68941 0.7023 0.73097 0.77415 0.8282 0.88778 0.94689 0.99943 1.0394 1.062 1.0656 1.052 1.0248 0.9884 0.94741 0.90698 0.87093 0.841 0.81807 0.80269 0.79345
0.80917 0.79672 0.77891 0.75671 0.73351 0.71429 0.70396 0.70555 0.71992 0.74708 0.78663 0.83623 0.89069 0.94392 0.99083 1.0271 1.0485 1.0531 1.0419 1.0182 0.9857 0.9488 0.91222 0.88016 0.85507 0.83743 0.82594 0.81778
0.77772 0.76302 0.74336 0.71942 0.69534 0.67774 0.67208 0.67973 0.69855 0.72622 0.76177 0.80313 0.84601 0.88666 0.9231 0.95256 0.97099 0.97548 0.96672 0.94807 0.92338 0.89567 0.86719 0.84148 0.82195 0.80872 0.79872 0.78895
0.68484 0.66803 0.6482 0.62487 0.60252 0.58948 0.59132 0.60697 0.63202 0.66136 0.69096 0.71864 0.74418 0.76828 0.79105 0.81114 0.82417 0.82694 0.82143 0.81189 0.80003 0.78584 0.76982 0.75322 0.73879 0.72645 0.71379 0.70004
0.5317 0.51033 0.4903 0.47053 0.45564 0.45377 0.46832 0.49481 0.5261 0.55535 0.5757 0.58633 0.59119 0.5933 0.59661 0.60198 0.60622 0.60792 0.6108 0.61829 0.62722 0.63147 0.6301 0.62347 0.61223 0.59688 0.57789 0.55527
0.34617 0.32244 0.3059 0.2934 0.2887 0.29939 0.32673 0.36309 0.3983 0.42375 0.43236 0.42537 0.40762 0.38642 0.37026 0.36225 0.36002 0.36347 0.37766 0.40473 0.43641 0.46059 0.47328 0.47478 0.46422 0.44331 0.41395 0.37878
0.20353 0.19544 0.19322 0.18583 0.17747 0.1822 0.20607 0.241 0.27311 0.29079 0.2879 0.26712 0.23689 0.21103 0.20017 0.20141 0.20329 0.20311 0.21208 0.23942 0.2783 0.31286 0.33409 0.33965 0.32812 0.30214 0.26571 0.22827
0.18522 0.2158 0.23297 0.2152 0.17419 0.14158 0.13662 0.1536 0.17392 0.18166 0.17156 0.1498 0.13336 0.1424 0.18064 0.22328 0.23681 0.21506 0.18558 0.17834 0.19752 0.22596 0.24676 0.25208 0.24026 0.21506 0.18642 0.17205
0.29393 0.36227 0.38468 0.33639 0.24412 0.16005 0.11632 0.10852 0.11327 0.11239 0.10277 0.09578 0.11786 0.19074 0.30137 0.39514 0.41626 0.36001 0.27586 0.21898 0.20671 0.22025 0.2343 0.23736 0.22812 0.21178 0.20511 0.2309
0.44419 0.51627 0.51879 0.43498 0.30501 0.18992 0.12318 0.097632 0.088828 0.083523 0.081446 0.09574 0.15642 0.28103 0.44071 0.56273 0.58435 0.50814 0.39768 0.31907 0.29219 0.29503 0.3013 0.30287 0.29912 0.29477 0.30766 0.3593
0.55711 0.5907 0.55722 0.45318 0.32014 0.20878 0.14084 0.10582 0.088016 0.083069 0.092125 0.12369 0.20118 0.33602 0.49635 0.61527 0.64208 0.58621 0.50544 0.45199 0.43525 0.43433 0.43619 0.43811 0.43978 0.44315 0.45807 0.49917
0.63451 0.6101 0.54067 0.43283 0.31716 0.22284 0.15767 0.11614 0.095349 0.094233 0.11419 0.15883 0.23662 0.3532 0.48636 0.59232 0.6406 0.63939 0.62243 0.61415 0.61374 0.61527 0.61759 0.62053 0.62357 0.62602 0.62815 0.63306
0.71216 0.63619 0.53657 0.42428 0.31674 0.22672 0.16005 0.11767 0.098723 0.10302 0.1315 0.18594 0.26703 0.3714 0.4875 0.59406 0.67498 0.72949 0.76541 0.78836 0.80321 0.81277 0.81864 0.82158 0.82067 0.81337 0.79614 0.76409
0.77625 0.66067 0.53354 0.40814 0.29699 0.20844 0.1456 0.10797 0.094174 0.10366 0.13717 0.19614 0.28091 0.38808 0.50898 0.63128 0.74258 0.83419 0.90322 0.95163 0.98346 1.0027 1.0125 1.0139 1.005 0.98143 0.93802 0.87012
0.79457 0.64367 0.4926 0.35802 0.25009 0.17166 0.12067 0.093287 0.086446 0.099056 0.13215 0.18829 0.27017 0.37831 0.5086 0.65076 0.7901 0.91303 1.0121 1.0856 1.1348 1.1634 1.176 1.1739 1.1532 1.1079 1.0335 0.92811
0.76622 0.58262 0.41186 0.2776 0.18579 0.12983 0.099726 0.087066 0.087138 0.098577 0.12304 0.16577 0.2351 0.33925 0.4799 0.64439 0.80915 0.95558 1.0776 1.1718 1.2359 1.2722 1.2857 1.2774 1.2421 1.174 1.0708 0.93399
0.75187 0.57283 0.40695 0.27642 0.18678 0.1318 0.102 0.089382 0.089445 0.10085 0.12517 0.16735 0.2353 0.33684 0.47365 0.63393 0.79548 0.94043 1.0622 1.1567 1.2213 1.2579 1.2712 1.2623 1.2258 1.1567 1.0531 0.91692
0.68477 0.47561 0.29926 0.18524 0.12889 0.10879 0.10664 0.11073 0.11527 0.11897 0.12487 0.14211 0.18659 0.2782 0.42561 0.60957 0.79156 0.94532 1.071 1.1738 1.247 1.2884 1.3 1.2818 1.231 1.1462 1.0315 0.87913
0.56891 0.34398 0.18325 0.11231 0.10751 0.13121 0.15891 0.17803 0.18211 0.17047 0.14886 0.13055 0.14033 0.21154 0.36061 0.56084 0.7556 0.90676 1.0199 1.1153 1.1909 1.2341 1.2408 1.2115 1.1502 1.0676 0.95701 0.79087
0.39144 0.20133 0.10607 0.10675 0.15955 0.22234 0.27351 0.30134 0.29907 0.26753 0.21572 0.15926 0.12587 0.1563 0.27612 0.46176 0.65051 0.79463 0.89686 0.98383 1.0581 1.0992 1.0978 1.0566 0.9905 0.91138 0.79535 0.61423
0.21198 0.12426 0.13489 0.21084 0.30359 0.38629 0.44786 0.47599 0.4634 0.41325 0.33878 0.2535 0.17664 0.14555 0.19578 0.32267 0.47725 0.61008 0.71149 0.79796 0.86909 0.90357 0.89174 0.83936 0.76554 0.67452 0.54483 0.37432
0.13154 0.17715 0.28709 0.40916 0.51332 0.59789 0.65874 0.68071 0.65699 0.59353 0.5074 0.40694 0.29571 0.19876 0.15906 0.19876 0.29571 0.40694 0.5074 0.59353 0.65699 0.68071 0.65874 0.59789 0.51332 0.40916 0.28709 0.17715
0.18805 0.33478 0.49662 0.62982 0.73153 0.81349 0.86816 0.88113 0.84813 0.77607 0.68264 0.57345 0.44064 0.29585 0.18231 0.1414 0.17542 0.25191 0.33674 0.41034 0.45852 0.46979 0.44164 0.38033 0.29739 0.20519 0.12929 0.11336
0.32327 0.50784 0.67661 0.80817 0.91192 0.99222 1.0375 1.0415 1.0026 0.92529 0.82242 0.70233 0.55801 0.39395 0.24564 0.15642 0.13974 0.17366 0.22589 0.27302 0.3006 0.30115 0.27421 0.22582 0.1673 0.11744 0.10893 0.1764
0.45659 0.6349 0.79428 0.92663 1.0331 1.1058 1.1402 1.1367 1.0956 1.017 0.90648 0.77553 0.62688 0.4657 0.3166 0.21138 0.16223 0.15593 0.17003 0.18659 0.19451 0.18925 0.17164 0.14742 0.12796 0.13086 0.18007 0.29243
0.55516 0.71383 0.86019 0.98532 1.0806 1.1403 1.1641 1.1556 1.1147 1.0394 0.9323 0.80218 0.6589 0.51165 0.3767 0.27225 0.20527 0.16935 0.15274 0.14488 0.13946 0.13451 0.1313 0.13434 0.15214 0.19641 0.27856 0.40229
0.61543 0.74935 0.87189 0.97408 1.0497 1.0954 1.1114 1.0998 1.0606 0.99304 0.89968 0.78663 0.66172 0.53476 0.41751 0.31986 0.24586 0.19375 0.15895 0.13729 0.12659 0.12653 0.13805 0.16351 0.20697 0.27334 0.36595 0.48301
0.62518 0.72901 0.82167 0.89708 0.95244 0.98616 0.99668 0.98336 0.94739 0.89102 0.81657 0.7269 0.62714 0.52491 0.42809 0.34257 0.27158 0.21606 0.17578 0.15062 0.14108 0.14762 0.17015 0.2084 0.26261 0.33325 0.41977 0.51915
0.58307 0.65795 0.72345 0.77601 0.8147 0.83835 0.84428 0.83117 0.80112 0.7573 0.7012 0.63392 0.55883 0.48109 0.40551 0.33591 0.2755 0.2266 0.19075 0.16956 0.16471 0.1766 0.20373 0.24378 0.29526 0.35725 0.42802 0.50463
0.50579 0.5583 0.60417 0.64093 0.66766 0.68325 0.6859 0.67503 0.65219 0.61933 0.57744 0.52769 0.47253 0.41487 0.35741 0.30341 0.25647 0.21926 0.19327 0.17985 0.18016 0.19379 0.21849 0.25186 0.29291 0.34101 0.39432 0.45013
0.41849 0.45803 0.4934 0.52244 0.54345 0.55511 0.55649 0.54746 0.52876 0.50164 0.46761 0.42838 0.38555 0.34049 0.29528 0.25361 0.21944 0.19502 0.18056 0.17545 0.17902 0.19009 0.20722 0.22999 0.25917 0.29478 0.33492 0.37686
0.34817 0.3853 0.42001 0.44966 0.4714 0.48316 0.48412 0.47418 0.45403 0.42547 0.39112 0.3534 0.31414 0.27343 0.23351 0.20009 0.17742 0.16553 0.16211 0.16381 0.16797 0.17336 0.18066 0.19245 0.21164 0.23936 0.27367 0.31068
0.32252 0.3661 0.40789 0.44341 0.46878 0.48182 0.48191 0.46874 0.4428 0.4066 0.36407 0.31963 0.27506 0.23093 0.19142 0.16357 0.15094 0.15019 0.15558 0.16139 0.16392 0.16274 0.16091 0.16382 0.17696 0.20315 0.23926 0.27997
0.35861 0.41403 0.46557 0.50754 0.53594 0.54936 0.5476 0.52986 0.49601 0.44881 0.39345 0.3356 0.27872 0.22666 0.18603 0.16316 0.15848 0.16547 0.17585 0.18273 0.18259 0.17622 0.16853 0.16695 0.17921 0.20881 0.25241 0.3038
0.45513 0.52242 0.58183 0.62801 0.65755 0.66982 0.66503 0.64219 0.60068 0.54291 0.47415 0.40086 0.32982 0.26907 0.22673 0.20678 0.20596 0.21563 0.2266 0.23212 0.22956 0.22079 0.21179 0.2112 0.22761 0.26489 0.31996 0.3857
0.59264 0.66787 0.73099 0.77786 0.8061 0.81586 0.80795 0.78141 0.73485 0.6694 0.58958 0.503 0.4201 0.35213 0.30717 0.28657 0.28465 0.29199 0.29965 0.30216 0.29811 0.28991 0.28392 0.28928 0.3144 0.36275 0.43107 0.51098
0.73807 0.81753 0.88082 0.92522 0.95016 0.95727 0.94762 0.91936 0.86959 0.79816 0.70963 0.61367 0.52358 0.45182 0.40503 0.38232 0.37668 0.37864 0.38067 0.37937 0.37464 0.36899 0.36848 0.38193 0.41703 0.47648 0.55661 0.64785
0.85495 0.93727 0.99994 1.0413 1.063 1.0683 1.0575 1.0268 0.97276 0.89583 0.80185 0.70212 0.61117 0.54078 0.49543 0.47225 0.46342 0.46007 0.4565 0.45136 0.44561 0.44172 0.44513 0.46401 0.50544 0.57199 0.65991 0.75881
0.91648 1.0014 1.065 1.1054 1.1255 1.1293 1.1157 1.08 1.0205 0.94066 0.84743 0.75202 0.66757 0.60381 0.56351 0.54269 0.53303 0.52651 0.51878 0.50954 0.50032 0.49382 0.49556 0.51369 0.55551 0.62387 0.71478 0.81708
0.9135 1.0006 1.067 1.1087 1.1285 1.1298 1.111 1.0686 1.0049 0.92708 0.84345 0.76265 0.69357 0.6419 0.60887 0.59191 0.58349 0.57548 0.56428 0.54959 0.53315 0.51856 0.51231 0.52355 0.56034 0.62524 0.71358 0.81409
0.85369 0.94188 1.0112 1.0549 1.0741 1.0715 1.0461 0.99711 0.93149 0.86105 0.79547 0.74058 0.69797 0.66543 0.64158 0.62746 0.61995 0.61034 0.59491 0.57303 0.54683 0.52107 0.50409 0.50582 0.53248 0.58644 0.66455 0.7575
0.75606 0.84351 0.914 0.95829 0.9756 0.96823 0.93606 0.88177 0.81663 0.75702 0.71584 0.6962 0.68923 0.68146 0.66863 0.65727 0.65 0.6382 0.61767 0.58797 0.55201 0.51622 0.49144 0.48317 0.49356 0.52683 0.5857 0.66566
0.64812 0.73174 0.79995 0.84196 0.85584 0.84349 0.80613 0.74938 0.68777 0.6417 0.62724 0.64406 0.67253 0.68974 0.69056 0.6861 0.68133 0.66786 0.64272 0.60635 0.56271 0.52131 0.49242 0.47407 0.46374 0.4695 0.50307 0.56619
0.56161 0.63643 0.69725 0.73301 0.74173 0.72538 0.68629 0.63217 0.57924 0.54924 0.55832 0.6023 0.65572 0.69341 0.71152 0.72028 0.72078 0.70713 0.67923 0.63891 0.59095 0.54667 0.5144 0.48638 0.4568 0.43711 0.44645 0.49161
0.52037 0.58051 0.6282 0.65371 0.65614 0.6378 0.6016 0.55616 0.51759 0.50501 0.53079 0.5883 0.65392 0.70719 0.7443 0.76762 0.77309 0.76072 0.73262 0.69174 0.64247 0.59464 0.55635 0.51956 0.47796 0.4434 0.43656 0.46572
0.53038 0.57172 0.60249 0.61573 0.61194 0.59357 0.56381 0.53113 0.50964 0.51337 0.54948 0.61139 0.68202 0.74664 0.79782 0.82922 0.83875 0.82888 0.80314 0.7645 0.71615 0.6641 0.61704 0.57229 0.5264 0.48897 0.4759 0.49287
0.58075 0.60303 0.61726 0.61935 0.61028 0.59247 0.56978 0.55003 0.54403 0.56099 0.60398 0.66748 0.73972 0.80855 0.86401 0.8993 0.9124 0.90614 0.88433 0.84918 0.80307 0.75015 0.69665 0.64641 0.60089 0.56686 0.55287 0.56017
0.65201 0.6595 0.66153 0.65562 0.64233 0.6243 0.6065 0.59621 0.6012 0.62691 0.67396 0.737 0.80694 0.87435 0.93059 0.96871 0.98591 0.98383 0.96539 0.93276 0.88876 0.8379 0.78528 0.73546 0.69286 0.66212 0.64658 0.64512
0.72487 0.7241 0.71905 0.7079 0.69118 0.67214 0.65658 0.65122 0.66179 0.69131 0.73875 0.79912 0.86541 0.93046 0.98701 1.0282 1.0496 1.0506 1.0333 1.001 0.95785 0.90888 0.85954 0.81428 0.77629 0.7482 0.73168 0.72548
0.78064 0.77582 0.76624 0.75104 0.73176 0.71248 0.69891 0.69651 0.7091 0.7383 0.78313 0.83987 0.9027 0.96503 1.0202 1.0618 1.0845 1.0863 1.0691 1.0369 0.99467 0.94765 0.90149 0.86065 0.8277 0.80404 0.79006 0.78377
0.79828 0.79042 0.77746 0.75921 0.73846 0.72045 0.71079 0.71295 0.72795 0.75607 0.79726 0.84915 0.90604 0.96124 1.0094 1.046 1.0662 1.0675 1.051 1.0213 0.98305 0.94098 0.89969 0.86375 0.8365 0.81877 0.80882 0.80327
0.76161 0.75197 0.73775 0.71833 0.69715 0.68122 0.67672 0.68541 0.70547 0.73458 0.77174 0.81472 0.85906 0.90094 0.93809 0.96712 0.98313 0.98272 0.96739 0.94208 0.91168 0.87956 0.84757 0.81915 0.79822 0.78507 0.77634 0.76901
0.66313 0.65128 0.63714 0.61881 0.59992 0.58906 0.59251 0.60966 0.63627 0.66732 0.6982 0.72667 0.75298 0.77767 0.80045 0.81911 0.82822 0.82466 0.81197 0.79627 0.77997 0.76251 0.74434 0.72635 0.7111 0.69857 0.68672 0.67496
0.50303 0.48538 0.47065 0.45644 0.44622 0.44785 0.46513 0.49399 0.5273 0.55814 0.57918 0.58982 0.59423 0.59551 0.59721 0.59917 0.59762 0.59221 0.58881 0.59242 0.59969 0.60317 0.60125 0.59439 0.58263 0.56663 0.54739 0.52497
0.3128 0.29183 0.28055 0.27413 0.27477 0.28964 0.3204 0.35967 0.39707 0.42369 0.43238 0.42446 0.40488 0.38136 0.36211 0.3493 0.34042 0.33698 0.3465 0.37233 0.40519 0.43096 0.44455 0.44647 0.43545 0.41343 0.38234 0.34548
0.17495 0.17102 0.17488 0.17284 0.16778 0.17448 0.20013 0.23697 0.27062 0.28894 0.28569 0.26357 0.23155 0.20416 0.19176 0.19005 0.18649 0.17968 0.18381 0.20988 0.25014 0.28668 0.30916 0.31521 0.30323 0.27599 0.23765 0.1988
0.17165 0.20903 0.23244 0.21729 0.17521 0.14025 0.1338 0.15063 0.17139 0.17932 0.1688 0.14646 0.13034 0.14148 0.18281 0.22671 0.23699 0.20815 0.17148 0.15997 0.17802 0.20697 0.22847 0.23405 0.2219 0.19602 0.16706 0.15411
0.29596 0.3717 0.39862 0.34972 0.25288 0.16351 0.11616 0.10687 0.11142 0.11049 0.10071 0.094341 0.11916 0.19754 0.31488 0.4128 0.43222 0.36884 0.27591 0.21233 0.19672 0.20942 0.22362 0.22677 0.21744 0.20129 0.19623 0.22614
0.45246 0.52959 0.53406 0.44811 0.31336 0.19347 0.12361 0.096794 0.087728 0.082348 0.080344 0.095686 0.15953 0.28969 0.45564 0.58151 0.60212 0.52047 0.40297 0.31872 0.28885 0.29083 0.29703 0.29865 0.29504 0.29128 0.30619 0.36194
0.56232 0.5977 0.5645 0.459 0.32358 0.21008 0.1409 0.10544 0.087486 0.082525 0.091698 0.12382 0.20293 0.3405 0.50379 0.62443 0.65074 0.59247 0.50871 0.45296 0.43508 0.43382 0.43559 0.43756 0.43939 0.44314 0.45908 0.50205
0.63451 0.6101 0.54067 0.43283 0.31716 0.22284 0.15767 0.11614 0.095349 0.094233 0.11419 0.15883 0.23662 0.3532 0.48636 0.59232 0.6406 0.63939 0.62243 0.61415 0.61374 0.61527 0.61759 0.62053 0.62357 0.62602 0.62815 0.63306
0.70873 0.63285 0.53377 0.42241 0.31586 0.22661 0.16042 0.11827 0.099394 0.10364 0.13192 0.18595 0.26635 0.36968 0.48465 0.59048 0.67129 0.72611 0.76241 0.78575 0.80097 0.81081 0.81678 0.81964 0.81846 0.81077 0.79315 0.76083
0.76983 0.65528 0.52952 0.40574 0.29615 0.20877 0.14662 0.1093 0.095559 0.10493 0.13809 0.19636 0.27999 0.38565 0.50501 0.62602 0.7364 0.82752 0.89649 0.94521 0.97758 0.99734 1.0073 1.0084 0.99881 0.97461 0.93086 0.86309
0.7851 0.63648 0.48798 0.35585 0.24988 0.17271 0.12235 0.095199 0.08838 0.10085 0.13358 0.18895 0.26947 0.3757 0.50376 0.64369 0.78112 0.90273 1.0012 1.0749 1.1247 1.1538 1.1664 1.1638 1.1422 1.0961 1.0216 0.91698
0.76963 0.62481 0.48063 0.35258 0.24982 0.1747 0.12535 0.098581 0.091793 0.10404 0.13617 0.19027 0.26858 0.37165 0.49598 0.63216 0.76642 0.88594 0.98363 1.0576 1.1083 1.1383 1.151 1.1474 1.1244 1.0771 1.0023 0.89885
0.73159 0.55911 0.40022 0.27504 0.18852 0.13498 0.10563 0.093099 0.093148 0.10451 0.12859 0.16994 0.23588 0.33366 0.46495 0.61917 0.77605 0.91878 1.04 1.1349 1.2003 1.2373 1.2504 1.2404 1.2023 1.1317 1.0276 0.89264
0.65513 0.45825 0.29362 0.18671 0.13286 0.11303 0.11058 0.1144 0.119 0.12309 0.1295 0.14678 0.18953 0.2757 0.41357 0.58685 0.76173 0.91437 1.0427 1.1479 1.222 1.2634 1.2743 1.255 1.2019 1.1136 0.99473 0.84229
0.53108 0.32557 0.18068 0.11713 0.11315 0.13548 0.16207 0.1807 0.1851 0.17457 0.15449 0.13745 0.14589 0.20969 0.3445 0.52849 0.71305 0.86449 0.98488 1.0867 1.1639 1.2066 1.2124 1.1814 1.1157 1.0239 0.90468 0.73961
0.35583 0.18719 0.10611 0.11116 0.16288 0.22376 0.27367 0.30108 0.29961 0.26989 0.22018 0.16555 0.13152 0.15476 0.25921 0.42648 0.6034 0.74828 0.86025 0.95602 1.0324 1.0725 1.0699 1.0265 0.95259 0.86028 0.73567 0.56003
0.18805 0.11336 0.12929 0.20519 0.29739 0.38033 0.44164 0.46979 0.45852 0.41034 0.33674 0.25191 0.17542 0.1414 0.18231 0.29585 0.44064 0.57345 0.68264 0.77607 0.84813 0.88113 0.86816 0.81349 0.73153 0.62982 0.49662 0.33478
0.11643 0.15918 0.26386 0.38441 0.49224 0.58091 0.64281 0.6654 0.64339 0.58118 0.49288 0.3897 0.27968 0.18706 0.14974 0.18706 0.27968 0.3897 0.49288 0.58118 0.64339 0.6654 0.64281 0.58091 0.49224 0.38441 0.26386 0.15918
0.17019 0.30077 0.4525 0.58708 0.69709 0.78518 0.84134 0.85539 0.82424 0.75262 0.65437 0.53959 0.40846 0.27445 0.17441 0.14211 0.1778 0.25262 0.33576 0.40747 0.45308 0.46282 0.43475 0.37428 0.29212 0.20187 0.12767 0.10789
0.29632 0.46143 0.62206 0.75794 0.87005 0.95462 1.0014 1.0066 0.96944 0.89247 0.78525 0.6598 0.51772 0.36687 0.23684 0.16168 0.1504 0.18342 0.23274 0.27692 0.30215 0.30166 0.27523 0.22852 0.17266 0.12533 0.11462 0.17001
0.42486 0.58795 0.74224 0.87718 0.98703 1.0617 1.0975 1.0952 1.0552 0.97727 0.866 0.73363 0.58872 0.43965 0.30709 0.21537 0.17263 0.16712 0.1798 0.19457 0.2011 0.19531 0.17813 0.155 0.13675 0.13928 0.18235 0.28008
0.52381 0.67161 0.81275 0.9359 1.0313 1.0921 1.1175 1.1098 1.0694 0.99491 0.88968 0.76284 0.62544 0.48854 0.36647 0.27302 0.21265 0.17959 0.16371 0.15568 0.1499 0.14473 0.14148 0.14434 0.1609 0.20137 0.27521 0.38566
0.58249 0.70718 0.82415 0.92371 0.99905 1.046 1.0636 1.0524 1.0129 0.94591 0.85481 0.74601 0.62791 0.5106 0.40445 0.31698 0.25066 0.20355 0.1716 0.15127 0.14099 0.14083 0.15169 0.17532 0.21494 0.27464 0.35733 0.46213
0.58871 0.6851 0.77366 0.84757 0.90339 0.93874 0.9506 0.93729 0.90055 0.84408 0.77106 0.6848 0.5911 0.4978 0.41169 0.33683 0.27509 0.22677 0.19133 0.16875 0.16019 0.16664 0.1876 0.22191 0.26939 0.33069 0.40587 0.49325
0.54536 0.61507 0.67847 0.73103 0.77101 0.79636 0.80332 0.78997 0.75894 0.71443 0.65866 0.59347 0.52314 0.45324 0.38776 0.32909 0.27917 0.23918 0.20967 0.192 0.1885 0.19997 0.22413 0.25787 0.3 0.35078 0.40976 0.47543
0.47117 0.52139 0.56727 0.60535 0.63403 0.65151 0.65506 0.64369 0.61954 0.58533 0.5426 0.49326 0.44093 0.38927 0.34066 0.29717 0.26104 0.23344 0.21447 0.20498 0.20656 0.21893 0.23904 0.26421 0.29453 0.33115 0.37376 0.42099
0.3922 0.43269 0.47036 0.5021 0.52587 0.53974 0.54189 0.53193 0.51127 0.48181 0.44533 0.40426 0.36173 0.32031 0.28204 0.2495 0.22517 0.2097 0.20183 0.20035 0.20464 0.2134 0.22482 0.23888 0.25782 0.28351 0.31554 0.35234
0.33597 0.37712 0.4162 0.44976 0.47476 0.48877 0.49026 0.47904 0.45632 0.42427 0.38562 0.34351 0.30116 0.26127 0.22653 0.20041 0.1851 0.17995 0.18158 0.18596 0.19014 0.19269 0.19446 0.1989 0.21033 0.23103 0.26038 0.29614
0.32799 0.3782 0.42563 0.46557 0.4942 0.50922 0.50955 0.49484 0.46586 0.42515 0.37671 0.32508 0.27478 0.22925 0.19265 0.16952 0.16098 0.16381 0.17204 0.17935 0.18151 0.17803 0.17246 0.17108 0.1799 0.20204 0.2365 0.27961
0.3814 0.44446 0.50207 0.5486 0.58021 0.59531 0.59329 0.57343 0.53591 0.48344 0.42106 0.35498 0.29136 0.23599 0.19511 0.17308 0.16887 0.17644 0.18768 0.19522 0.19502 0.18789 0.17924 0.17698 0.18844 0.21755 0.26275 0.31908
0.49014 0.56492 0.63037 0.68122 0.71406 0.72769 0.72187 0.69605 0.65017 0.5865 0.51014 0.42834 0.3498 0.2837 0.23781 0.21515 0.2121 0.22057 0.23143 0.23752 0.23577 0.22806 0.22067 0.22238 0.24123 0.28128 0.34059 0.41281
0.63226 0.71495 0.78409 0.83564 0.86706 0.87778 0.86817 0.83784 0.78593 0.71334 0.62454 0.52821 0.43636 0.36119 0.31074 0.28602 0.28135 0.28746 0.29531 0.29897 0.29664 0.29079 0.288 0.29736 0.32693 0.38026 0.45475 0.54234
0.77481 0.86258 0.93243 0.98156 1.0093 1.0169 1.005 0.97174 0.91455 0.83349 0.73359 0.62581 0.52515 0.44525 0.39299 0.36713 0.36031 0.36272 0.3663 0.36701 0.36448 0.36149 0.36435 0.38194 0.42192 0.48736 0.57504 0.67528
0.88264 0.97486 1.0455 1.092 1.1162 1.1214 1.1072 1.0695 1.005 0.91555 0.80817 0.69522 0.59284 0.5143 0.4647 0.4407 0.43356 0.43329 0.43304 0.43063 0.42692 0.42478 0.43022 0.45194 0.49762 0.57044 0.66685 0.77587
0.932 1.0282 1.1013 1.1476 1.1699 1.1726 1.1538 1.1086 1.0363 0.94236 0.83538 0.72697 0.63144 0.56026 0.51716 0.49809 0.49309 0.49201 0.48897 0.48269 0.47459 0.46802 0.46954 0.48852 0.5336 0.6083 0.70819 0.82114
0.91766 1.0161 1.0922 1.1403 1.162 1.1608 1.1348 1.0813 1.0041 0.913 0.81694 0.72498 0.64736 0.59086 0.55666 0.54203 0.53952 0.53811 0.53205 0.51988 0.50322 0.48665 0.47817 0.48901 0.52825 0.59902 0.69615 0.80708
0.84853 0.94696 1.0254 1.0753 1.0959 1.0894 1.0551 0.99417 0.91559 0.83296 0.75715 0.69566 0.65083 0.61856 0.59498 0.58163 0.5784 0.57534 0.56463 0.54432 0.51661 0.48781 0.46898 0.46998 0.49722 0.55463 0.63974 0.74209
0.7424 0.83943 0.91849 0.96871 0.98696 0.97435 0.932 0.86496 0.78653 0.71526 0.66736 0.64871 0.64854 0.64692 0.63488 0.6216 0.61628 0.6103 0.59368 0.56447 0.52612 0.48877 0.46436 0.45499 0.46215 0.49349 0.55518 0.64254
0.62808 0.72128 0.79788 0.84539 0.85947 0.84098 0.7927 0.72259 0.6471 0.59039 0.57383 0.59938 0.642 0.66884 0.67005 0.66217 0.65886 0.65057 0.62846 0.59179 0.546 0.50612 0.48034 0.46024 0.44189 0.43893 0.46967 0.53735
0.54038 0.62433 0.69292 0.73325 0.74136 0.71869 0.66907 0.60221 0.53634 0.49799 0.5089 0.56549 0.63485 0.6819 0.70026 0.70716 0.71095 0.70184 0.67621 0.63527 0.58599 0.54554 0.51818 0.48799 0.4472 0.41396 0.41593 0.46276
0.50325 0.57123 0.62542 0.65424 0.6555 0.63148 0.58626 0.53019 0.4814 0.46324 0.49228 0.56116 0.63954 0.70018 0.7392 0.7648 0.77509 0.76667 0.74026 0.6986 0.64798 0.6035 0.56954 0.53033 0.47742 0.42882 0.41336 0.44253
0.51951 0.56721 0.60309 0.61858 0.61353 0.59064 0.55395 0.51333 0.48478 0.48509 0.52375 0.59329 0.67252 0.74351 0.79959 0.83617 0.85016 0.84355 0.81891 0.7792 0.72859 0.67644 0.63044 0.58245 0.52738 0.47918 0.45974 0.47699
0.57514 0.60259 0.62084 0.62463 0.6147 0.59377 0.56627 0.54111 0.53064 0.54566 0.59033 0.65863 0.73707 0.81226 0.87336 0.91323 0.92993 0.92594 0.90451 0.86779 0.81861 0.76182 0.70507 0.65027 0.59812 0.55782 0.54107 0.55
0.64914 0.66101 0.66648 0.6623 0.64888 0.62906 0.60826 0.59463 0.59706 0.62206 0.6707 0.7373 0.81195 0.88434 0.94512 0.98682 1.0064 1.0054 0.9864 0.95147 0.90352 0.8476 0.78931 0.73397 0.68658 0.65285 0.63718 0.63819
0.722 0.72513 0.7234 0.71439 0.69835 0.67868 0.66159 0.65449 0.66386 0.69336 0.74229 0.80547 0.8754 0.94429 1.0042 1.0478 1.0703 1.0711 1.0522 1.0167 0.96889 0.91453 0.85968 0.80949 0.76793 0.73834 0.72258 0.71897
0.77526 0.77406 0.76797 0.75545 0.73761 0.7187 0.7049 0.7021 0.71448 0.74406 0.79026 0.84939 0.91513 0.98021 1.0375 1.0802 1.1028 1.1031 1.0829 1.0467 0.99964 0.94764 0.8966 0.85159 0.81602 0.79179 0.77905 0.7752
0.78889 0.78481 0.77581 0.76078 0.74203 0.72506 0.71601 0.71869 0.73421 0.76306 0.8056 0.85948 0.91848 0.97534 1.0246 1.0614 1.0805 1.079 1.0582 1.0235 0.98061 0.9343 0.88911 0.84992 0.82085 0.80305 0.79436 0.79093
0.7483 0.74279 0.73302 0.71727 0.69841 0.68378 0.68016 0.68964 0.71061 0.74083 0.77928 0.82363 0.86926 0.91229 0.9501 0.97886 0.99292 0.9885 0.96779 0.93707 0.90204 0.86631 0.83152 0.801 0.77895 0.76579 0.758 0.7526
0.64563 0.63764 0.62801 0.61368 0.59759 0.58846 0.59312 0.61139 0.63916 0.67149 0.70336 0.73248 0.7595 0.78478 0.80774 0.82534 0.83131 0.82264 0.80419 0.78365 0.76395 0.74405 0.72431 0.70539 0.68953 0.67674 0.66535 0.65494
0.48075 0.4657 0.45496 0.4451 0.4386 0.443 0.46239 0.49307 0.5279 0.55988 0.58141 0.59205 0.59611 0.59683 0.59739 0.59672 0.59062 0.57969 0.57154 0.57239 0.57871 0.58193 0.57982 0.57295 0.56082 0.54421 0.52446 0.50182
0.28872 0.26948 0.26194 0.25999 0.26459 0.28253 0.31575 0.35711 0.39607 0.4235 0.43221 0.42358 0.40269 0.37755 0.3561 0.33982 0.32607 0.31764 0.32393 0.34913 0.38316 0.41037 0.42479 0.4271 0.41576 0.39283 0.36024 0.32181
0.15671 0.15536 0.16316 0.16459 0.16165 0.16959 0.19638 0.23442 0.26905 0.28776 0.28427 0.26128 0.22813 0.1998 0.18648 0.1829 0.17583 0.16471 0.16578 0.19119 0.23252 0.27047 0.29384 0.30022 0.28794 0.25983 0.22012 0.18017
0.16463 0.20558 0.2323 0.21854 0.17586 0.13964 0.13239 0.14912 0.17011 0.17812 0.16739 0.14475 0.12883 0.14112 0.18413 0.22873 0.23729 0.20468 0.16422 0.1505 0.16801 0.19727 0.21915 0.22487 0.21253 0.18627 0.1571 0.14483
0.29671 0.37502 0.4035 0.35438 0.25595 0.16475 0.11614 0.10634 0.1108 0.10986 0.10003 0.093878 0.11965 0.19995 0.31963 0.41899 0.43782 0.37197 0.27601 0.21011 0.19335 0.20577 0.22002 0.22319 0.21383 0.19775 0.19322 0.22456
0.45246 0.52959 0.53406 0.44811 0.31336 0.19347 0.12361 0.096794 0.087728 0.082348 0.080344 0.095686 0.15953 0.28969 0.45564 0.58151 0.60212 0.52047 0.40297 0.31872 0.28885 0.29083 0.29703 0.29865 0.29504 0.29128 0.30619 0.36194
0.55711 0.5907 0.55722 0.45318 0.32014 0.20878 0.14084 0.10582 0.088016 0.083069 0.092125 0.12369 0.20118 0.33602 0.49635 0.61527 0.64208 0.58621 0.50544 0.45199 0.43525 0.43433 0.43619 0.43811 0.43978 0.44315 0.45807 0.49917
0.62591 0.60005 0.53116 0.42586 0.31352 0.22184 0.15802 0.11711 0.096548 0.095381 0.11498 0.15876 0.23436 0.34721 0.47638 0.58007 0.62893 0.63047 0.61672 0.61069 0.61139 0.61352 0.61605 0.61887 0.62146 0.6231 0.62396 0.62681
0.69862 0.62308 0.52564 0.41704 0.31339 0.22638 0.16161 0.12014 0.10147 0.10555 0.13325 0.18609 0.26446 0.36477 0.47642 0.58007 0.66049 0.71617 0.75358 0.77807 0.7944 0.80504 0.81134 0.81393 0.81193 0.8031 0.78435 0.7512
0.75717 0.64469 0.52175 0.40122 0.29469 0.20962 0.1488 0.11207 0.098451 0.10758 0.14006 0.19697 0.27835 0.38106 0.49733 0.6157 0.72424 0.81441 0.8833 0.93268 0.96611 0.98683 0.99711 0.99761 0.98679 0.96131 0.91684 0.84926
0.73864 0.6293 0.5107 0.39504 0.29302 0.21127 0.1524 0.11653 0.10307 0.11184 0.14334 0.19827 0.2764 0.37478 0.48641 0.60076 0.70648 0.79529 0.86416 0.91457 0.94954 0.97162 0.98236 0.98203 0.96944 0.94209 0.8965 0.82907
0.74866 0.60912 0.47099 0.34861 0.25025 0.1779 0.12994 0.10368 0.096929 0.10887 0.14017 0.19254 0.26782 0.36654 0.48564 0.61656 0.74645 0.86322 0.95991 1.0343 1.0862 1.1173 1.1302 1.1255 1.1005 1.0515 0.97629 0.87433
0.7066 0.54238 0.39225 0.27379 0.19125 0.13958 0.11086 0.098438 0.098473 0.10975 0.1335 0.17375 0.23707 0.33008 0.45442 0.60101 0.75195 0.89164 1.0119 1.1071 1.1733 1.2109 1.2237 1.2123 1.1724 1.1001 0.99572 0.86247
0.62217 0.43933 0.28795 0.18902 0.13807 0.11868 0.11593 0.11949 0.12417 0.1287 0.13565 0.15288 0.1936 0.27363 0.40073 0.56179 0.72827 0.87897 1.0094 1.1164 1.1913 1.2326 1.2428 1.222 1.1666 1.075 0.95247 0.80075
0.49262 0.30785 0.17949 0.12336 0.12002 0.14089 0.1663 0.1844 0.1892 0.17992 0.16156 0.14596 0.15322 0.20949 0.32932 0.49586 0.66903 0.81977 0.94646 1.0536 1.1319 1.174 1.1786 1.1459 1.0763 0.97605 0.84922 0.6863
0.32327 0.1764 0.10893 0.11744 0.1673 0.22582 0.27421 0.30115 0.3006 0.27302 0.22589 0.17366 0.13974 0.15642 0.24564 0.39395 0.55801 0.70233 0.82242 0.92529 1.0026 1.0415 1.0375 0.99222 0.91192 0.80817 0.67661 0.50784
0.17019 0.10789 0.12767 0.20187 0.29212 0.37428 0.43475 0.46282 0.45308 0.40747 0.33576 0.25262 0.1778 0.14211 0.17441 0.27445 0.40846 0.53959 0.65437 0.75262 0.82424 0.85539 0.84134 0.78518 0.69709 0.58708 0.4525 0.30077
0.10861 0.14793 0.24588 0.36289 0.47213 0.56303 0.62508 0.64815 0.62814 0.56822 0.47964 0.3758 0.26871 0.1816 0.14709 0.1816 0.26871 0.3758 0.47964 0.56822 0.62814 0.64815 0.62508 0.56303 0.47213 0.36289 0.24588 0.14793
0.15954 0.27441 0.41499 0.54844 0.6635 0.7551 0.81191 0.82693 0.79796 0.72815 0.6279 0.51045 0.38285 0.26008 0.17289 0.14792 0.18388 0.25571 0.33592 0.4047 0.44726 0.45531 0.42743 0.3683 0.28797 0.201 0.13009 0.10822
0.27592 0.42269 0.57415 0.71117 0.82781 0.91439 0.96212 0.96855 0.93332 0.85796 0.74965 0.62225 0.48428 0.34644 0.23313 0.17018 0.16298 0.19445 0.24055 0.28156 0.30431 0.3027 0.27676 0.23177 0.17868 0.13432 0.1226 0.16798
0.39797 0.54645 0.69407 0.82828 0.93849 1.0141 1.0509 1.0498 1.0112 0.93482 0.82531 0.69467 0.55528 0.41814 0.30071 0.22103 0.18397 0.17925 0.19073 0.20385 0.20905 0.20266 0.18574 0.16351 0.14618 0.14823 0.1859 0.27071
0.49439 0.63084 0.76492 0.88412 0.97817 1.0396 1.0663 1.0595 1.0198 0.94673 0.8447 0.72305 0.59308 0.46689 0.35728 0.27444 0.22076 0.191 0.17634 0.16851 0.1625 0.15701 0.15348 0.15578 0.17067 0.20695 0.27256 0.37038
0.5491 0.66381 0.77408 0.86985 0.94401 0.99195 1.011 1.0003 0.96063 0.89465 0.80673 0.70328 0.59291 0.48583 0.39117 0.31431 0.25634 0.21509 0.1868 0.1683 0.15857 0.15825 0.16816 0.18937 0.22436 0.27664 0.34894 0.44119
0.55139 0.63948 0.7229 0.79443 0.8502 0.88693 0.90005 0.88676 0.84942 0.79325 0.72241 0.64053 0.55376 0.46999 0.39502 0.33143 0.27994 0.24009 0.21057 0.19111 0.18368 0.19004 0.20912 0.23863 0.27811 0.32893 0.39206 0.46702
0.50704 0.57071 0.63101 0.68284 0.72374 0.75067 0.75862 0.74504 0.71317 0.66833 0.61363 0.55153 0.48684 0.42526 0.37019 0.32306 0.28481 0.25523 0.23324 0.21962 0.21764 0.22874 0.24954 0.27577 0.30695 0.34521 0.39172 0.44613
0.4365 0.48351 0.52846 0.56727 0.59775 0.61717 0.62164 0.6097 0.58424 0.54902 0.50623 0.45836 0.40971 0.36443 0.32477 0.29223 0.268 0.25143 0.24058 0.23545 0.23843 0.24959 0.26456 0.28017 0.2982 0.32226 0.35379 0.39227
0.36656 0.40709 0.44621 0.48026 0.50679 0.52302 0.52597 0.51496 0.49229 0.46078 0.42264 0.3808 0.33937 0.30184 0.2704 0.24709 0.23329 0.2278 0.22742 0.22993 0.23503 0.24139 0.24638 0.25052 0.25818 0.27346 0.29739 0.32899
0.32497 0.36919 0.41198 0.44919 0.47756 0.49401 0.49605 0.48339 0.45801 0.42273 0.3805 0.33518 0.2913 0.25265 0.22215 0.20239 0.19463 0.19685 0.20423 0.21174 0.21599 0.21536 0.21086 0.20717 0.21043 0.22447 0.24954 0.28389
0.33483 0.39033 0.44295 0.4873 0.51945 0.53668 0.53723 0.5207 0.48845 0.44336 0.38964 0.33273 0.2784 0.23165 0.19665 0.17654 0.17172 0.17856 0.19027 0.19953 0.20137 0.19519 0.18529 0.1792 0.18406 0.20352 0.23717 0.28218
0.4044 0.47399 0.5375 0.58884 0.62413 0.6412 0.63878 0.61634 0.57476 0.51695 0.44812 0.37525 0.30595 0.24723 0.20498 0.18249 0.17846 0.18705 0.19977 0.20843 0.20822 0.19999 0.18993 0.18676 0.19817 0.22797 0.27526 0.33593
0.5237 0.60547 0.67702 0.73294 0.76963 0.78492 0.77788 0.74856 0.6978 0.62797 0.54411 0.4543 0.36863 0.29706 0.24709 0.22126 0.21615 0.22392 0.23528 0.24235 0.24143 0.23448 0.22838 0.23223 0.25396 0.29739 0.36109 0.43929
0.66921 0.75932 0.83472 0.89139 0.92647 0.93837 0.92693 0.8923 0.83436 0.75409 0.65604 0.54989 0.4491 0.36671 0.31077 0.28213 0.27518 0.2807 0.28936 0.29449 0.29384 0.29006 0.29015 0.30327 0.3373 0.39573 0.47636 0.57133
0.80804 0.90435 0.98127 1.0356 1.0665 1.0747 1.0604 1.0217 0.95622 0.86485 0.75333 0.63367 0.52238 0.4343 0.3767 0.34815 0.34087 0.34452 0.35025 0.35322 0.35281 0.35209 0.35782 0.37907 0.42367 0.495 0.59017 0.69924
0.9066 1.009 1.0882 1.1405 1.1674 1.1724 1.1548 1.1094 1.0339 0.93173 0.81085 0.68463 0.57053 0.48357 0.42983 0.40567 0.40105 0.40458 0.40813 0.40864 0.40678 0.40589 0.41268 0.43661 0.48622 0.56527 0.67016 0.78921
0.94483 1.0522 1.1349 1.1875 1.2122 1.2136 1.1895 1.1347 1.0499 0.9425 0.82195 0.7 0.5927 0.51391 0.46828 0.45116 0.45136 0.45612 0.45801 0.45475 0.44758 0.44049 0.44121 0.46062 0.5089 0.59009 0.69917 0.82274
0.92085 1.0297 1.1151 1.1695 1.1933 1.1895 1.1564 1.0922 1.0028 0.8991 0.79012 0.6859 0.59936 0.53878 0.50433 0.49203 0.49468 0.49992 0.49899 0.48927 0.47225 0.45348 0.44291 0.45336 0.49492 0.5717 0.67805 0.79959
0.84319 0.95074 1.0374 1.0934 1.1157 1.1053 1.0623 0.99009 0.8995 0.80443 0.71703 0.64811 0.6021 0.57246 0.55085 0.53794 0.53719 0.54007 0.53389 0.51501 0.48574 0.45453 0.43464 0.43473 0.46179 0.5222 0.61463 0.72684
0.72831 0.83424 0.92117 0.97724 0.99664 0.97888 0.92662 0.84736 0.75552 0.6712 0.61508 0.59773 0.60718 0.61536 0.60605 0.5899 0.58392 0.58263 0.56957 0.54075 0.50041 0.46327 0.44026 0.42914 0.43128 0.45925 0.52353 0.61884
0.60745 0.70999 0.79453 0.84745 0.86193 0.83752 0.77875 0.69547 0.60532 0.53638 0.51693 0.55277 0.6132 0.65327 0.65603 0.64291 0.63792 0.63368 0.61416 0.57723 0.53064 0.49481 0.47345 0.45073 0.42197 0.40804 0.43504 0.50757
0.51896 0.61178 0.68771 0.73248 0.74018 0.71157 0.65203 0.57266 0.49329 0.44575 0.45864 0.52981 0.61814 0.67677 0.69517 0.69769 0.70198 0.6966 0.67285 0.63144 0.58279 0.54912 0.52835 0.49545 0.44131 0.3922 0.38545 0.43369
0.48635 0.56161 0.6218 0.65381 0.65413 0.6249 0.57137 0.50523 0.44628 0.42256 0.45547 0.53713 0.62984 0.69833 0.73797 0.76335 0.77704 0.77186 0.74682 0.7046 0.65441 0.61613 0.58844 0.54692 0.48138 0.41697 0.39158 0.42004
0.50883 0.56215 0.60262 0.62024 0.61416 0.58725 0.54435 0.49657 0.46151 0.45877 0.50046 0.57815 0.66619 0.74289 0.80224 0.84268 0.86032 0.85641 0.83263 0.79207 0.74025 0.6904 0.64734 0.59683 0.53218 0.47229 0.44547 0.46212
0.56944 0.60134 0.62308 0.6284 0.61778 0.59419 0.56257 0.53274 0.51839 0.53179 0.5782 0.65112 0.73524 0.81588 0.88178 0.92544 0.94508 0.94292 0.92172 0.88367 0.83211 0.77294 0.71459 0.65625 0.59777 0.55093 0.5308 0.54058
0.64611 0.66165 0.66999 0.66725 0.65375 0.63251 0.6093 0.59291 0.59319 0.61754 0.66753 0.7373 0.81618 0.89295 0.95758 1.0022 1.0237 1.0234 1.0039 0.96706 0.9159 0.85583 0.79291 0.7331 0.68151 0.64491 0.62881 0.6318
0.71926 0.72554 0.72648 0.71918 0.70374 0.68363 0.66539 0.65694 0.6653 0.69469 0.74478 0.81038 0.88354 0.95577 1.0185 1.064 1.0873 1.0879 1.0675 1.0294 0.97787 0.91906 0.85962 0.80529 0.76072 0.72987 0.71473 0.71323
0.77072 0.77238 0.76904 0.75861 0.74193 0.72336 0.70943 0.70638 0.71856 0.74833 0.79557 0.85671 0.92496 0.99237 1.0513 1.0948 1.1173 1.1164 1.0939 1.0544 1.0035 0.94751 0.8925 0.8441 0.8064 0.78172 0.77 0.76812
0.78149 0.78037 0.77443 0.76187 0.74464 0.72845 0.71985 0.72291 0.73878 0.76814 0.8117 0.86719 0.92794 0.98618 1.0362 1.0732 1.0916 1.0879 1.0638 1.0252 0.97867 0.92903 0.88079 0.8391 0.80862 0.79075 0.78301 0.78121
0.73834 0.73594 0.7295 0.71647 0.6993 0.68559 0.68255 0.69254 0.71413 0.74512 0.78451 0.82992 0.8766 0.9206 0.95901 0.98764 1.0003 0.99287 0.96814 0.93336 0.89486 0.8564 0.81957 0.78756 0.76471 0.75149 0.74432 0.74033
0.63329 0.62795 0.62146 0.60994 0.59585 0.58791 0.59339 0.61239 0.64092 0.6741 0.70664 0.73623 0.7638 0.78958 0.81275 0.82969 0.83345 0.82117 0.79868 0.77477 0.75274 0.73122 0.71047 0.69101 0.67476 0.66172 0.65053 0.64094
0.46657 0.45304 0.44477 0.4377 0.43362 0.43981 0.46054 0.49236 0.52814 0.56081 0.58263 0.59326 0.59711 0.59751 0.59739 0.59505 0.58604 0.57159 0.56048 0.55968 0.56552 0.56872 0.56661 0.5598 0.54746 0.53041 0.5102 0.48724
0.27607 0.25767 0.25208 0.2525 0.2592 0.27876 0.31328 0.35574 0.39552 0.42336 0.43207 0.42306 0.40147 0.3755 0.35292 0.3348 0.31848 0.30742 0.31205 0.33701 0.37175 0.3998 0.41473 0.41726 0.40576 0.38232 0.34886 0.30949
0.15044 0.14996 0.15912 0.16176 0.15955 0.16792 0.19509 0.23355 0.26851 0.28736 0.28378 0.26048 0.22695 0.19831 0.18468 0.18047 0.17217 0.15955 0.15958 0.18478 0.22652 0.26499 0.28867 0.29516 0.28278 0.25436 0.21416 0.17379
0.16463 0.20558 0.2323 0.21854 0.17586 0.13964 0.13239 0.14912 0.17011 0.17812 0.16739 0.14475 0.12883 0.14112 0.18413 0.22873 0.23729 0.20468 0.16422 0.1505 0.16801 0.19727 0.21915 0.22487 0.21253 0.18627 0.1571 0.14483
0.29596 0.3717 0.39862 0.34972 0.25288 0.16351 0.11616 0.10687 0.11142 0.11049 0.10071 0.094341 0.11916 0.19754 0.31488 0.4128 0.43222 0.36884 0.27591 0.21233 0.19672 0.20942 0.22362 0.22677 0.21744 0.20129 0.19623 0.22614
0.44419 0.51627 0.51879 0.43498 0.30501 0.18992 0.12318 0.097632 0.088828 0.083523 0.081446 0.09574 0.15642 0.28103 0.44071 0.56273 0.58435 0.50814 0.39768 0.31907 0.29219 0.29503 0.3013 0.30287 0.29912 0.29477 0.30766 0.3593
0.54212 0.57053 0.53632 0.43651 0.31034 0.20513 0.14078 0.10705 0.08966 0.084758 0.093465 0.12343 0.19629 0.32327 0.47505 0.58899 0.61722 0.56825 0.49609 0.44926 0.43579 0.43586 0.43798 0.43978 0.44097 0.4432 0.4552 0.49091
0.60957 0.58107 0.51331 0.41289 0.30686 0.22014 0.15889 0.11918 0.099072 0.097806 0.1167 0.15884 0.23036 0.33619 0.45779 0.55713 0.60696 0.61362 0.60584 0.60401 0.60683 0.61014 0.61308 0.61568 0.6174 0.61744 0.61588 0.61487
0.68238 0.60755 0.51291 0.40879 0.30975 0.22633 0.16383 0.12348 0.10513 0.10895 0.13571 0.18662 0.26176 0.35735 0.46375 0.56381 0.64339 0.70024 0.73933 0.76571 0.78382 0.79577 0.80258 0.80473 0.8014 0.79074 0.77012 0.7356
0.66081 0.58727 0.49664 0.39853 0.3055 0.22685 0.16739 0.12855 0.11065 0.11409 0.13958 0.18791 0.25876 0.34833 0.44791 0.54306 0.62116 0.67916 0.7203 0.74918 0.76965 0.78331 0.7908 0.79234 0.78727 0.77418 0.75106 0.71468
0.7148 0.6097 0.49697 0.38777 0.29157 0.21409 0.15772 0.12296 0.10971 0.11801 0.1482 0.20059 0.27456 0.36736 0.47289 0.5818 0.68372 0.77077 0.83972 0.89146 0.92834 0.95209 0.96337 0.96201 0.94726 0.9176 0.87051 0.80313
0.72286 0.59 0.45959 0.34438 0.2515 0.18261 0.1364 0.11079 0.10407 0.1156 0.14584 0.19602 0.26751 0.36076 0.47321 0.59739 0.7218 0.83522 0.93075 1.0056 1.0589 1.0914 1.1044 1.0983 1.071 1.0202 0.94447 0.84418
0.67819 0.52361 0.38362 0.27297 0.19517 0.14578 0.11787 0.10563 0.10566 0.11682 0.14009 0.17892 0.23907 0.32645 0.44271 0.5804 0.72427 0.86004 0.97868 1.0739 1.1409 1.1791 1.1915 1.1787 1.1367 1.0628 0.95845 0.82779
0.58825 0.42033 0.28282 0.19226 0.14451 0.12578 0.12281 0.12614 0.13094 0.13593 0.14339 0.16042 0.19887 0.27243 0.3882 0.53628 0.69345 0.8411 0.97235 1.08 1.1554 1.1966 1.206 1.1837 1.1259 1.0319 0.90706 0.75725
0.45659 0.29243 0.18007 0.13086 0.12796 0.14742 0.17164 0.18925 0.19451 0.18659 0.17003 0.15593 0.16223 0.21138 0.3166 0.4657 0.62688 0.77553 0.90648 1.017 1.0956 1.1367 1.1402 1.1058 1.0331 0.92663 0.79428 0.6349
0.29632 0.17001 0.11462 0.12533 0.17266 0.22852 0.27523 0.30166 0.30215 0.27692 0.23274 0.18342 0.1504 0.16168 0.23684 0.36687 0.51772 0.6598 0.78525 0.89247 0.96944 1.0066 1.0014 0.95462 0.87005 0.75794 0.62206 0.46143
0.15954 0.10822 0.13009 0.201 0.28797 0.3683 0.42743 0.45531 0.44726 0.4047 0.33592 0.25571 0.18388 0.14792 0.17289 0.26008 0.38285 0.51045 0.6279 0.72815 0.79796 0.82693 0.81191 0.7551 0.6635 0.54844 0.41499 0.27441
0.10801 0.14354 0.23364 0.34523 0.45352 0.5446 0.60601 0.62942 0.61162 0.55484 0.46799 0.36572 0.26322 0.18253 0.15112 0.18253 0.26322 0.36572 0.46799 0.55484 0.61162 0.62942 0.60601 0.5446 0.45352 0.34523 0.23364 0.14354
0.1556 0.25591 0.38485 0.51465 0.63124 0.72368 0.78044 0.7963 0.76975 0.70284 0.60356 0.48659 0.36434 0.25277 0.17723 0.15806 0.19302 0.26077 0.33699 0.40197 0.44121 0.44749 0.41983 0.36239 0.28474 0.2021 0.13573 0.11343
0.26155 0.39167 0.53319 0.6681 0.78536 0.872 0.92006 0.92762 0.89459 0.82184 0.71558 0.58978 0.45776 0.33238 0.23376 0.18098 0.17669 0.20624 0.24903 0.28683 0.30709 0.30432 0.27875 0.23543 0.18504 0.14371 0.13185 0.1693
0.37539 0.51004 0.64946 0.77973 0.88788 0.9632 1.0007 1.0008 0.96381 0.8898 0.78404 0.65817 0.52606 0.40057 0.29673 0.22767 0.19575 0.19202 0.20266 0.21443 0.21845 0.21139 0.19447 0.17284 0.15606 0.15729 0.19008 0.26363
0.4665 0.59113 0.71659 0.83029 0.92174 0.98317 1.011 1.0052 0.9661 0.89511 0.79746 0.68243 0.56129 0.44618 0.34865 0.2761 0.22936 0.20351 0.19075 0.18362 0.17757 0.17166 0.16748 0.1687 0.18134 0.21299 0.27032 0.35609
0.51554 0.61955 0.72201 0.81293 0.88528 0.93396 0.95443 0.94412 0.90436 0.83971 0.75572 0.65863 0.55692 0.46057 0.37763 0.31174 0.26287 0.22858 0.20499 0.18889 0.17983 0.17925 0.18788 0.20596 0.23532 0.27932 0.34074 0.42031
0.51362 0.59257 0.66982 0.73823 0.79358 0.83165 0.84609 0.83272 0.79472 0.7391 0.67104 0.59446 0.51551 0.44177 0.37822 0.32645 0.28638 0.25651 0.23409 0.21825 0.21199 0.21831 0.23532 0.25908 0.28909 0.3281 0.37846 0.44073
0.46848 0.52526 0.58149 0.63197 0.67365 0.70258 0.7118 0.69762 0.66448 0.61949 0.56652 0.50846 0.45025 0.39737 0.3529 0.31795 0.29273 0.27525 0.26192 0.25237 0.25174 0.26289 0.28048 0.29807 0.31647 0.3407 0.37404 0.41697
0.40191 0.44489 0.48806 0.52718 0.55961 0.58167 0.58732 0.57425 0.54688 0.51074 0.46855 0.42312 0.37892 0.3403 0.30969 0.28863 0.27754 0.27352 0.27146 0.27026 0.27444 0.28497 0.29515 0.30007 0.3041 0.31439 0.33439 0.36403
0.34147 0.38123 0.42113 0.45727 0.4868 0.50595 0.50981 0.49724 0.47215 0.43871 0.39953 0.35784 0.31822 0.28475 0.26008 0.24624 0.24377 0.24933 0.25676 0.26285 0.26864 0.27301 0.27172 0.26494 0.26017 0.26446 0.28024 0.30662
0.31473 0.36127 0.40725 0.44807 0.48005 0.4992 0.50181 0.48744 0.45916 0.4207 0.37543 0.32773 0.28297 0.24571 0.21911 0.20562 0.20577 0.21604 0.22961 0.24019 0.2445 0.24079 0.22966 0.21708 0.21166 0.219 0.24002 0.27289
0.34186 0.40203 0.45952 0.50839 0.54443 0.56416 0.56486 0.54616 0.5103 0.4608 0.40222 0.34079 0.28335 0.2355 0.20134 0.18376 0.18283 0.1942 0.20999 0.22163 0.22324 0.21404 0.19924 0.18794 0.18866 0.2058 0.23909 0.28574
0.42641 0.50207 0.57137 0.62782 0.66724 0.68657 0.6836 0.65815 0.6121 0.54884 0.47375 0.39473 0.32042 0.2583 0.21401 0.19064 0.18698 0.19709 0.21192 0.22217 0.22204 0.2124 0.20046 0.19602 0.20735 0.23832 0.28801 0.35258
0.55499 0.64354 0.72129 0.78266 0.82364 0.84081 0.83242 0.7992 0.7431 0.66679 0.57534 0.47773 0.38517 0.30809 0.25382 0.22484 0.218 0.22563 0.23806 0.2465 0.24647 0.24004 0.23485 0.24054 0.26508 0.31208 0.3802 0.46398
0.70288 0.80045 0.88243 0.94461 0.98364 0.99689 0.98359 0.9443 0.87971 0.79118 0.6836 0.56764 0.45802 0.36848 0.30718 0.27496 0.26628 0.27187 0.28186 0.28876 0.28979 0.28784 0.29041 0.30692 0.34516 0.40858 0.49519 0.59726
0.83734 0.94246 1.0269 1.0869 1.1211 1.13 1.1133 1.0687 0.99435 0.89216 0.76884 0.63735 0.51547 0.41925 0.35656 0.32587 0.31887 0.32445 0.33278 0.33822 0.33988 0.34111 0.34916 0.37351 0.42231 0.49929 0.60172 0.71938
0.92696 1.0397 1.1278 1.1861 1.2158 1.2206 1.1994 1.1464 1.0599 0.9449 0.81071 0.67116 0.54503 0.44951 0.39187 0.36815 0.36675 0.3746 0.38223 0.38576 0.38565 0.38564 0.39318 0.41872 0.47185 0.55697 0.67025 0.79911
0.95562 1.0736 1.1656 1.2245 1.2518 1.2518 1.2224 1.1585 1.062 0.94199 0.80786 0.67151 0.55169 0.46541 0.41799 0.40334 0.40886 0.41969 0.42656 0.42631 0.41992 0.41205 0.41158 0.43117 0.48246 0.57022 0.68867 0.82278
0.92373 1.0418 1.1355 1.196 1.222 1.2156 1.1755 1.1016 1.0014 0.88564 0.76263 0.64458 0.54876 0.48536 0.4524 0.44313 0.4503 0.46188 0.46592 0.45853 0.44106 0.42008 0.4077 0.41759 0.4611 0.54389 0.65991 0.79233
0.83805 0.95363 1.0474 1.1091 1.1333 1.119 1.0677 0.98533 0.88341 0.775 0.6739 0.59623 0.55007 0.52598 0.50905 0.49731 0.4978 0.50552 0.50357 0.48597 0.45518 0.42246 0.4019 0.40049 0.42624 0.48906 0.58919 0.71192
0.71416 0.82846 0.92241 0.98395 1.0046 0.98198 0.92041 0.82955 0.72386 0.62458 0.5581 0.54186 0.56342 0.58528 0.58159 0.56282 0.55426 0.55602 0.54609 0.51759 0.47609 0.44065 0.41943 0.40539 0.40059 0.42383 0.49064 0.59468
0.58686 0.6985 0.79038 0.84831 0.86328 0.83342 0.76489 0.66876 0.56313 0.48021 0.45669 0.50363 0.58473 0.64147 0.6477 0.62865 0.61951 0.61767 0.60028 0.5632 0.51751 0.48763 0.47121 0.44465 0.40341 0.3768 0.39953 0.47736
0.4981 0.59942 0.68212 0.73097 0.73839 0.70444 0.63583 0.54434 0.4511 0.39359 0.40828 0.49506 0.60438 0.67647 0.69533 0.69196 0.69423 0.69155 0.6693 0.62767 0.58166 0.55681 0.5434 0.50707 0.43809 0.37173 0.35555 0.40515
0.47034 0.55226 0.61784 0.65279 0.65237 0.61854 0.55759 0.48205 0.41322 0.38403 0.42107 0.5161 0.62383 0.70044 0.73994 0.76331 0.77888 0.77624 0.75229 0.70974 0.66167 0.63147 0.611 0.56713 0.48839 0.4075 0.3716 0.3989
0.49893 0.55711 0.6016 0.62117 0.61427 0.58391 0.5356 0.48152 0.44055 0.4352 0.48011 0.56593 0.66248 0.74418 0.80554 0.84851 0.8691 0.86736 0.84423 0.80302 0.75104 0.70505 0.66602 0.61353 0.53952 0.46787 0.43331 0.44875
0.56417 0.5998 0.62452 0.63117 0.62001 0.59421 0.55914 0.5254 0.50779 0.51988 0.56797 0.64509 0.73417 0.81922 0.88903 0.93575 0.95778 0.95707 0.93598 0.89683 0.84341 0.78313 0.72437 0.6634 0.59922 0.5461 0.52234 0.53235
0.64335 0.66188 0.67256 0.67098 0.65744 0.63509 0.60995 0.59135 0.58987 0.61365 0.6647 0.7371 0.81954 0.89999 0.96777 1.0147 1.0377 1.038 1.0181 0.97959 0.92584 0.86245 0.79603 0.73282 0.67779 0.63862 0.62187 0.62633
0.71698 0.72573 0.72873 0.72272 0.70774 0.68732 0.66823 0.65874 0.66627 0.69547 0.74638 0.81391 0.88972 0.9647 1.0297 1.0766 1.1005 1.1009 1.0795 1.0393 0.98479 0.92247 0.85945 0.8019 0.75501 0.72316 0.70847 0.70861
0.76731 0.7711 0.76978 0.76087 0.74502 0.72669 0.71268 0.70942 0.7214 0.75124 0.7992 0.86186 0.93209 1.0013 1.0615 1.1057 1.128 1.1262 1.102 1.0601 1.0064 0.94735 0.88939 0.83848 0.79923 0.77422 0.76324 0.76281
0.7764 0.77736 0.77352 0.76263 0.74641 0.73073 0.72241 0.7257 0.74176 0.77142 0.81567 0.8723 0.93431 0.99358 1.0443 1.0815 1.0993 1.0941 1.0677 1.0265 0.97735 0.92538 0.87504 0.83165 0.80022 0.78229 0.77517 0.77448
0.73218 0.73172 0.72735 0.71599 0.69986 0.68667 0.68397 0.69424 0.71616 0.74761 0.78758 0.83365 0.88103 0.92568 0.96452 0.99312 1.0049 0.99565 0.96841 0.9311 0.89043 0.85026 0.81219 0.7793 0.75598 0.7427 0.73586 0.73273
0.6269 0.62291 0.61803 0.60797 0.59491 0.58758 0.59347 0.61285 0.64175 0.67535 0.70822 0.73806 0.76593 0.79199 0.81532 0.83193 0.83455 0.8204 0.79583 0.77017 0.74696 0.72463 0.7034 0.68369 0.66725 0.65406 0.64293 0.63371
0.4617 0.44866 0.44124 0.43512 0.43189 0.4387 0.45989 0.4921 0.52821 0.5611 0.58301 0.59364 0.59742 0.59771 0.59737 0.59446 0.58444 0.56878 0.55666 0.55532 0.56102 0.56424 0.56214 0.55537 0.54296 0.52575 0.50535 0.48226
0.27607 0.25767 0.25208 0.2525 0.2592 0.27876 0.31328 0.35574 0.39552 0.42336 0.43207 0.42306 0.40147 0.3755 0.35292 0.3348 0.31848 0.30742 0.31205 0.33701 0.37175 0.3998 0.41473 0.41726 0.40576 0.38232 0.34886 0.30949
0.15671 0.15536 0.16316 0.16459 0.16165 0.16959 0.19638 0.23442 0.26905 0.28776 0.28427 0.26128 0.22813 0.1998 0.18648 0.1829 0.17583 0.16471 0.16578 0.19119 0.23252 0.27047 0.29384 0.30022 0.28794 0.25983 0.22012 0.18017
0.17165 0.20903 0.23244 0.21729 0.17521 0.14025 0.1338 0.15063 0.17139 0.17932 0.1688 0.14646 0.13034 0.14148 0.18281 0.22671 0.23699 0.20815 0.17148 0.15997 0.17802 0.20697 0.22847 0.23405 0.2219 0.19602 0.16706 0.15411
0.29393 0.36227 0.38468 0.33639 0.24412 0.16005 0.11632 0.10852 0.11327 0.11239 0.10277 0.09578 0.11786 0.19074 0.30137 0.39514 0.41626 0.36001 0.27586 0.21898 0.20671 0.22025 0.2343 0.23736 0.22812 0.21178 0.20511 0.2309
0.4288 0.49132 0.49019 0.41045 0.28949 0.18348 0.12259 0.09941 0.091096 0.085935 0.083729 0.096097 0.15085 0.26504 0.41288 0.52764 0.55116 0.48524 0.38805 0.32007 0.2988 0.30327 0.3097 0.31118 0.30714 0.30166 0.3107 0.35457
0.51917 0.53966 0.50438 0.41119 0.29565 0.19993 0.14106 0.10928 0.092573 0.087741 0.095881 0.12345 0.18926 0.30419 0.44276 0.54895 0.5793 0.54093 0.48197 0.44524 0.43674 0.4384 0.44097 0.44259 0.44297 0.44337 0.45089 0.47831
0.58706 0.55515 0.4892 0.39565 0.29828 0.2183 0.16056 0.1226 0.10315 0.10173 0.11961 0.15944 0.22549 0.32184 0.43306 0.52627 0.5772 0.59061 0.59081 0.59453 0.60031 0.60531 0.60888 0.61114 0.61158 0.60933 0.60442 0.59822
0.56034 0.52482 0.46141 0.37619 0.28903 0.21689 0.16339 0.12766 0.10905 0.10745 0.12401 0.16095 0.22077 0.30616 0.40521 0.49096 0.54275 0.56367 0.57283 0.58275 0.59208 0.59922 0.60357 0.60541 0.60421 0.5991 0.5902 0.57811
0.63484 0.56336 0.47792 0.38708 0.30124 0.22837 0.17263 0.13568 0.11834 0.12132 0.1452 0.19036 0.25604 0.3386 0.43024 0.51931 0.59507 0.65385 0.69723 0.72905 0.75225 0.76788 0.77613 0.77694 0.76983 0.7539 0.72783 0.68921
0.68642 0.58662 0.48124 0.37997 0.29076 0.21841 0.16508 0.13171 0.11872 0.12641 0.15498 0.20426 0.27325 0.35937 0.45744 0.55956 0.65672 0.74161 0.81065 0.86388 0.90284 0.92839 0.94023 0.93773 0.92061 0.88841 0.8396 0.77222
0.69307 0.56815 0.44696 0.34024 0.25385 0.18909 0.14502 0.12021 0.11355 0.12456 0.15346 0.20096 0.26793 0.35468 0.45918 0.57529 0.69319 0.8027 0.8968 0.97199 1.0267 1.0604 1.0736 1.066 1.0364 0.98369 0.90762 0.80932
0.64751 0.50362 0.37476 0.27279 0.20039 0.15372 0.12686 0.11491 0.11494 0.12591 0.14852 0.18556 0.24199 0.32301 0.4303 0.55813 0.69397 0.82481 0.94109 1.0358 1.1033 1.1421 1.1541 1.1397 1.0957 1.0206 0.91688 0.78978
0.55516 0.40229 0.27856 0.19641 0.15214 0.13434 0.1313 0.13451 0.13946 0.14488 0.15274 0.16935 0.20527 0.27225 0.3767 0.51165 0.6589 0.80218 0.9323 1.0394 1.1147 1.1556 1.1641 1.1403 1.0806 0.98532 0.86019 0.71383
0.42486 0.28008 0.18235 0.13928 0.13675 0.155 0.17813 0.19531 0.2011 0.19457 0.1798 0.16712 0.17263 0.21537 0.30709 0.43965 0.58872 0.73363 0.866 0.97727 1.0552 1.0952 1.0975 1.0617 0.98703 0.87718 0.74224 0.58795
0.27592 0.16798 0.1226 0.13432 0.17868 0.23177 0.27676 0.3027 0.30431 0.28156 0.24055 0.19445 0.16298 0.17018 0.23313 0.34644 0.48428 0.62225 0.74965 0.85796 0.93332 0.96855 0.96212 0.91439 0.82781 0.71117 0.57415 0.42269
0.1556 0.11343 0.13573 0.2021 0.28474 0.36239 0.41983 0.44749 0.44121 0.40197 0.33699 0.26077 0.19302 0.15806 0.17723 0.25277 0.36434 0.48659 0.60356 0.70284 0.76975 0.7963 0.78044 0.72368 0.63124 0.51465 0.38485 0.25591
0.11309 0.1447 0.22638 0.3311 0.43631 0.52576 0.58598 0.60964 0.59414 0.54103 0.45772 0.35909 0.26255 0.1888 0.16061 0.1888 0.26255 0.35909 0.45772 0.54103 0.59414 0.60964 0.58598 0.52576 0.43631 0.3311 0.22638 0.1447
0.15661 0.24396 0.36127 0.48527 0.60014 0.69127 0.74739 0.76396 0.73995 0.67666 0.58091 0.4674 0.35204 0.2513 0.18591 0.17108 0.20408 0.26707 0.33855 0.39923 0.43504 0.43953 0.41207 0.35645 0.28204 0.20432 0.14318 0.12172
0.2517 0.36703 0.49812 0.628 0.74247 0.82772 0.8756 0.88419 0.85349 0.78417 0.68232 0.56136 0.43693 0.3233 0.23731 0.19284 0.19064 0.21823 0.25786 0.29259 0.3105 0.30654 0.28115 0.2393 0.19139 0.15283 0.14125 0.17251
0.35594 0.47747 0.60734 0.73107 0.83541 0.90948 0.94748 0.94864 0.91325 0.84231 0.74173 0.623 0.49974 0.38568 0.29409 0.23449 0.20748 0.20518 0.21549 0.22637 0.22944 0.22162 0.20435 0.18286 0.1662 0.16616 0.19425 0.25789
0.43949 0.55192 0.66772 0.77466 0.86253 0.92352 0.95256 0.94754 0.90906 0.84044 0.74804 0.64075 0.52935 0.42569 0.33999 0.27761 0.2382 0.21707 0.20714 0.20138 0.1955 0.18899 0.18373 0.1832 0.19284 0.21927 0.26818 0.3423
0.48192 0.5746 0.66828 0.75355 0.8237 0.87308 0.8951 0.88506 0.84498 0.78175 0.70216 0.61228 0.52003 0.43486 0.36376 0.30916 0.27029 0.24428 0.22658 0.21349 0.20517 0.20419 0.21122 0.2254 0.24799 0.28263 0.33266 0.3995
0.47565 0.54476 0.61495 0.67964 0.73459 0.77476 0.79097 0.77711 0.73761 0.68229 0.61745 0.54698 0.47664 0.41331 0.36135 0.32196 0.29461 0.27639 0.26223 0.2499 0.2444 0.25097 0.26635 0.28368 0.30264 0.32833 0.36515 0.41452
0.42988 0.47907 0.5304 0.57907 0.62222 0.6543 0.66524 0.64985 0.61423 0.56851 0.51775 0.46458 0.41355 0.36966 0.33594 0.31383 0.30311 0.29938 0.29491 0.28836 0.28848 0.30047 0.3161 0.32492 0.32878 0.33737 0.35678 0.38805
0.3675 0.40579 0.4465 0.48573 0.52117 0.54708 0.55425 0.53926 0.50865 0.47099 0.42989 0.38768 0.34856 0.31677 0.29529 0.28628 0.28958 0.29917 0.30525 0.30663 0.31149 0.32231 0.3291 0.32362 0.31219 0.30748 0.31551 0.33625
0.31686 0.35523 0.39544 0.43366 0.46717 0.49028 0.49523 0.48027 0.45159 0.41591 0.3761 0.33528 0.29801 0.26872 0.25075 0.24666 0.25629 0.27333 0.28772 0.29625 0.30234 0.30547 0.29904 0.28167 0.26355 0.25629 0.26386 0.28504
0.30496 0.35326 0.4021 0.44664 0.48279 0.50531 0.50851 0.49176 0.45997 0.41819 0.37024 0.32079 0.27562 0.23978 0.21691 0.2097 0.21811 0.23673 0.25596 0.26899 0.27323 0.26693 0.24987 0.22821 0.21369 0.21424 0.23134 0.26275
0.34861 0.41297 0.47515 0.52879 0.56915 0.59165 0.59243 0.57118 0.53126 0.47719 0.41403 0.34859 0.2884 0.23944 0.20592 0.1908 0.19395 0.21025 0.23036 0.24436 0.24585 0.23386 0.21394 0.19699 0.19336 0.2082 0.24125 0.28942
0.44687 0.52825 0.60332 0.66518 0.70917 0.73096 0.72733 0.69848 0.64758 0.57868 0.49749 0.4126 0.33353 0.26799 0.22153 0.1973 0.19426 0.20634 0.22378 0.23602 0.23613 0.22493 0.2107 0.20459 0.21564 0.24776 0.29985 0.36809
0.58353 0.67869 0.76276 0.82988 0.87542 0.89459 0.88483 0.84747 0.78567 0.70255 0.60342 0.49811 0.39883 0.31632 0.2578 0.22589 0.21773 0.22572 0.2397 0.24985 0.25081 0.24475 0.2401 0.24726 0.27436 0.32481 0.39718 0.48625
0.73288 0.83798 0.92684 0.9948 1.0379 1.0525 1.0374 0.99333 0.92165 0.82438 0.70707 0.5814 0.46314 0.36664 0.30023 0.26488 0.25506 0.26127 0.27299 0.28187 0.28464 0.28433 0.289 0.30844 0.3505 0.4186 0.5109 0.61974
0.86265 0.9767 1.069 1.1348 1.1723 1.182 1.1629 1.1123 1.0288 0.91563 0.78054 0.63739 0.50505 0.40083 0.33341 0.30117 0.2951 0.30308 0.31428 0.32232 0.32602 0.32897 0.33888 0.36573 0.41821 0.50046 0.60982 0.73572
0.94414 1.067 1.1638 1.2281 1.2606 1.2653 1.2405 1.18 1.0829 0.95576 0.80871 0.65575 0.51729 0.41322 0.35216 0.3294 0.33174 0.34416 0.35598 0.36254 0.3641 0.3647 0.37257 0.39922 0.45547 0.54643 0.66788 0.80622
0.965 1.0926 1.1931 1.2581 1.2879 1.2866 1.2521 1.1798 1.0729 0.94138 0.79354 0.6418 0.50877 0.41543 0.36737 0.356 0.36682 0.38372 0.39548 0.39813 0.39242 0.3836 0.3818 0.40139 0.45545 0.54971 0.67762 0.82212
0.92665 1.0526 1.1534 1.2195 1.2477 1.2388 1.1922 1.1097 1.0001 0.87249 0.73405 0.60049 0.49514 0.43053 0.4013 0.39635 0.4078 0.4251 0.43386 0.42863 0.41065 0.38764 0.37362 0.38262 0.42752 0.51612 0.64213 0.78568
0.83329 0.95589 1.0556 1.1225 1.1484 1.1305 1.0717 0.98026 0.86745 0.74449 0.62741 0.53959 0.4942 0.47854 0.46942 0.46036 0.46155 0.47281 0.47471 0.45824 0.42614 0.39267 0.37147 0.36764 0.39085 0.4554 0.5635 0.69739
0.70037 0.82254 0.92263 0.98904 1.0109 0.98389 0.91389 0.81216 0.69224 0.57619 0.49731 0.48163 0.51701 0.55579 0.56077 0.54052 0.52833 0.53137 0.52409 0.49589 0.45421 0.42145 0.40186 0.3836 0.37025 0.38772 0.45706 0.57051
0.5671 0.68746 0.78592 0.84827 0.86372 0.82904 0.75179 0.64341 0.52192 0.42378 0.39505 0.45311 0.55628 0.63201 0.64372 0.61905 0.60423 0.60311 0.58739 0.55031 0.50704 0.48418 0.47251 0.44099 0.38605 0.34598 0.36427 0.44776
0.47869 0.58792 0.67664 0.72903 0.73628 0.69771 0.62115 0.51833 0.41142 0.34368 0.35977 0.46203 0.59272 0.67915 0.69914 0.68942 0.688 0.68689 0.66578 0.62424 0.58235 0.56721 0.56104 0.52073 0.43659 0.35292 0.32734 0.37831
0.45597 0.54378 0.61402 0.65151 0.65055 0.61285 0.54556 0.46157 0.38357 0.34926 0.39031 0.49818 0.62041 0.70489 0.74391 0.76434 0.78047 0.77974 0.75664 0.71399 0.66918 0.64765 0.63438 0.58819 0.49677 0.40008 0.35402 0.38
0.49038 0.55261 0.60045 0.62169 0.61419 0.58099 0.52821 0.46881 0.42278 0.41527 0.46328 0.55651 0.66066 0.74651 0.809 0.85341 0.87629 0.87623 0.85358 0.81188 0.76048 0.71892 0.68414 0.63016 0.54776 0.46534 0.42346 0.43744
0.55978 0.59837 0.62548 0.63322 0.62167 0.59413 0.55633 0.51949 0.4993 0.5104 0.55996 0.64059 0.73365 0.82206 0.8948 0.94391 0.96778 0.96818 0.94712 0.90707 0.85228 0.79172 0.73322 0.67044 0.60159 0.543 0.51585 0.52572
0.64117 0.66196 0.6744 0.67369 0.66013 0.63696 0.61039 0.59014 0.58732 0.61063 0.66244 0.7368 0.82196 0.90522 0.9754 1.0241 1.0482 1.0489 1.0286 0.98887 0.93316 0.86731 0.79849 0.73292 0.67534 0.6341 0.61669 0.62212
0.71536 0.72585 0.73027 0.72515 0.71048 0.68985 0.67017 0.65993 0.66685 0.69586 0.7473 0.81617 0.89388 0.97083 1.0375 1.0854 1.1097 1.1099 1.0877 1.0461 0.98953 0.92476 0.85925 0.79952 0.75105 0.71851 0.70411 0.70536
0.76521 0.77034 0.77026 0.76227 0.74692 0.72872 0.71465 0.71124 0.72308 0.75291 0.80129 0.86491 0.9364 1.0068 1.0679 1.1124 1.1347 1.1323 1.107 1.0636 1.0082 0.94724 0.88744 0.83499 0.79479 0.76958 0.75905 0.75951
0.7738 0.77584 0.77309 0.76304 0.74733 0.73189 0.7237 0.72708 0.74323 0.77302 0.81761 0.87484 0.93753 0.99735 1.0484 1.0857 1.1032 1.0973 1.0698 1.0272 0.97669 0.92352 0.8721 0.82785 0.79594 0.77798 0.77116 0.77104
0.73009 0.73029 0.72663 0.71584 0.70005 0.68704 0.68444 0.6948 0.71683 0.74843 0.78859 0.83489 0.88251 0.9274 0.96639 0.99499 1.0065 0.99661 0.96852 0.93034 0.88894 0.84818 0.80969 0.77651 0.75303 0.73972 0.73299 0.73015
0.6269 0.62291 0.61803 0.60797 0.59491 0.58758 0.59347 0.61285 0.64175 0.67535 0.70822 0.73806 0.76593 0.79199 0.81532 0.83193 0.83455 0.8204 0.79583 0.77017 0.74696 0.72463 0.7034 0.68369 0.66725 0.65406 0.64293 0.63371
0.46657 0.45304 0.44477 0.4377 0.43362 0.43981 0.46054 0.49236 0.52814 0.56081 0.58263 0.59326 0.59711 0.59751 0.59739 0.59505 0.58604 0.57159 0.56048 0.55968 0.56552 0.56872 0.56661 0.5598 0.54746 0.53041 0.5102 0.48724
0.28872 0.26948 0.26194 0.25999 0.26459 0.28253 0.31575 0.35711 0.39607 0.4235 0.43221 0.42358 0.40269 0.37755 0.3561 0.33982 0.32607 0.31764 0.32393 0.34913 0.38316 0.41037 0.42479 0.4271 0.41576 0.39283 0.36024 0.32181
0.17495 0.17102 0.17488 0.17284 0.16778 0.17448 0.20013 0.23697 0.27062 0.28894 0.28569 0.26357 0.23155 0.20416 0.19176 0.19005 0.18649 0.17968 0.18381 0.20988 0.25014 0.28668 0.30916 0.31521 0.30323 0.27599 0.23765 0.1988
0.18522 0.2158 0.23297 0.2152 0.17419 0.14158 0.13662 0.1536 0.17392 0.18166 0.17156 0.1498 0.13336 0.1424 0.18064 0.22328 0.23681 0.21506 0.18558 0.17834 0.19752 0.22596 0.24676 0.25208 0.24026 0.21506 0.18642 0.17205
0.29129 0.34816 0.36359 0.31622 0.23096 0.15506 0.11689 0.11133 0.11638 0.11558 0.10621 0.098338 0.11627 0.18076 0.28113 0.36857 0.39232 0.34706 0.27649 0.23003 0.22297 0.23782 0.25166 0.25457 0.24543 0.22875 0.21955 0.23884
0.40842 0.45788 0.45177 0.37759 0.26895 0.17529 0.12233 0.10229 0.094642 0.089688 0.08732 0.097187 0.14401 0.24409 0.37585 0.48072 0.50682 0.45491 0.37581 0.32227 0.30859 0.31525 0.32198 0.32333 0.31883 0.31174 0.31554 0.34876
0.49095 0.50164 0.46519 0.38042 0.27819 0.19424 0.1421 0.11276 0.096967 0.092224 0.099597 0.12429 0.1815 0.28153 0.40364 0.50006 0.53292 0.50764 0.46499 0.44064 0.43816 0.4419 0.44514 0.44652 0.44578 0.44376 0.44574 0.46292
0.4605 0.46057 0.42306 0.34776 0.26025 0.18917 0.1443 0.11773 0.10307 0.098431 0.10485 0.12646 0.17449 0.25834 0.36237 0.44788 0.48329 0.47222 0.44725 0.43618 0.44005 0.4463 0.45041 0.45151 0.44936 0.44442 0.4404 0.44646
0.53143 0.49265 0.4325 0.35648 0.28024 0.21639 0.16773 0.13467 0.1171 0.11526 0.13023 0.16375 0.21706 0.29106 0.3772 0.45468 0.5068 0.53503 0.55307 0.56911 0.58237 0.5919 0.59718 0.59849 0.59538 0.58705 0.57378 0.55576
0.60543 0.53686 0.4577 0.37512 0.2975 0.23126 0.1799 0.14524 0.12861 0.13099 0.15293 0.19434 0.25408 0.32881 0.41182 0.49386 0.56633 0.6252 0.67085 0.70577 0.73182 0.7495 0.75853 0.75852 0.7492 0.73028 0.70107 0.66007
0.65439 0.56089 0.46415 0.37207 0.29093 0.22455 0.17488 0.14319 0.13052 0.13745 0.16402 0.20959 0.2728 0.35125 0.44072 0.53486 0.62633 0.70859 0.77756 0.8322 0.87315 0.90044 0.91281 0.90912 0.88963 0.85492 0.80443 0.73719
0.66022 0.54431 0.43356 0.33648 0.25749 0.19759 0.15613 0.13234 0.12572 0.13608 0.16332 0.20756 0.26924 0.34855 0.44401 0.55092 0.66139 0.76638 0.8586 0.93373 0.98948 1.0245 1.0377 1.0286 0.99685 0.94256 0.86649 0.77065
0.61543 0.48301 0.36595 0.27334 0.20697 0.16351 0.13805 0.12653 0.12659 0.13729 0.15895 0.19375 0.24586 0.31986 0.41751 0.53476 0.66172 0.78663 0.89968 0.99304 1.0606 1.0998 1.1114 1.0954 1.0497 0.97408 0.87189 0.74935
0.52381 0.38566 0.27521 0.20137 0.1609 0.14434 0.14148 0.14473 0.1499 0.15568 0.16371 0.17959 0.21265 0.27302 0.36647 0.48854 0.62544 0.76284 0.88968 0.99491 1.0694 1.1098 1.1175 1.0921 1.0313 0.9359 0.81275 0.67161
0.39797 0.27071 0.1859 0.14823 0.14618 0.16351 0.18574 0.20266 0.20905 0.20385 0.19073 0.17925 0.18397 0.22103 0.30071 0.41814 0.55528 0.69467 0.82531 0.93482 1.0112 1.0498 1.0509 1.0141 0.93849 0.82828 0.69407 0.54645
0.26155 0.1693 0.13185 0.14371 0.18504 0.23543 0.27875 0.30432 0.30709 0.28683 0.24903 0.20624 0.17669 0.18098 0.23376 0.33238 0.45776 0.58978 0.71558 0.82184 0.89459 0.92762 0.92006 0.872 0.78536 0.6681 0.53319 0.39167
0.15661 0.12172 0.14318 0.20432 0.28204 0.35645 0.41207 0.43953 0.43504 0.39923 0.33855 0.26707 0.20408 0.17108 0.18591 0.2513 0.35204 0.4674 0.58091 0.67666 0.73995 0.76396 0.74739 0.69127 0.60014 0.48527 0.36127 0.24396
0.12148 0.1493 0.22252 0.31955 0.42006 0.50657 0.56529 0.58915 0.57596 0.52676 0.44822 0.35489 0.26524 0.19858 0.17351 0.19858 0.26524 0.35489 0.44822 0.52676 0.57596 0.58915 0.56529 0.50657 0.42006 0.31955 0.22252 0.1493
0.1603 0.23643 0.34252 0.45912 0.56963 0.65803 0.71309 0.73029 0.7088 0.64958 0.55908 0.45148 0.34417 0.25363 0.19688 0.1852 0.21575 0.27372 0.3401 0.39632 0.42881 0.43154 0.40416 0.35034 0.2794 0.20675 0.15095 0.13104
0.24447 0.34677 0.46714 0.58965 0.69906 0.78175 0.82908 0.83861 0.81022 0.74488 0.64892 0.53533 0.41981 0.31727 0.24211 0.20452 0.20401 0.22993 0.26673 0.29872 0.31455 0.3094 0.2839 0.24318 0.19745 0.16118 0.14984 0.17613
0.33828 0.44723 0.56649 0.68211 0.78131 0.85339 0.89166 0.89383 0.86 0.79254 0.69816 0.58791 0.47474 0.37201 0.29169 0.24079 0.21875 0.21844 0.22915 0.23979 0.24225 0.23355 0.21545 0.19348 0.17636 0.17459 0.19793 0.25256
0.41293 0.51296 0.61832 0.71757 0.80124 0.86156 0.89173 0.88744 0.84946 0.78331 0.69665 0.59788 0.49691 0.4049 0.33085 0.27863 0.24709 0.23172 0.22576 0.22213 0.21664 0.2093 0.20242 0.19938 0.20512 0.2256 0.26587 0.32861
0.44828 0.52916 0.61333 0.69241 0.76032 0.81106 0.83509 0.82504 0.78381 0.72157 0.64659 0.5645 0.48238 0.4087 0.34948 0.30649 0.27863 0.26241 0.25187 0.24215 0.23427 0.23279 0.23823 0.24787 0.26245 0.28657 0.32464 0.37871
0.43769 0.49641 0.55886 0.61947 0.67487 0.71833 0.73686 0.72203 0.67981 0.62372 0.56223 0.49852 0.4374 0.38474 0.34446 0.318 0.3047 0.29974 0.29413 0.28414 0.27849 0.28583 0.30093 0.31227 0.31882 0.32968 0.35215 0.38846
0.39144 0.43252 0.47828 0.52516 0.57095 0.60749 0.62064 0.60336 0.56389 0.51629 0.46784 0.42024 0.37692 0.34216 0.31927 0.31063 0.31574 0.32656 0.32975 0.32408 0.32389 0.33788 0.35381 0.35519 0.34369 0.33517 0.33994 0.35943
0.33339 0.36654 0.40428 0.44402 0.48377 0.51479 0.52383 0.50611 0.47084 0.43057 0.39066 0.35226 0.31863 0.29374 0.28141 0.28493 0.30354 0.32634 0.33864 0.3402 0.34476 0.35727 0.36312 0.34899 0.32201 0.30135 0.29704 0.30889
0.29275 0.32934 0.36953 0.41038 0.44921 0.47739 0.48361 0.46538 0.43174 0.39287 0.35263 0.31315 0.27857 0.25347 0.24211 0.24795 0.27003 0.29758 0.31696 0.32592 0.33163 0.33466 0.3252 0.29902 0.26777 0.24866 0.24804 0.26413
0.2955 0.34519 0.39674 0.44534 0.48677 0.51353 0.51733 0.49733 0.46088 0.41537 0.36489 0.31413 0.26887 0.23444 0.21513 0.21416 0.23093 0.25715 0.28063 0.2949 0.2988 0.29075 0.26926 0.23974 0.21608 0.20986 0.2232 0.25318
0.35477 0.42294 0.48976 0.54849 0.59367 0.61935 0.6201 0.59577 0.5513 0.4924 0.42482 0.35576 0.29309 0.243 0.20999 0.19729 0.20464 0.22584 0.24968 0.26566 0.26715 0.25297 0.22866 0.206 0.19785 0.2104 0.24324 0.29284
0.46544 0.55224 0.63307 0.70063 0.74949 0.77388 0.76949 0.737 0.68091 0.60619 0.519 0.42853 0.34491 0.27601 0.22736 0.20236 0.20017 0.21451 0.23483 0.24928 0.24987 0.23719 0.22047 0.21238 0.22288 0.25602 0.31041 0.38208
0.60902 0.71063 0.8011 0.87414 0.92428 0.94547 0.93436 0.89285 0.82514 0.73497 0.62813 0.5153 0.40953 0.32177 0.2592 0.22464 0.21555 0.2243 0.24014 0.25223 0.25434 0.24859 0.24423 0.25248 0.2818 0.33543 0.4118 0.50581
0.75909 0.87173 0.96762 1.0414 1.0884 1.1044 1.0876 1.0388 0.9599 0.85366 0.72662 0.59148 0.4649 0.36172 0.29057 0.25255 0.24211 0.24934 0.26302 0.27401 0.27857 0.27981 0.28625 0.30814 0.35354 0.42593 0.52351 0.63871
0.8842 1.0071 1.1073 1.1788 1.2194 1.2297 1.2084 1.152 1.0596 0.93566 0.78916 0.63471 0.49216 0.3802 0.30845 0.27519 0.2705 0.28114 0.29532 0.30598 0.31171 0.31621 0.3276 0.35643 0.41208 0.49915 0.615 0.74868
0.95864 1.0909 1.196 1.2661 1.3012 1.3057 1.2775 1.2101 1.1032 0.96496 0.8057 0.63934 0.4884 0.37602 0.31216 0.2909 0.29722 0.31426 0.33018 0.33969 0.34282 0.34388 0.35181 0.37922 0.43825 0.53476 0.66404 0.81135
0.97337 1.1093 1.2173 1.2877 1.32 1.3175 1.2782 1.1984 1.0828 0.94086 0.77924 0.6113 0.4647 0.36499 0.3176 0.3105 0.32665 0.34937 0.36579 0.37115 0.366 0.35616 0.35304 0.37247 0.42901 0.52955 0.66682 0.82135
0.92965 1.0621 1.1687 1.2397 1.2701 1.2589 1.2064 1.1167 0.99885 0.85947 0.70443 0.55413 0.43932 0.37513 0.35187 0.35273 0.36855 0.39083 0.40396 0.40066 0.3821 0.35734 0.34174 0.34939 0.39502 0.48904 0.62506 0.77975
0.82893 0.95768 1.0622 1.1335 1.1611 1.1401 1.0746 0.9752 0.85192 0.71352 0.57882 0.4799 0.43596 0.43092 0.43229 0.42766 0.42957 0.44318 0.44842 0.43291 0.39985 0.36611 0.34404 0.33688 0.35649 0.42212 0.53814 0.68344
0.68747 0.81693 0.92225 0.99277 1.0157 0.98492 0.90762 0.79597 0.66195 0.52825 0.43579 0.4201 0.46979 0.52717 0.54307 0.52284 0.50678 0.50967 0.5045 0.47657 0.43557 0.40593 0.38747 0.36398 0.34125 0.35248 0.42425 0.54727
0.54918 0.67752 0.78164 0.84766 0.86351 0.82481 0.74011 0.62062 0.48387 0.37044 0.33593 0.40424 0.52891 0.62406 0.64259 0.61327 0.59231 0.59054 0.57606 0.53923 0.49929 0.48356 0.47596 0.43891 0.37037 0.31723 0.33128 0.42037
0.46183 0.57796 0.67174 0.72702 0.73415 0.69186 0.60867 0.4959 0.37652 0.29916 0.31624 0.4325 0.5829 0.68306 0.70472 0.6891 0.68336 0.68284 0.66256 0.62143 0.58422 0.57838 0.57858 0.53422 0.43606 0.3366 0.30247 0.35473
0.4441 0.53674 0.61073 0.65027 0.64892 0.6082 0.53585 0.44483 0.35902 0.32033 0.36486 0.48382 0.61861 0.70996 0.7485 0.76587 0.78171 0.78234 0.75986 0.7173 0.67604 0.66247 0.65547 0.60718 0.50482 0.39453 0.33965 0.36438
0.48373 0.54905 0.59946 0.622 0.61408 0.57876 0.5226 0.4591 0.40913 0.40002 0.4506 0.54981 0.65998 0.74897 0.81202 0.85712 0.88165 0.8828 0.86047 0.81843 0.76793 0.73036 0.69927 0.64424 0.55518 0.46408 0.41617 0.42876
0.55662 0.59729 0.6261 0.63463 0.62282 0.59409 0.55437 0.51534 0.49334 0.50379 0.55446 0.6376 0.73345 0.82412 0.89882 0.94958 0.97475 0.97589 0.95482 0.91413 0.85843 0.79797 0.73994 0.67605 0.60388 0.54125 0.51146 0.52105
0.63977 0.66199 0.67554 0.67539 0.66182 0.63814 0.61067 0.58937 0.58572 0.60871 0.66098 0.73655 0.82341 0.90844 0.98014 1.03 1.0547 1.0557 1.0351 0.99462 0.93767 0.87028 0.80007 0.73312 0.67398 0.6314 0.61348 0.61947
0.71453 0.72592 0.73107 0.72641 0.71189 0.69114 0.67116 0.66054 0.66713 0.69601 0.7477 0.81726 0.89596 0.97396 1.0415 1.0899 1.1145 1.1145 1.092 1.0496 0.99196 0.92591 0.85913 0.7983 0.74903 0.71613 0.70186 0.70367
0.7645 0.77009 0.77043 0.76275 0.74756 0.72941 0.71531 0.71185 0.72363 0.75345 0.80197 0.86592 0.93785 1.0087 1.07 1.1147 1.137 1.1344 1.1088 1.0649 1.0088 0.94719 0.88677 0.83381 0.7933 0.76801 0.75763 0.7584
0.7738 0.77584 0.77309 0.76304 0.74733 0.73189 0.7237 0.72708 0.74323 0.77302 0.81761 0.87484 0.93753 0.99735 1.0484 1.0857 1.1032 1.0973 1.0698 1.0272 0.97669 0.92352 0.8721 0.82785 0.79594 0.77798 0.77116 0.77104
0.73218 0.73172 0.72735 0.71599 0.69986 0.68667 0.68397 0.69424 0.71616 0.74761 0.78758 0.83365 0.88103 0.92568 0.96452 0.99312 1.0049 0.99565 0.96841 0.9311 0.89043 0.85026 0.81219 0.7793 0.75598 0.7427 0.73586 0.73273
0.63329 0.62795 0.62146 0.60994 0.59585 0.58791 0.59339 0.61239 0.64092 0.6741 0.70664 0.73623 0.7638 0.78958 0.81275 0.82969 0.83345 0.82117 0.79868 0.77477 0.75274 0.73122 0.71047 0.69101 0.67476 0.66172 0.65053 0.64094
0.48075 0.4657 0.45496 0.4451 0.4386 0.443 0.46239 0.49307 0.5279 0.55988 0.58141 0.59205 0.59611 0.59683 0.59739 0.59672 0.59062 0.57969 0.57154 0.57239 0.57871 0.58193 0.57982 0.57295 0.56082 0.54421 0.52446 0.50182
0.3128 0.29183 0.28055 0.27413 0.27477 0.28964 0.3204 0.35967 0.39707 0.42369 0.43238 0.42446 0.40488 0.38136 0.36211 0.3493 0.34042 0.33698 0.3465 0.37233 0.40519 0.43096 0.44455 0.44647 0.43545 0.41343 0.38234 0.34548
0.20353 0.19544 0.19322 0.18583 0.17747 0.1822 0.20607 0.241 0.27311 0.29079 0.2879 0.26712 0.23689 0.21103 0.20017 0.20141 0.20329 0.20311 0.21208 0.23942 0.2783 0.31286 0.33409 0.33965 0.32812 0.30214 0.26571 0.22827
0.20446 0.22566 0.23433 0.21295 0.17331 0.14381 0.14082 0.15796 0.17762 0.18509 0.17556 0.15464 0.13786 0.14421 0.17842 0.21948 0.23747 0.22533 0.20576 0.2046 0.22556 0.25347 0.27335 0.27831 0.26692 0.24256 0.21415 0.19755
0.28902 0.33145 0.33815 0.29189 0.21533 0.14958 0.11826 0.11541 0.12075 0.12006 0.11106 0.10221 0.11514 0.16933 0.25707 0.33673 0.3638 0.33225 0.27872 0.24541 0.24496 0.26149 0.27509 0.27781 0.26873 0.25156 0.23906 0.24999
0.38574 0.41993 0.40802 0.34039 0.24612 0.16682 0.12296 0.10646 0.099591 0.094895 0.092345 0.099506 0.13734 0.22117 0.33429 0.42766 0.45675 0.42118 0.36314 0.32635 0.32141 0.33061 0.33778 0.33898 0.33383 0.32479 0.32242 0.34318
0.36365 0.3817 0.36371 0.303 0.22384 0.15951 0.12501 0.11201 0.10605 0.10165 0.098881 0.10349 0.13226 0.19934 0.29304 0.37436 0.40659 0.3882 0.35228 0.33297 0.33704 0.34892 0.35673 0.35777 0.35176 0.34047 0.3316 0.33918
0.4307 0.42033 0.38207 0.31653 0.24388 0.18564 0.14796 0.12443 0.11111 0.10658 0.11187 0.13035 0.16949 0.23739 0.32332 0.39769 0.43537 0.43828 0.43069 0.43246 0.44241 0.45145 0.4566 0.45738 0.45358 0.44538 0.43541 0.43052
0.50203 0.46079 0.40456 0.33803 0.27269 0.21713 0.1739 0.14397 0.12765 0.12551 0.13859 0.16821 0.21492 0.27793 0.35137 0.42029 0.47197 0.5065 0.53239 0.55401 0.57126 0.58327 0.58952 0.59024 0.58504 0.57335 0.55561 0.53217
0.57353 0.50862 0.43665 0.36321 0.29466 0.23588 0.18961 0.1577 0.14191 0.14357 0.16316 0.20021 0.25329 0.31944 0.39328 0.46761 0.53581 0.59413 0.64181 0.67963 0.70838 0.72801 0.73775 0.73687 0.72534 0.70351 0.67131 0.6281
0.61965 0.53331 0.44626 0.36442 0.29235 0.23286 0.18756 0.15794 0.14563 0.15162 0.17576 0.21691 0.27347 0.34335 0.42326 0.50847 0.59344 0.67248 0.74095 0.79662 0.83924 0.86806 0.88086 0.87602 0.85431 0.81739 0.76557 0.69885
0.62518 0.51915 0.41977 0.33325 0.26261 0.2084 0.17015 0.14762 0.14108 0.15062 0.17578 0.21606 0.27158 0.34257 0.42809 0.52491 0.62714 0.7269 0.81657 0.89102 0.94739 0.98336 0.99668 0.98616 0.95244 0.89708 0.82167 0.72901
0.58249 0.46213 0.35733 0.27464 0.21494 0.17532 0.15169 0.14083 0.14099 0.15127 0.1716 0.20355 0.25066 0.31698 0.40445 0.5106 0.62791 0.74601 0.85481 0.94591 1.0129 1.0524 1.0636 1.046 0.99905 0.92371 0.82415 0.70718
0.49439 0.37038 0.27256 0.20695 0.17067 0.15578 0.15348 0.15701 0.1625 0.16851 0.17634 0.191 0.22076 0.27444 0.35728 0.46689 0.59308 0.72305 0.8447 0.94673 1.0198 1.0595 1.0663 1.0396 0.97817 0.88412 0.76492 0.63084
0.37539 0.26363 0.19008 0.15729 0.15606 0.17284 0.19447 0.21139 0.21845 0.21443 0.20266 0.19202 0.19575 0.22767 0.29673 0.40057 0.52606 0.65817 0.78404 0.8898 0.96381 1.0008 1.0007 0.9632 0.88788 0.77973 0.64946 0.51004
0.2517 0.17251 0.14125 0.15283 0.19139 0.2393 0.28115 0.30654 0.3105 0.29259 0.25786 0.21823 0.19064 0.19284 0.23731 0.3233 0.43693 0.56136 0.68232 0.78417 0.85349 0.88419 0.8756 0.82772 0.74247 0.628 0.49812 0.36703
0.1603 0.13104 0.15095 0.20675 0.2794 0.35034 0.40416 0.43154 0.42881 0.39632 0.3401 0.27372 0.21575 0.1852 0.19688 0.25363 0.34417 0.45148 0.55908 0.64958 0.7088 0.73029 0.71309 0.65803 0.56963 0.45912 0.34252 0.23643
0.13071 0.15504 0.22029 0.30938 0.40415 0.48703 0.5441 0.5682 0.5572 0.51193 0.43876 0.35183 0.26955 0.20972 0.18758 0.20972 0.26955 0.35183 0.43876 0.51193 0.5572 0.5682 0.5441 0.48703 0.40415 0.30938 0.22029 0.15504
0.16448 0.23104 0.3266 0.43478 0.5392 0.62403 0.67775 0.69554 0.67646 0.62151 0.53714 0.43714 0.3386 0.25754 0.20813 0.19878 0.22681 0.27993 0.3412 0.3931 0.42252 0.4236 0.3961 0.34389 0.27639 0.20864 0.15779 0.13961
0.23818 0.32886 0.43839 0.55198 0.65503 0.73432 0.78085 0.79124 0.76506 0.70399 0.61479 0.50998 0.40434 0.31234 0.24668 0.21502 0.21618 0.24091 0.2754 0.30518 0.3193 0.31294 0.28696 0.24691 0.20294 0.16845 0.15702 0.17902
0.32132 0.41805 0.52616 0.63277 0.72595 0.79556 0.83395 0.83703 0.80469 0.74085 0.65325 0.55225 0.44976 0.35833 0.28864 0.24604 0.22921 0.23163 0.24368 0.25486 0.25708 0.24732 0.22784 0.20468 0.18637 0.18235 0.20081 0.24698
0.38659 0.47414 0.56854 0.65956 0.73872 0.79846 0.83001 0.82629 0.78834 0.72448 0.64373 0.55391 0.46382 0.38356 0.32099 0.27894 0.2559 0.24751 0.2468 0.24611 0.24113 0.23263 0.22361 0.21727 0.21813 0.23183 0.26317 0.3148
0.41472 0.48353 0.55772 0.63035 0.69665 0.74975 0.77631 0.76593 0.72256 0.66023 0.58969 0.51576 0.44419 0.38216 0.33479 0.30371 0.28789 0.28295 0.28052 0.27365 0.26538 0.26337 0.2679 0.27314 0.27866 0.29109 0.31662 0.35793
0.39993 0.44796 0.50216 0.5588 0.61564 0.6635 0.68482 0.66855 0.62247 0.56451 0.50601 0.44955 0.39806 0.35616 0.32755 0.31449 0.3164 0.3256 0.32743 0.31765 0.31043 0.31932 0.33634 0.34337 0.33731 0.33204 0.33946 0.36262
0.35333 0.38601 0.42574 0.47116 0.52053 0.56254 0.57829 0.55857 0.51413 0.46372 0.41733 0.37583 0.34055 0.31491 0.30283 0.30808 0.32982 0.3543 0.36254 0.35446 0.35233 0.36991 0.38953 0.38624 0.36035 0.33381 0.32342 0.33113
0.2998 0.32757 0.36208 0.40287 0.44797 0.48511 0.49631 0.47522 0.43414 0.39033 0.35138 0.3172 0.28925 0.27119 0.26791 0.2841 0.31788 0.35188 0.36698 0.36518 0.36804 0.384 0.39254 0.37306 0.33239 0.29562 0.2789 0.28202
0.2693 0.30391 0.344 0.38826 0.43362 0.46788 0.47555 0.45328 0.41341 0.37032 0.32946 0.29159 0.25987 0.23885 0.23391 0.24953 0.28332 0.31907 0.34022 0.34668 0.35101 0.35549 0.34612 0.31433 0.27198 0.24126 0.23268 0.24388
0.28635 0.33719 0.39141 0.44482 0.49271 0.52457 0.52898 0.50489 0.46254 0.41247 0.35946 0.30765 0.26248 0.22939 0.21345 0.21852 0.24305 0.275 0.30046 0.31413 0.31727 0.30873 0.2851 0.25009 0.21833 0.2056 0.21538 0.24403
0.36017 0.43189 0.50334 0.56749 0.61819 0.64755 0.64816 0.62007 0.57039 0.5064 0.43446 0.36208 0.29714 0.24593 0.21333 0.20297 0.21435 0.23956 0.26599 0.2832 0.28479 0.26938 0.24202 0.21452 0.20191 0.21217 0.24484 0.29578
0.48195 0.57388 0.66043 0.73383 0.7877 0.81472 0.80955 0.7733 0.71184 0.63121 0.53814 0.44237 0.35444 0.28229 0.23154 0.20587 0.20462 0.22122 0.24423 0.26079 0.26219 0.24859 0.22953 0.2193 0.22904 0.26302 0.31954 0.39439
0.63137 0.73922 0.83604 0.91489 0.96947 0.99258 0.98023 0.93474 0.86117 0.76394 0.64949 0.52944 0.4175 0.32477 0.25841 0.22152 0.21179 0.22151 0.23934 0.25352 0.25693 0.25158 0.24734 0.25636 0.28753 0.34402 0.42406 0.52263
0.78163 0.9016 1.0044 1.0838 1.1344 1.1516 1.1333 1.0801 0.9942 0.87916 0.74268 0.59853 0.46407 0.35459 0.27909 0.23885 0.22816 0.23662 0.25234 0.2655 0.27188 0.2746 0.28255 0.30646 0.35472 0.43093 0.53333 0.6544
0.90237 1.0335 1.1412 1.2181 1.2616 1.2724 1.2491 1.1874 1.0867 0.95267 0.79549 0.63038 0.47805 0.35872 0.28308 0.24922 0.24616 0.25952 0.27662 0.28983 0.29751 0.30343 0.31602 0.34644 0.40479 0.49622 0.61803 0.75886
0.97087 1.1114 1.2239 1.2992 1.3368 1.341 1.3097 1.2362 1.1209 0.97288 0.8023 0.62287 0.45963 0.3394 0.27344 0.25418 0.26447 0.28598 0.30579 0.31806 0.32261 0.32403 0.33189 0.35986 0.42138 0.52303 0.65967 0.81522
0.98084 1.1236 1.2377 1.313 1.3475 1.3439 1.3003 1.2144 1.0915 0.94035 0.76522 0.58095 0.42099 0.3158 0.2703 0.2683 0.2898 0.3179 0.33861 0.34639 0.34167 0.33081 0.32649 0.34562 0.40426 0.51067 0.65686 0.82079
0.93254 1.0703 1.1813 1.2565 1.2889 1.2757 1.2182 1.1225 0.99757 0.84674 0.67477 0.50753 0.3838 0.32133 0.30566 0.31354 0.3339 0.36039 0.37741 0.37574 0.35658 0.33037 0.31318 0.31908 0.36483 0.46365 0.6092 0.77454
0.82504 0.95906 1.0674 1.1423 1.1714 1.1478 1.0767 0.97049 0.83746 0.6837 0.5312 0.42117 0.37904 0.3855 0.39878 0.39987 0.40278 0.41788 0.42582 0.41106 0.3774 0.34363 0.32041 0.30935 0.32478 0.39092 0.51432 0.67054
0.67618 0.81205 0.92159 0.9954 1.0193 0.98537 0.90211 0.78191 0.63489 0.4843 0.37857 0.36245 0.4255 0.50095 0.52846 0.50949 0.48996 0.49186 0.48819 0.46052 0.42073 0.39409 0.37618 0.3472 0.31533 0.32059 0.3945 0.52642
0.53426 0.66935 0.77798 0.84683 0.86298 0.82116 0.73056 0.60177 0.45169 0.32456 0.28454 0.36145 0.50484 0.61749 0.64296 0.61026 0.5837 0.58053 0.5669 0.5305 0.49402 0.48459 0.48012 0.43779 0.35726 0.29278 0.30317 0.3972
0.44866 0.57023 0.66786 0.72528 0.73234 0.68729 0.59911 0.47848 0.34899 0.2637 0.28141 0.40885 0.57522 0.68679 0.71021 0.68989 0.68021 0.67968 0.65994 0.61937 0.58643 0.58825 0.59339 0.54551 0.436 0.32386 0.28284 0.33615
0.43557 0.53168 0.60833 0.6493 0.64772 0.60491 0.52901 0.4329 0.34136 0.29944 0.34656 0.4737 0.61774 0.71421 0.75238 0.76729 0.78256 0.78404 0.76197 0.7196 0.68129 0.67377 0.67138 0.6215 0.5111 0.39081 0.3294 0.35316
0.4795 0.54676 0.59879 0.62217 0.61401 0.57738 0.51909 0.45299 0.4005 0.3904 0.4427 0.54579 0.65983 0.75078 0.81406 0.85944 0.88496 0.88685 0.86471 0.82245 0.77271 0.7379 0.7093 0.65364 0.56031 0.46356 0.41167 0.42328
0.55496 0.59672 0.62642 0.63536 0.62343 0.59407 0.55336 0.5132 0.49027 0.50039 0.55165 0.63611 0.73339 0.82521 0.90088 0.9525 0.97833 0.97986 0.95877 0.91774 0.8616 0.80127 0.74356 0.67916 0.60527 0.54048 0.50924 0.51863
0.63929 0.662 0.67594 0.67597 0.6624 0.63854 0.61077 0.58911 0.58517 0.60806 0.66047 0.73646 0.82389 0.90953 0.98175 1.032 1.0569 1.058 1.0373 0.99656 0.93919 0.87128 0.80061 0.73321 0.67355 0.6305 0.6124 0.61856
0.71453 0.72592 0.73107 0.72641 0.71189 0.69114 0.67116 0.66054 0.66713 0.69601 0.7477 0.81726 0.89596 0.97396 1.0415 1.0899 1.1145 1.1145 1.092 1.0496 0.99196 0.92591 0.85913 0.7983 0.74903 0.71613 0.70186 0.70367
0.76521 0.77034 0.77026 0.76227 0.74692 0.72872 0.71465 0.71124 0.72308 0.75291 0.80129 0.86491 0.9364 1.0068 1.0679 1.1124 1.1347 1.1323 1.107 1.0636 1.0082 0.94724 0.88744 0.83499 0.79479 0.76958 0.75905 0.75951
0.7764 0.77736 0.77352 0.76263 0.74641 0.73073 0.72241 0.7257 0.74176 0.77142 0.81567 0.8723 0.93431 0.99358 1.0443 1.0815 1.0993 1.0941 1.0677 1.0265 0.97735 0.92538 0.87504 0.83165 0.80022 0.78229 0.77517 0.77448
0.73834 0.73594 0.7295 0.71647 0.6993 0.68559 0.68255 0.69254 0.71413 0.74512 0.78451 0.82992 0.8766 0.9206 0.95901 0.98764 1.0003 0.99287 0.96814 0.93336 0.89486 0.8564 0.81957 0.78756 0.76471 0.75149 0.74432 0.74033
0.64563 0.63764 0.62801 0.61368 0.59759 0.58846 0.59312 0.61139 0.63916 0.67149 0.70336 0.73248 0.7595 0.78478 0.80774 0.82534 0.83131 0.82264 0.80419 0.78365 0.76395 0.74405 0.72431 0.70539 0.68953 0.67674 0.66535 0.65494
0.50303 0.48538 0.47065 0.45644 0.44622 0.44785 0.46513 0.49399 0.5273 0.55814 0.57918 0.58982 0.59423 0.59551 0.59721 0.59917 0.59762 0.59221 0.58881 0.59242 0.59969 0.60317 0.60125 0.59439 0.58263 0.56663 0.54739 0.52497
0.34617 0.32244 0.3059 0.2934 0.2887 0.29939 0.32673 0.36309 0.3983 0.42375 0.43236 0.42537 0.40762 0.38642 0.37026 0.36225 0.36002 0.36347 0.37766 0.40473 0.43641 0.46059 0.47328 0.47478 0.46422 0.44331 0.41395 0.37878
0.24011 0.22645 0.21655 0.2025 0.19 0.19219 0.21374 0.24623 0.27635 0.29315 0.29068 0.27156 0.24364 0.21987 0.21114 0.2162 0.22488 0.23303 0.2483 0.27772 0.3154 0.34791 0.36776 0.37275 0.36178 0.33722 0.30279 0.26656
0.22829 0.23828 0.23698 0.21134 0.1732 0.14721 0.14639 0.1636 0.18238 0.1895 0.18066 0.16081 0.14381 0.14727 0.17707 0.2165 0.23972 0.23881 0.23101 0.23738 0.26088 0.28846 0.30736 0.31187 0.30095 0.27743 0.24894 0.22919
0.28826 0.31454 0.31154 0.26645 0.19943 0.14476 0.12086 0.12082 0.12638 0.12582 0.11728 0.10756 0.11528 0.1584 0.23246 0.3037 0.33449 0.31812 0.28355 0.26499 0.27203 0.29049 0.3039 0.30638 0.29729 0.27944 0.26306 0.26443
0.29015 0.29977 0.28684 0.24287 0.18537 0.14172 0.12505 0.12756 0.13322 0.13279 0.12477 0.11449 0.11735 0.14975 0.21034 0.27331 0.30794 0.30703 0.29189 0.28857 0.30342 0.32398 0.33733 0.33956 0.33031 0.31158 0.29097 0.28219
0.3447 0.34696 0.32308 0.26911 0.20454 0.15452 0.12882 0.11902 0.1141 0.11004 0.10698 0.10939 0.12986 0.18117 0.25632 0.32603 0.36129 0.35958 0.3451 0.34259 0.35518 0.36977 0.37838 0.37924 0.37218 0.35842 0.3432 0.33793
0.4038 0.38402 0.34542 0.28926 0.23054 0.18421 0.15322 0.13307 0.12131 0.1169 0.12086 0.13611 0.16728 0.22063 0.2898 0.35359 0.39304 0.40857 0.41663 0.42974 0.44518 0.45712 0.46342 0.46384 0.4582 0.44657 0.43103 0.41624
0.47324 0.43065 0.37886 0.32163 0.26668 0.21944 0.18225 0.15597 0.14113 0.13861 0.14946 0.17467 0.21453 0.26742 0.32907 0.3896 0.43994 0.47915 0.51119 0.53769 0.5587 0.57312 0.58033 0.58039 0.57305 0.55805 0.53605 0.50789
0.54008 0.47949 0.41537 0.35175 0.29304 0.2426 0.20226 0.17365 0.15885 0.15963 0.1764 0.20836 0.25399 0.31089 0.37502 0.4411 0.50431 0.56143 0.61057 0.6508 0.68184 0.7032 0.71356 0.71179 0.69817 0.67371 0.63892 0.594
0.58307 0.50463 0.42802 0.35725 0.29526 0.24378 0.20373 0.1766 0.16471 0.16956 0.19075 0.2266 0.2755 0.33591 0.40551 0.48109 0.55883 0.63392 0.7012 0.7573 0.80112 0.83117 0.84428 0.83835 0.8147 0.77601 0.72345 0.65795
0.58871 0.49325 0.40587 0.33069 0.26939 0.22191 0.1876 0.16664 0.16019 0.16875 0.19133 0.22677 0.27509 0.33683 0.41169 0.4978 0.5911 0.6848 0.77106 0.84408 0.90055 0.93729 0.9506 0.93874 0.90339 0.84757 0.77366 0.6851
0.5491 0.44119 0.34894 0.27664 0.22436 0.18937 0.16816 0.15825 0.15857 0.1683 0.1868 0.21509 0.25634 0.31431 0.39117 0.48583 0.59291 0.70328 0.80673 0.89465 0.96063 1.0003 1.011 0.99195 0.94401 0.86985 0.77408 0.66381
0.4665 0.35609 0.27032 0.21299 0.18134 0.1687 0.16748 0.17166 0.17757 0.18362 0.19075 0.20351 0.22936 0.2761 0.34865 0.44618 0.56129 0.68243 0.79746 0.89511 0.9661 1.0052 1.011 0.98317 0.92174 0.83029 0.71659 0.59113
0.35594 0.25789 0.19425 0.16616 0.1662 0.18286 0.20435 0.22162 0.22944 0.22637 0.21549 0.20518 0.20748 0.23449 0.29409 0.38568 0.49974 0.623 0.74173 0.84231 0.91325 0.94864 0.94748 0.90948 0.83541 0.73107 0.60734 0.47747
0.24447 0.17613 0.14984 0.16118 0.19745 0.24318 0.2839 0.3094 0.31455 0.29872 0.26673 0.22993 0.20401 0.20452 0.24211 0.31727 0.41981 0.53533 0.64892 0.74488 0.81022 0.83861 0.82908 0.78175 0.69906 0.58965 0.46714 0.34677
0.16448 0.13961 0.15779 0.20864 0.27639 0.34389 0.3961 0.4236 0.42252 0.3931 0.3412 0.27993 0.22681 0.19878 0.20813 0.25754 0.3386 0.43714 0.53714 0.62151 0.67646 0.69554 0.67775 0.62403 0.5392 0.43478 0.3266 0.23104
0.13881 0.1601 0.21817 0.29955 0.38812 0.46706 0.5225 0.54692 0.53795 0.49643 0.42875 0.34872 0.27382 0.22034 0.20082 0.22034 0.27382 0.34872 0.42875 0.49643 0.53795 0.54692 0.5225 0.46706 0.38812 0.29955 0.21817 0.1601
0.16761 0.226 0.31179 0.41107 0.50861 0.58931 0.64158 0.65994 0.6431 0.59238 0.51452 0.42287 0.33343 0.26113 0.21803 0.21059 0.23638 0.28506 0.34153 0.38947 0.41618 0.4157 0.38786 0.33698 0.27273 0.20953 0.16298 0.14632
0.23165 0.31176 0.41047 0.51452 0.61042 0.68578 0.73136 0.74252 0.71843 0.66169 0.57968 0.48421 0.38885 0.30698 0.24993 0.2237 0.22676 0.25087 0.28373 0.31195 0.3248 0.31722 0.29033 0.25038 0.20764 0.17447 0.16258 0.18056
0.30442 0.38931 0.4861 0.5832 0.66989 0.73674 0.77512 0.77901 0.74805 0.68787 0.60724 0.51582 0.42421 0.34391 0.28442 0.24989 0.23861 0.24463 0.25911 0.27173 0.27405 0.26303 0.24155 0.21638 0.1961 0.18923 0.20266 0.24078
0.36041 0.43555 0.51875 0.6013 0.67603 0.73579 0.76908 0.76576 0.72719 0.66489 0.58992 0.50921 0.4302 0.36164 0.31031 0.27843 0.26458 0.26442 0.27025 0.27308 0.26834 0.25833 0.2469 0.23667 0.23173 0.23785 0.25997 0.30076
0.38146 0.43817 0.50216 0.5684 0.63388 0.69017 0.71961 0.7086 0.66228 0.5989 0.53224 0.46666 0.40584 0.3554 0.31972 0.30076 0.29789 0.30545 0.31095 0.30562 0.29573 0.29322 0.29802 0.3 0.29626 0.29606 0.30857 0.33722
0.36264 0.39993 0.44558 0.49842 0.55722 0.61004 0.6344 0.61637 0.56576 0.50531 0.44955 0.40063 0.35897 0.32772 0.31064 0.3112 0.32903 0.35172 0.35867 0.34589 0.33515 0.34657 0.36867 0.3743 0.35699 0.33505 0.32698 0.33706
0.31584 0.34004 0.3735 0.41744 0.47067 0.51855 0.53703 0.5146 0.46472 0.41121 0.36693 0.33182 0.3047 0.28801 0.28653 0.30565 0.34349 0.37912 0.38824 0.37328 0.36718 0.3902 0.41799 0.41434 0.37672 0.33273 0.30712 0.30325
0.26706 0.28939 0.32061 0.36262 0.41351 0.45726 0.47076 0.44596 0.39853 0.35079 0.31269 0.28291 0.26065 0.24919 0.25461 0.2831 0.33024 0.37183 0.38484 0.37522 0.37466 0.39604 0.41186 0.39195 0.34121 0.28976 0.26103 0.25576
0.24678 0.27936 0.31947 0.36773 0.42046 0.46149 0.47074 0.4439 0.39693 0.34886 0.30702 0.27088 0.24198 0.22483 0.22591 0.25073 0.29409 0.3344 0.35291 0.35329 0.35502 0.36267 0.3574 0.32457 0.27471 0.23375 0.21776 0.22442
0.27761 0.32949 0.38646 0.44545 0.50081 0.53847 0.5435 0.51463 0.46533 0.40982 0.35415 0.30141 0.25637 0.22448 0.21164 0.22227 0.25299 0.28793 0.31227 0.32306 0.32494 0.31746 0.2947 0.25746 0.21989 0.20127 0.20783 0.23531
0.36483 0.43985 0.51589 0.58579 0.64269 0.67615 0.67651 0.64411 0.58852 0.51919 0.44299 0.36751 0.30046 0.24813 0.21586 0.20763 0.2224 0.25007 0.27743 0.29484 0.29667 0.28123 0.25264 0.22197 0.20536 0.21346 0.24597 0.29819
0.4964 0.59311 0.68521 0.76439 0.82318 0.85277 0.84681 0.80687 0.74009 0.65363 0.5549 0.45417 0.3622 0.28699 0.23426 0.20797 0.20757 0.22607 0.25112 0.26952 0.27204 0.25825 0.23758 0.2253 0.23418 0.26881 0.32724 0.40499
0.65068 0.76439 0.86725 0.95158 1.0102 1.035 1.0216 0.97249 0.89339 0.78936 0.66768 0.54087 0.42321 0.32584 0.25602 0.21708 0.20689 0.21758 0.23736 0.25365 0.25852 0.25369 0.24957 0.25913 0.29183 0.35081 0.43414 0.53684
0.80074 0.92755 1.0368 1.1212 1.1749 1.1932 1.1737 1.1166 1.0242 0.901 0.75577 0.60331 0.46157 0.34629 0.26687 0.22476 0.21404 0.22378 0.24149 0.25676 0.26495 0.26908 0.27833 0.30391 0.3546 0.43417 0.54088 0.66724
0.91751 1.0561 1.1705 1.2521 1.2981 1.3093 1.2842 1.2179 1.1099 0.96694 0.80025 0.6254 0.46395 0.33782 0.25878 0.22459 0.22323 0.23918 0.25901 0.27461 0.28408 0.29126 0.30486 0.33657 0.39725 0.49254 0.61969 0.7669
0.9811 1.1286 1.2473 1.3271 1.3668 1.3708 1.3368 1.2581 1.1358 0.97963 0.79895 0.60728 0.43246 0.30514 0.23774 0.2208 0.23488 0.26053 0.28387 0.2986 0.30437 0.30603 0.31378 0.34223 0.40593 0.51222 0.65549 0.81833
0.98729 1.1354 1.2543 1.3336 1.3701 1.3656 1.3184 1.2273 1.0988 0.93973 0.75206 0.55235 0.38003 0.27039 0.2276 0.23109 0.25778 0.29061 0.31511 0.32495 0.32049 0.30868 0.30329 0.32204 0.38238 0.49399 0.64823 0.82052
0.93505 1.0769 1.1911 1.2698 1.3038 1.2891 1.2274 1.127 0.9962 0.83494 0.64714 0.46422 0.33268 0.27266 0.26508 0.28032 0.30514 0.33512 0.35536 0.35499 0.33525 0.30785 0.28912 0.2931 0.33851 0.44132 0.59529 0.7701
0.82176 0.96006 1.0712 1.1489 1.1792 1.1535 1.0781 0.96648 0.82508 0.65757 0.48905 0.36913 0.32881 0.346 0.37074 0.37784 0.38195 0.39797 0.40789 0.3937 0.35971 0.326 0.30149 0.28657 0.29792 0.36418 0.49382 0.6595
0.6673 0.80825 0.92095 0.99714 1.0216 0.98551 0.89781 0.77094 0.6133 0.44862 0.33168 0.31499 0.38893 0.47953 0.51734 0.50017 0.47798 0.47865 0.47593 0.44851 0.40999 0.38581 0.36802 0.33418 0.29468 0.29494 0.37054 0.50973
0.52352 0.66351 0.77532 0.84608 0.86243 0.81848 0.72377 0.58824 0.42823 0.29072 0.24639 0.32952 0.48674 0.61263 0.64378 0.60895 0.57816 0.57357 0.56045 0.52448 0.49084 0.4861 0.4837 0.43724 0.34778 0.27491 0.28259 0.3803
0.44025 0.56531 0.66537 0.7241 0.73111 0.68439 0.59307 0.46739 0.3313 0.24076 0.25881 0.39348 0.57025 0.68938 0.71414 0.69082 0.6784 0.67765 0.65823 0.61812 0.58815 0.595 0.60325 0.55298 0.43609 0.31572 0.27023 0.32423
0.4311 0.52902 0.60706 0.64877 0.64707 0.6032 0.52547 0.42667 0.33209 0.28847 0.33696 0.46844 0.6174 0.7166 0.75458 0.76814 0.78298 0.78488 0.76301 0.72078 0.68414 0.67987 0.67992 0.62918 0.51452 0.38894 0.32405 0.34728
0.47804 0.54598 0.59856 0.62223 0.61399 0.57691 0.51789 0.4509 0.39754 0.3871 0.44001 0.54445 0.65982 0.75144 0.81478 0.86023 0.88608 0.88821 0.86614 0.82381 0.77436 0.74053 0.71281 0.65694 0.56213 0.46343 0.41014 0.4214
0.55496 0.59672 0.62642 0.63536 0.62343 0.59407 0.55336 0.5132 0.49027 0.50039 0.55165 0.63611 0.73339 0.82521 0.90088 0.9525 0.97833 0.97986 0.95877 0.91774 0.8616 0.80127 0.74356 0.67916 0.60527 0.54048 0.50924 0.51863
0.63977 0.66199 0.67554 0.67539 0.66182 0.63814 0.61067 0.58937 0.58572 0.60871 0.66098 0.73655 0.82341 0.90844 0.98014 1.03 1.0547 1.0557 1.0351 0.99462 0.93767 0.87028 0.80007 0.73312 0.67398 0.6314 0.61348 0.61947
0.71536 0.72585 0.73027 0.72515 0.71048 0.68985 0.67017 0.65993 0.66685 0.69586 0.7473 0.81617 0.89388 0.97083 1.0375 1.0854 1.1097 1.1099 1.0877 1.0461 0.98953 0.92476 0.85925 0.79952 0.75105 0.71851 0.70411 0.70536
0.76731 0.7711 0.76978 0.76087 0.74502 0.72669 0.71268 0.70942 0.7214 0.75124 0.7992 0.86186 0.93209 1.0013 1.0615 1.1057 1.128 1.1262 1.102 1.0601 1.0064 0.94735 0.88939 0.83848 0.79923 0.77422 0.76324 0.76281
0.78149 0.78037 0.77443 0.76187 0.74464 0.72845 0.71985 0.72291 0.73878 0.76814 0.8117 0.86719 0.92794 0.98618 1.0362 1.0732 1.0916 1.0879 1.0638 1.0252 0.97867 0.92903 0.88079 0.8391 0.80862 0.79075 0.78301 0.78121
0.7483 0.74279 0.73302 0.71727 0.69841 0.68378 0.68016 0.68964 0.71061 0.74083 0.77928 0.82363 0.86926 0.91229 0.9501 0.97886 0.99292 0.9885 0.96779 0.93707 0.90204 0.86631 0.83152 0.801 0.77895 0.76579 0.758 0.7526
0.66313 0.65128 0.63714 0.61881 0.59992 0.58906 0.59251 0.60966 0.63627 0.66732 0.6982 0.72667 0.75298 0.77767 0.80045 0.81911 0.82822 0.82466 0.81197 0.79627 0.77997 0.76251 0.74434 0.72635 0.7111 0.69857 0.68672 0.67496
0.5317 0.51033 0.4903 0.47053 0.45564 0.45377 0.46832 0.49481 0.5261 0.55535 0.5757 0.58633 0.59119 0.5933 0.59661 0.60198 0.60622 0.60792 0.6108 0.61829 0.62722 0.63147 0.6301 0.62347 0.61223 0.59688 0.57789 0.55527
0.38621 0.3586 0.33559 0.31596 0.30508 0.31085 0.33412 0.36699 0.39953 0.42342 0.43188 0.42593 0.41037 0.39204 0.37972 0.37744 0.38304 0.39471 0.41481 0.444 0.47503 0.49798 0.51001 0.51119 0.50119 0.4814 0.45351 0.41953
0.28206 0.26164 0.24305 0.22165 0.20454 0.20381 0.22267 0.25233 0.28012 0.2958 0.29377 0.27649 0.25126 0.23007 0.22398 0.23346 0.24971 0.2672 0.28989 0.32238 0.35955 0.39043 0.40907 0.41351 0.40315 0.37992 0.34709 0.31131
0.25559 0.25328 0.24134 0.21118 0.17449 0.15202 0.15329 0.17038 0.18806 0.19474 0.18666 0.16807 0.15111 0.1519 0.17745 0.21542 0.24424 0.25526 0.26025 0.27521 0.30206 0.32973 0.34776 0.35181 0.34131 0.31844 0.28933 0.26551
0.28541 0.27039 0.24781 0.21314 0.17772 0.15846 0.16146 0.17812 0.19447 0.20063 0.19333 0.17615 0.1596 0.15828 0.18015 0.21706 0.25151 0.27441 0.29248 0.31669 0.34764 0.37599 0.39344 0.39708 0.38689 0.36433 0.33395 0.30516
0.29565 0.28912 0.26665 0.22362 0.17489 0.1413 0.13102 0.13555 0.1412 0.14091 0.1334 0.12293 0.12179 0.14469 0.19311 0.2486 0.28701 0.30085 0.30438 0.31583 0.33836 0.3611 0.37463 0.37662 0.36703 0.34714 0.32217 0.30326
0.33071 0.31855 0.2893 0.24143 0.18993 0.15257 0.13448 0.12753 0.1238 0.12011 0.11666 0.11723 0.13075 0.16836 0.22711 0.28645 0.32448 0.33789 0.3428 0.3553 0.37537 0.39269 0.40225 0.4029 0.39462 0.37816 0.35714 0.34015
0.38109 0.35351 0.31502 0.26734 0.2209 0.18501 0.16027 0.1439 0.13395 0.12965 0.13205 0.14379 0.1681 0.20904 0.26368 0.31804 0.35861 0.3846 0.40565 0.42792 0.4482 0.46301 0.47051 0.47051 0.46292 0.44784 0.42719 0.40415
0.44545 0.40276 0.35578 0.30737 0.26216 0.22362 0.1932 0.17114 0.15804 0.15507 0.16328 0.18348 0.21596 0.2595 0.3106 0.36318 0.41129 0.45325 0.48956 0.52025 0.54457 0.56122 0.56935 0.56871 0.55921 0.5411 0.5153 0.48313
0.50579 0.45013 0.39432 0.34101 0.29291 0.25186 0.21849 0.19379 0.18016 0.17985 0.19327 0.21926 0.25647 0.30341 0.35741 0.41487 0.47253 0.52769 0.57744 0.61933 0.65219 0.67503 0.6859 0.68325 0.66766 0.64093 0.60417 0.5583
0.54536 0.47543 0.40976 0.35078 0.3 0.25787 0.22413 0.19997 0.1885 0.192 0.20967 0.23918 0.27917 0.32909 0.38776 0.45324 0.52314 0.59347 0.65866 0.71443 0.75894 0.78997 0.80332 0.79636 0.77101 0.73103 0.67847 0.61507
0.55139 0.46702 0.39206 0.32893 0.27811 0.23863 0.20912 0.19004 0.18368 0.19111 0.21057 0.24009 0.27994 0.33143 0.39502 0.46999 0.55376 0.64053 0.72241 0.79325 0.84942 0.88676 0.90005 0.88693 0.8502 0.79443 0.7229 0.63948
0.51554 0.42031 0.34074 0.27932 0.23532 0.20596 0.18788 0.17925 0.17983 0.18889 0.20499 0.22858 0.26287 0.31174 0.37763 0.46057 0.55692 0.65863 0.75572 0.83971 0.90436 0.94412 0.95443 0.93396 0.88528 0.81293 0.72201 0.61955
0.43949 0.3423 0.26818 0.21927 0.19284 0.1832 0.18373 0.18899 0.1955 0.20138 0.20714 0.21707 0.2382 0.27761 0.33999 0.42569 0.52935 0.64075 0.74804 0.84044 0.90906 0.94754 0.95256 0.92352 0.86253 0.77466 0.66772 0.55192
0.33828 0.25256 0.19793 0.17459 0.17636 0.19348 0.21545 0.23355 0.24225 0.23979 0.22915 0.21844 0.21875 0.24079 0.29169 0.37201 0.47474 0.58791 0.69816 0.79254 0.86 0.89383 0.89166 0.85339 0.78131 0.68211 0.56649 0.44723
0.23818 0.17902 0.15702 0.16845 0.20294 0.24691 0.28696 0.31294 0.3193 0.30518 0.2754 0.24091 0.21618 0.21502 0.24668 0.31234 0.40434 0.50998 0.61479 0.70399 0.76506 0.79124 0.78085 0.73432 0.65503 0.55198 0.43839 0.32886
0.16761 0.14632 0.16298 0.20953 0.27273 0.33698 0.38786 0.4157 0.41618 0.38947 0.34153 0.28506 0.23638 0.21059 0.21803 0.26113 0.33343 0.42287 0.51452 0.59238 0.6431 0.65994 0.64158 0.58931 0.50861 0.41107 0.31179 0.226
0.14467 0.16338 0.21519 0.28933 0.37168 0.44661 0.50053 0.52536 0.51826 0.4802 0.41788 0.34466 0.27685 0.22909 0.21183 0.22909 0.27685 0.34466 0.41788 0.4802 0.51826 0.52536 0.50053 0.44661 0.37168 0.28933 0.21519 0.16338
0.16891 0.22019 0.29697 0.38738 0.47774 0.55403 0.60479 0.62371 0.60893 0.5623 0.491 0.40776 0.32732 0.26312 0.22561 0.21993 0.24393 0.28875 0.34093 0.38539 0.4098 0.40786 0.37943 0.32952 0.2682 0.20917 0.16629 0.15075
0.22431 0.2946 0.38279 0.47713 0.56551 0.63665 0.68114 0.69299 0.67088 0.61842 0.54368 0.45763 0.37245 0.30032 0.25128 0.23025 0.23548 0.25962 0.29167 0.31909 0.33109 0.32224 0.294 0.25354 0.21143 0.17907 0.16643 0.18058
0.28737 0.36086 0.4464 0.53384 0.61386 0.67783 0.71627 0.72089 0.69105 0.63437 0.56066 0.4788 0.39803 0.32859 0.27887 0.25222 0.24686 0.25741 0.27545 0.29039 0.29311 0.28053 0.25642 0.22849 0.20544 0.1951 0.20335 0.2338
0.33452 0.39754 0.46958 0.54362 0.61443 0.67476 0.71 0.70692 0.66722 0.60577 0.53608 0.46442 0.39641 0.33933 0.29888 0.27712 0.27304 0.28226 0.29563 0.30182 0.29669 0.28476 0.27102 0.257 0.24567 0.24356 0.25625 0.28651
0.34884 0.39369 0.44743 0.5075 0.57253 0.63225 0.66461 0.65279 0.60317 0.53832 0.47519 0.41795 0.36785 0.32874 0.30442 0.29758 0.30823 0.32854 0.34075 0.3349 0.32174 0.31881 0.32565 0.32635 0.31438 0.3012 0.30049 0.31674
0.32621 0.35292 0.38989 0.43866 0.4991 0.55663 0.58384 0.564 0.50895 0.44626 0.39357 0.35241 0.32057 0.29966 0.29374 0.30776 0.34113 0.37514 0.38354 0.36362 0.34703 0.36215 0.39321 0.40164 0.37583 0.33812 0.31463 0.31195
0.27939 0.29522 0.32217 0.36401 0.42044 0.47374 0.49479 0.46974 0.41479 0.35881 0.31724 0.28881 0.26978 0.26167 0.27028 0.30266 0.35435 0.39696 0.40138 0.37444 0.36217 0.39248 0.43347 0.43522 0.39025 0.33118 0.29093 0.27599
0.23561 0.2526 0.2804 0.32328 0.37963 0.42981 0.44559 0.41716 0.36355 0.3122 0.27522 0.2499 0.23319 0.2279 0.24139 0.28099 0.33816 0.38217 0.38709 0.36494 0.35917 0.38774 0.41578 0.4017 0.34617 0.28318 0.24344 0.23042
0.22555 0.25615 0.29641 0.34887 0.40927 0.45733 0.46822 0.43661 0.38219 0.32882 0.28581 0.25134 0.22512 0.21148 0.21798 0.25069 0.30037 0.3405 0.35127 0.34183 0.33972 0.35219 0.35537 0.32706 0.27445 0.22584 0.20337 0.20598
0.26945 0.32231 0.38216 0.44724 0.51069 0.55459 0.56025 0.52614 0.46921 0.40769 0.34914 0.29552 0.2506 0.21974 0.20958 0.22492 0.2595 0.29407 0.31374 0.31924 0.31939 0.3146 0.29604 0.26042 0.22012 0.19679 0.20061 0.22713
0.3688 0.44688 0.52733 0.60326 0.66674 0.70452 0.70457 0.66753 0.60559 0.53075 0.45044 0.37211 0.30309 0.24967 0.21761 0.21115 0.22816 0.2564 0.28277 0.29927 0.30145 0.28731 0.25948 0.22765 0.20809 0.2143 0.2467 0.3001
0.50886 0.60992 0.70719 0.79181 0.85522 0.88726 0.88055 0.8371 0.7653 0.67332 0.56935 0.46409 0.36843 0.29037 0.23581 0.20892 0.20907 0.22871 0.25499 0.27486 0.27876 0.26556 0.2442 0.23032 0.23837 0.27352 0.33366 0.41401
0.66705 0.78604 0.89437 0.98355 1.0456 1.0719 1.0576 1.0054 0.92139 0.81117 0.68292 0.55002 0.42718 0.32563 0.2527 0.21195 0.20134 0.21288 0.23442 0.25273 0.25914 0.25497 0.251 0.26101 0.29497 0.3561 0.44233 0.54868
0.8166 0.94944 1.0644 1.1531 1.2093 1.2284 1.208 1.1477 1.0497 0.91924 0.76634 0.60655 0.45833 0.33787 0.255 0.21132 0.20065 0.21159 0.23113 0.24836 0.25822 0.26364 0.27403 0.301 0.35373 0.4362 0.54665 0.67763
0.92983 1.0746 1.1946 1.2802 1.3281 1.3397 1.3131 1.243 1.1289 0.97859 0.80389 0.62058 0.45104 0.31891 0.237 0.20269 0.20289 0.22116 0.24342 0.26112 0.27215 0.28039 0.29482 0.32762 0.39027 0.48888 0.62062 0.77326
0.98934 1.1422 1.2658 1.3491 1.3906 1.3945 1.3582 1.2754 1.1477 0.98513 0.79595 0.59359 0.40861 0.27526 0.20699 0.1924 0.20989 0.2391 0.26546 0.28225 0.28898 0.29079 0.29843 0.3273 0.39285 0.50308 0.652 0.82089
0.99247 1.1444 1.2668 1.3492 1.3874 1.3821 1.3321 1.2372 1.1045 0.939 0.74065 0.52768 0.34496 0.23196 0.19209 0.20076 0.23205 0.26877 0.29638 0.30783 0.30351 0.29088 0.28459 0.30292 0.36456 0.4804 0.64132 0.82045
0.93696 1.0817 1.1982 1.2793 1.3147 1.2988 1.2341 1.1302 0.9949 0.82516 0.62433 0.42863 0.29099 0.23343 0.23305 0.25483 0.28351 0.31616 0.33882 0.33939 0.31918 0.29086 0.27078 0.27299 0.31788 0.42368 0.58428 0.76662
0.81935 0.9607 1.0737 1.1533 1.1845 1.1574 1.079 0.96355 0.81592 0.63799 0.45732 0.32998 0.29111 0.31659 0.35037 0.36246 0.3677 0.38424 0.39546 0.38165 0.34751 0.31384 0.28821 0.27017 0.27829 0.34449 0.47866 0.65135
0.6616 0.80585 0.92049 0.99813 1.023 0.98552 0.89508 0.76395 0.59931 0.42525 0.30082 0.28368 0.36474 0.4654 0.51031 0.49466 0.47084 0.47055 0.46832 0.44109 0.40351 0.38094 0.36307 0.3259 0.28131 0.27828 0.35494 0.49889
0.51788 0.66048 0.77391 0.84564 0.86209 0.81707 0.72024 0.58115 0.41583 0.27273 0.22603 0.31242 0.47701 0.61002 0.64436 0.60852 0.57547 0.57001 0.55711 0.52142 0.48936 0.48711 0.48575 0.43702 0.34279 0.26547 0.27169 0.37137
0.43736 0.56362 0.66451 0.72369 0.73068 0.68339 0.59101 0.46358 0.32519 0.23281 0.25097 0.38815 0.56852 0.6903 0.71556 0.69121 0.67781 0.67695 0.65764 0.61771 0.58879 0.5974 0.6067 0.55559 0.43614 0.31292 0.26587 0.32011
0.4311 0.52902 0.60706 0.64877 0.64707 0.6032 0.52547 0.42667 0.33209 0.28847 0.33696 0.46844 0.6174 0.7166 0.75458 0.76814 0.78298 0.78488 0.76301 0.72078 0.68414 0.67987 0.67992 0.62918 0.51452 0.38894 0.32405 0.34728
0.4795 0.54676 0.59879 0.62217 0.61401 0.57738 0.51909 0.45299 0.4005 0.3904 0.4427 0.54579 0.65983 0.75078 0.81406 0.85944 0.88496 0.88685 0.86471 0.82245 0.77271 0.7379 0.7093 0.65364 0.56031 0.46356 0.41167 0.42328
0.55662 0.59729 0.6261 0.63463 0.62282 0.59409 0.55437 0.51534 0.49334 0.50379 0.55446 0.6376 0.73345 0.82412 0.89882 0.94958 0.97475 0.97589 0.95482 0.91413 0.85843 0.79797 0.73994 0.67605 0.60388 0.54125 0.51146 0.52105
0.64117 0.66196 0.6744 0.67369 0.66013 0.63696 0.61039 0.59014 0.58732 0.61063 0.66244 0.7368 0.82196 0.90522 0.9754 1.0241 1.0482 1.0489 1.0286 0.98887 0.93316 0.86731 0.79849 0.73292 0.67534 0.6341 0.61669 0.62212
0.71698 0.72573 0.72873 0.72272 0.70774 0.68732 0.66823 0.65874 0.66627 0.69547 0.74638 0.81391 0.88972 0.9647 1.0297 1.0766 1.1005 1.1009 1.0795 1.0393 0.98479 0.92247 0.85945 0.8019 0.75501 0.72316 0.70847 0.70861
0.77072 0.77238 0.76904 0.75861 0.74193 0.72336 0.70943 0.70638 0.71856 0.74833 0.79557 0.85671 0.92496 0.99237 1.0513 1.0948 1.1173 1.1164 1.0939 1.0544 1.0035 0.94751 0.8925 0.8441 0.8064 0.78172 0.77 0.76812
0.78889 0.78481 0.77581 0.76078 0.74203 0.72506 0.71601 0.71869 0.73421 0.76306 0.8056 0.85948 0.91848 0.97534 1.0246 1.0614 1.0805 1.079 1.0582 1.0235 0.98061 0.9343 0.88911 0.84992 0.82085 0.80305 0.79436 0.79093
0.76161 0.75197 0.73775 0.71833 0.69715 0.68122 0.67672 0.68541 0.70547 0.73458 0.77174 0.81472 0.85906 0.90094 0.93809 0.96712 0.98313 0.98272 0.96739 0.94208 0.91168 0.87956 0.84757 0.81915 0.79822 0.78507 0.77634 0.76901
0.68484 0.66803 0.6482 0.62487 0.60252 0.58948 0.59132 0.60697 0.63202 0.66136 0.69096 0.71864 0.74418 0.76828 0.79105 0.81114 0.82417 0.82694 0.82143 0.81189 0.80003 0.78584 0.76982 0.75322 0.73879 0.72645 0.71379 0.70004
0.56494 0.53871 0.51227 0.4861 0.46597 0.46014 0.47149 0.49516 0.524 0.55124 0.57067 0.58131 0.58669 0.58991 0.59524 0.60462 0.61548 0.62543 0.63588 0.6484 0.65989 0.66568 0.66538 0.6593 0.64875 0.63393 0.6147 0.59111
0.4303 0.39765 0.36728 0.33999 0.32259 0.32311 0.34191 0.37091 0.40044 0.42244 0.43063 0.42575 0.41256 0.39753 0.38957 0.39355 0.40759 0.42833 0.45539 0.4878 0.51917 0.5417 0.55355 0.55463 0.54528 0.5264 0.4993 0.46554
0.32698 0.29879 0.27101 0.2421 0.22028 0.21645 0.23237 0.25894 0.28416 0.29852 0.29689 0.28148 0.25915 0.24094 0.23794 0.25218 0.27628 0.30351 0.33442 0.37108 0.40884 0.43893 0.45676 0.46078 0.45101 0.42879 0.39678 0.36029
0.37296 0.33626 0.29918 0.26296 0.23656 0.22957 0.24238 0.26571 0.28818 0.30103 0.29973 0.28615 0.26677 0.25183 0.25228 0.27144 0.30329 0.3403 0.37996 0.42187 0.46153 0.49193 0.50952 0.51334 0.50408 0.48241 0.45016 0.41161
0.31707 0.28952 0.25675 0.21775 0.18329 0.16661 0.17074 0.18656 0.20141 0.20695 0.20038 0.18473 0.169 0.16637 0.1855 0.22189 0.26183 0.29605 0.32687 0.3606 0.39631 0.42601 0.44331 0.44668 0.43662 0.41389 0.38153 0.34705
0.30538 0.28399 0.25277 0.21037 0.1691 0.14391 0.13872 0.14458 0.15022 0.15005 0.143 0.13267 0.12862 0.14389 0.18219 0.23147 0.2735 0.30074 0.32127 0.34626 0.37597 0.40103 0.41505 0.41683 0.40669 0.38528 0.35602 0.32751
0.32259 0.298 0.26414 0.22136 0.18074 0.15378 0.14187 0.13761 0.13524 0.13193 0.12796 0.12681 0.13495 0.16156 0.20685 0.25758 0.29801 0.32433 0.34568 0.37076 0.39704 0.41718 0.42781 0.42824 0.41855 0.39923 0.37302 0.34598
0.36278 0.32929 0.29135 0.25098 0.21483 0.18783 0.16934 0.15721 0.14936 0.14515 0.1457 0.15353 0.17167 0.2025 0.24526 0.29165 0.33263 0.36653 0.39745 0.42659 0.45124 0.46879 0.4775 0.47705 0.46741 0.44896 0.42359 0.39407
0.41849 0.37686 0.33492 0.29478 0.25917 0.22999 0.20722 0.19009 0.17902 0.17545 0.18056 0.19502 0.21944 0.25361 0.29528 0.34049 0.38555 0.42838 0.46761 0.50164 0.52876 0.54746 0.55649 0.55511 0.54345 0.52244 0.4934 0.45803
0.47117 0.42099 0.37376 0.33115 0.29453 0.26421 0.23904 0.21893 0.20656 0.20498 0.21447 0.23344 0.26104 0.29717 0.34066 0.38927 0.44093 0.49326 0.5426 0.58533 0.61954 0.64369 0.65506 0.65151 0.63403 0.60535 0.56727 0.52139
0.50704 0.44613 0.39172 0.34521 0.30695 0.27577 0.24954 0.22874 0.21764 0.21962 0.23324 0.25523 0.28481 0.32306 0.37019 0.42526 0.48684 0.55153 0.61363 0.66833 0.71317 0.74504 0.75862 0.75067 0.72374 0.68284 0.63101 0.57071
0.51362 0.44073 0.37846 0.3281 0.28909 0.25908 0.23532 0.21831 0.21199 0.21825 0.23409 0.25651 0.28638 0.32645 0.37822 0.44177 0.51551 0.59446 0.67104 0.7391 0.79472 0.83272 0.84609 0.83165 0.79358 0.73823 0.66982 0.59257
0.48192 0.3995 0.33266 0.28263 0.24799 0.2254 0.21122 0.20419 0.20517 0.21349 0.22658 0.24428 0.27029 0.30916 0.36376 0.43486 0.52003 0.61228 0.70216 0.78175 0.84498 0.88506 0.8951 0.87308 0.8237 0.75355 0.66828 0.5746
0.41293 0.32861 0.26587 0.2256 0.20512 0.19938 0.20242 0.2093 0.21664 0.22213 0.22576 0.23172 0.24709 0.27863 0.33085 0.4049 0.49691 0.59788 0.69665 0.78331 0.84946 0.88744 0.89173 0.86156 0.80124 0.71757 0.61832 0.51296
0.32132 0.24698 0.20081 0.18235 0.18637 0.20468 0.22784 0.24732 0.25708 0.25486 0.24368 0.23163 0.22921 0.24604 0.28864 0.35833 0.44976 0.55225 0.65325 0.74085 0.80469 0.83703 0.83395 0.79556 0.72595 0.63277 0.52616 0.41805
0.23165 0.18056 0.16258 0.17447 0.20764 0.25038 0.29033 0.31722 0.3248 0.31195 0.28373 0.25087 0.22676 0.2237 0.24993 0.30698 0.38885 0.48421 0.57968 0.66169 0.71843 0.74252 0.73136 0.68578 0.61042 0.51452 0.41047 0.31176
0.16891 0.15075 0.16629 0.20917 0.2682 0.32952 0.37943 0.40786 0.4098 0.38539 0.34093 0.28875 0.24393 0.21993 0.22561 0.26312 0.32732 0.40776 0.491 0.5623 0.60893 0.62371 0.60479 0.55403 0.47774 0.38738 0.29697 0.22019
0.148 0.16456 0.21093 0.2784 0.35474 0.42574 0.47826 0.50359 0.4982 0.46331 0.40602 0.33923 0.27797 0.23525 0.21994 0.23525 0.27797 0.33923 0.40602 0.46331 0.4982 0.50359 0.47826 0.42574 0.35474 0.2784 0.21093 0.16456
0.16829 0.21322 0.28166 0.36352 0.4467 0.51848 0.5677 0.58713 0.57429 0.53157 0.46664 0.39154 0.31961 0.26291 0.23048 0.22655 0.24924 0.29084 0.33937 0.38091 0.40337 0.40004 0.37083 0.32156 0.26279 0.20744 0.16773 0.15298
0.216 0.27715 0.35526 0.44003 0.52084 0.58762 0.63083 0.64327 0.62311 0.57486 0.50722 0.43034 0.35499 0.29209 0.25058 0.23455 0.24226 0.26714 0.29926 0.32662 0.33814 0.32794 0.29795 0.2564 0.21429 0.18219 0.16854 0.17904
0.27024 0.33289 0.40747 0.48538 0.55875 0.6201 0.65868 0.66392 0.63493 0.58135 0.51433 0.44176 0.37151 0.31251 0.27208 0.25307 0.25396 0.26992 0.29259 0.31059 0.31381 0.29933 0.27208 0.24075 0.21426 0.19994 0.2029 0.22607
0.30926 0.36067 0.4218 0.48757 0.55486 0.61594 0.65308 0.6501 0.6091 0.54812 0.48322 0.42037 0.36308 0.31702 0.28694 0.2751 0.28117 0.30059 0.32165 0.33052 0.32407 0.3098 0.29413 0.27702 0.25948 0.24882 0.25208 0.27226
0.31732 0.35079 0.39443 0.44828 0.5125 0.57517 0.61005 0.5974 0.54478 0.47879 0.4194 0.37048 0.33087 0.30257 0.28907 0.29408 0.31825 0.35025 0.367 0.35793 0.33954 0.33633 0.34742 0.34966 0.33154 0.30608 0.29239 0.29672
0.29114 0.30764 0.33581 0.37963 0.44043 0.50152 0.531 0.50959 0.45102 0.3873 0.3387 0.30567 0.28346 0.27235 0.27693 0.30371 0.35084 0.39263 0.3977 0.36604 0.34125 0.36117 0.40535 0.42171 0.3915 0.34048 0.30233 0.28757
0.24456 0.25229 0.27233 0.31086 0.36893 0.42641 0.44955 0.42234 0.36354 0.30658 0.26888 0.24752 0.23635 0.23623 0.25409 0.29826 0.36011 0.40409 0.39741 0.35363 0.3333 0.37233 0.43125 0.44493 0.39844 0.32819 0.27484 0.24971
0.20603 0.2179 0.242 0.28488 0.34566 0.40149 0.41933 0.38768 0.32879 0.27479 0.23958 0.2188 0.20732 0.20765 0.22825 0.27683 0.33957 0.37982 0.37044 0.33174 0.31935 0.35622 0.40084 0.3993 0.3454 0.27529 0.22629 0.20639
0.20599 0.23476 0.27515 0.33158 0.39938 0.45429 0.46679 0.43054 0.36888 0.31041 0.26625 0.23335 0.20956 0.199 0.21008 0.24873 0.30085 0.33559 0.33361 0.31125 0.30427 0.32272 0.33829 0.32023 0.27021 0.2174 0.18969 0.18889
0.26206 0.31583 0.3786 0.44988 0.52154 0.57176 0.57804 0.53857 0.47383 0.40612 0.3446 0.29015 0.24529 0.21524 0.20728 0.22611 0.26192 0.29262 0.30427 0.30243 0.30048 0.2998 0.28851 0.25833 0.21857 0.19219 0.19385 0.21966
0.37218 0.45299 0.53756 0.61943 0.68947 0.73153 0.73124 0.68955 0.62125 0.54096 0.45686 0.37595 0.30515 0.25068 0.21871 0.21352 0.2314 0.25829 0.28188 0.29647 0.29913 0.28744 0.26223 0.2312 0.21004 0.21475 0.24713 0.30164
0.51937 0.62422 0.72603 0.81548 0.88308 0.91735 0.90996 0.86331 0.78701 0.69011 0.58151 0.47227 0.37336 0.29276 0.23654 0.20899 0.20932 0.22924 0.25594 0.27687 0.28229 0.27028 0.24912 0.23432 0.24172 0.27731 0.33892 0.42154
0.68052 0.804 0.91696 1.0102 1.075 1.1024 1.0875 1.0328 0.94468 0.82919 0.69532 0.55723 0.42994 0.32475 0.24912 0.20678 0.19574 0.2079 0.2309 0.25099 0.25893 0.25552 0.2518 0.26221 0.29722 0.36017 0.44886 0.55832
0.82926 0.96703 1.0866 1.1787 1.2368 1.2565 1.2353 1.1726 1.0701 0.9338 0.77461 0.60877 0.45512 0.33028 0.24451 0.19954 0.18892 0.20087 0.22198 0.24091 0.25222 0.25874 0.27008 0.29819 0.35261 0.43747 0.55103 0.6858
0.93932 1.0889 1.2132 1.3017 1.3511 1.3629 1.3352 1.2622 1.1435 0.98757 0.80664 0.61651 0.44034 0.30331 0.21915 0.18481 0.18631 0.2065 0.23075 0.25016 0.26242 0.27148 0.28658 0.32026 0.3845 0.4858 0.62122 0.77813
0.99546 1.1521 1.2791 1.3651 1.4079 1.4116 1.3737 1.2879 1.1564 0.98921 0.79357 0.58282 0.38985 0.25189 0.18315 0.17061 0.19084 0.22283 0.25153 0.26988 0.27729 0.27917 0.28673 0.31593 0.3829 0.49619 0.64944 0.82289
0.9961 1.1505 1.2752 1.3597 1.399 1.3933 1.3413 1.2439 1.1084 0.93831 0.73213 0.50941 0.31913 0.2039 0.16647 0.1792 0.21399 0.25351 0.28333 0.29589 0.29162 0.27838 0.27143 0.2894 0.3519 0.47076 0.63648 0.82049
0.93813 1.0846 1.2025 1.285 1.3213 1.3047 1.2381 1.1321 0.99395 0.81862 0.60919 0.40514 0.2636 0.20785 0.21242 0.23873 0.27006 0.30441 0.32856 0.32971 0.30917 0.28026 0.25926 0.26022 0.30466 0.41231 0.57717 0.76436
0.81806 0.96101 1.075 1.1555 1.1872 1.1593 1.0794 0.96199 0.81104 0.62747 0.44024 0.30892 0.27085 0.30084 0.33962 0.35454 0.36046 0.37725 0.38909 0.37547 0.34129 0.30763 0.28134 0.26156 0.2679 0.33402 0.47057 0.64699
0.65963 0.80502 0.92033 0.99846 1.0235 0.98551 0.89414 0.76155 0.59447 0.41711 0.29005 0.27273 0.35627 0.46046 0.5079 0.49284 0.46846 0.46782 0.46574 0.43858 0.40135 0.37933 0.36141 0.32305 0.27668 0.2725 0.34952 0.49512
0.51788 0.66048 0.77391 0.84564 0.86209 0.81707 0.72024 0.58115 0.41583 0.27273 0.22603 0.31242 0.47701 0.61002 0.64436 0.60852 0.57547 0.57001 0.55711 0.52142 0.48936 0.48711 0.48575 0.43702 0.34279 0.26547 0.27169 0.37137
0.44025 0.56531 0.66537 0.7241 0.73111 0.68439 0.59307 0.46739 0.3313 0.24076 0.25881 0.39348 0.57025 0.68938 0.71414 0.69082 0.6784 0.67765 0.65823 0.61812 0.58815 0.595 0.60325 0.55298 0.43609 0.31572 0.27023 0.32423
0.43557 0.53168 0.60833 0.6493 0.64772 0.60491 0.52901 0.4329 0.34136 0.29944 0.34656 0.4737 0.61774 0.71421 0.75238 0.76729 0.78256 0.78404 0.76197 0.7196 0.68129 0.67377 0.67138 0.6215 0.5111 0.39081 0.3294 0.35316
0.48373 0.54905 0.59946 0.622 0.61408 0.57876 0.5226 0.4591 0.40913 0.40002 0.4506 0.54981 0.65998 0.74897 0.81202 0.85712 0.88165 0.8828 0.86047 0.81843 0.76793 0.73036 0.69927 0.64424 0.55518 0.46408 0.41617 0.42876
0.55978 0.59837 0.62548 0.63322 0.62167 0.59413 0.55633 0.51949 0.4993 0.5104 0.55996 0.64059 0.73365 0.82206 0.8948 0.94391 0.96778 0.96818 0.94712 0.90707 0.85228 0.79172 0.73322 0.67044 0.60159 0.543 0.51585 0.52572
0.64335 0.66188 0.67256 0.67098 0.65744 0.63509 0.60995 0.59135 0.58987 0.61365 0.6647 0.7371 0.81954 0.89999 0.96777 1.0147 1.0377 1.038 1.0181 0.97959 0.92584 0.86245 0.79603 0.73282 0.67779 0.63862 0.62187 0.62633
0.71926 0.72554 0.72648 0.71918 0.70374 0.68363 0.66539 0.65694 0.6653 0.69469 0.74478 0.81038 0.88354 0.95577 1.0185 1.064 1.0873 1.0879 1.0675 1.0294 0.97787 0.91906 0.85962 0.80529 0.76072 0.72987 0.71473 0.71323
0.77526 0.77406 0.76797 0.75545 0.73761 0.7187 0.7049 0.7021 0.71448 0.74406 0.79026 0.84939 0.91513 0.98021 1.0375 1.0802 1.1028 1.1031 1.0829 1.0467 0.99964 0.94764 0.8966 0.85159 0.81602 0.79179 0.77905 0.7752
0.79828 0.79042 0.77746 0.75921 0.73846 0.72045 0.71079 0.71295 0.72795 0.75607 0.79726 0.84915 0.90604 0.96124 1.0094 1.046 1.0662 1.0675 1.051 1.0213 0.98305 0.94098 0.89969 0.86375 0.8365 0.81877 0.80882 0.80327
0.77772 0.76302 0.74336 0.71942 0.69534 0.67774 0.67208 0.67973 0.69855 0.72622 0.76177 0.80313 0.84601 0.88666 0.9231 0.95256 0.97099 0.97548 0.96672 0.94807 0.92338 0.89567 0.86719 0.84148 0.82195 0.80872 0.79872 0.78895
0.70978 0.687 0.66048 0.63137 0.60504 0.58943 0.58929 0.60309 0.62616 0.6534 0.68144 0.70824 0.73301 0.75657 0.77952 0.80141 0.81894 0.82897 0.83184 0.82965 0.82328 0.81322 0.79995 0.7852 0.77181 0.7595 0.74564 0.7292
0.60111 0.56891 0.53514 0.50205 0.47641 0.46635 0.47416 0.49468 0.52071 0.54553 0.56385 0.57451 0.58044 0.585 0.59272 0.60648 0.62444 0.6434 0.66247 0.68119 0.69637 0.70469 0.70602 0.7009 0.69115 0.67665 0.65654 0.63099
0.47629 0.43744 0.39909 0.36403 0.34016 0.33536 0.34952 0.37445 0.40073 0.42053 0.42832 0.42448 0.41369 0.40221 0.39893 0.40938 0.43203 0.46227 0.49718 0.53405 0.56708 0.59035 0.60263 0.60392 0.59526 0.57696 0.54969 0.51483
0.52264 0.47658 0.42984 0.38709 0.357 0.34699 0.35645 0.37722 0.40007 0.41745 0.42468 0.42184 0.41333 0.40547 0.407 0.42391 0.45506 0.49498 0.53852 0.58115 0.61733 0.64261 0.65595 0.65782 0.64981 0.63167 0.60323 0.56588
0.4188 0.3731 0.32685 0.28371 0.25295 0.24276 0.25233 0.2723 0.29188 0.30307 0.30198 0.29011 0.27364 0.26215 0.26631 0.29045 0.32982 0.37639 0.42513 0.47328 0.51616 0.54806 0.56604 0.56998 0.5611 0.53941 0.50581 0.46388
0.35019 0.3107 0.26846 0.22538 0.19136 0.17638 0.18086 0.19539 0.20861 0.21347 0.20752 0.1934 0.1789 0.17589 0.19342 0.23 0.27523 0.31994 0.3628 0.40594 0.44689 0.47862 0.49633 0.49963 0.48947 0.466 0.431 0.39035
0.31947 0.28499 0.24603 0.20382 0.16829 0.14947 0.14787 0.15446 0.16016 0.16011 0.15338 0.14329 0.13749 0.14726 0.17793 0.22261 0.26808 0.30698 0.34229 0.37919 0.41536 0.44298 0.45783 0.45949 0.44853 0.42521 0.39177 0.35454
0.32019 0.28548 0.24781 0.20897 0.17675 0.15777 0.1507 0.14931 0.14856 0.14564 0.14091 0.13783 0.14197 0.16037 0.19541 0.23955 0.28201 0.31869 0.35318 0.3882 0.41969 0.4427 0.45453 0.45471 0.44343 0.42114 0.39018 0.35495
0.34817 0.31068 0.27367 0.23936 0.21164 0.19245 0.18066 0.17336 0.16797 0.16381 0.16211 0.16553 0.17742 0.20009 0.23351 0.27343 0.31414 0.3534 0.39112 0.42547 0.45403 0.47418 0.48412 0.48316 0.4714 0.44966 0.42001 0.3853
0.3922 0.35234 0.31554 0.28351 0.25782 0.23888 0.22482 0.2134 0.20464 0.20035 0.20183 0.2097 0.22517 0.2495 0.28204 0.32031 0.36173 0.40426 0.44533 0.48181 0.51127 0.53193 0.54189 0.53974 0.52587 0.5021 0.47036 0.43269
0.4365 0.39227 0.35379 0.32226 0.2982 0.28017 0.26456 0.24959 0.23843 0.23545 0.24058 0.25143 0.268 0.29223 0.32477 0.36443 0.40971 0.45836 0.50623 0.54902 0.58424 0.6097 0.62164 0.61717 0.59775 0.56727 0.52846 0.48351
0.46848 0.41697 0.37404 0.3407 0.31647 0.29807 0.28048 0.26289 0.25174 0.25237 0.26192 0.27525 0.29273 0.31795 0.3529 0.39737 0.45025 0.50846 0.56652 0.61949 0.66448 0.69762 0.7118 0.70258 0.67365 0.63197 0.58149 0.52526
0.47565 0.41452 0.36515 0.32833 0.30264 0.28368 0.26635 0.25097 0.2444 0.2499 0.26223 0.27639 0.29461 0.32196 0.36135 0.41331 0.47664 0.54698 0.61745 0.68229 0.73761 0.77711 0.79097 0.77476 0.73459 0.67964 0.61495 0.54476
0.44828 0.37871 0.32464 0.28657 0.26245 0.24787 0.23823 0.23279 0.23427 0.24215 0.25187 0.26241 0.27863 0.30649 0.34948 0.4087 0.48238 0.5645 0.64659 0.72157 0.78381 0.82504 0.83509 0.81106 0.76032 0.69241 0.61333 0.52916
0.38659 0.3148 0.26317 0.23183 0.21813 0.21727 0.22361 0.23263 0.24113 0.24611 0.2468 0.24751 0.2559 0.27894 0.32099 0.38356 0.46382 0.55391 0.64373 0.72448 0.78834 0.82629 0.83001 0.79846 0.73872 0.65956 0.56854 0.47414
0.30442 0.24078 0.20266 0.18923 0.1961 0.21638 0.24155 0.26303 0.27405 0.27173 0.25911 0.24463 0.23861 0.24989 0.28442 0.34391 0.42421 0.51582 0.60724 0.68787 0.74805 0.77901 0.77512 0.73674 0.66989 0.5832 0.4861 0.38931
0.22431 0.18058 0.16643 0.17907 0.21143 0.25354 0.294 0.32224 0.33109 0.31909 0.29167 0.25962 0.23548 0.23025 0.25128 0.30032 0.37245 0.45763 0.54368 0.61842 0.67088 0.69299 0.68114 0.63665 0.56551 0.47713 0.38279 0.2946
0.16829 0.15298 0.16773 0.20744 0.26279 0.32156 0.37083 0.40004 0.40337 0.38091 0.33937 0.29084 0.24924 0.22655 0.23048 0.26291 0.31961 0.39154 0.46664 0.53157 0.57429 0.58713 0.5677 0.51848 0.4467 0.36352 0.28166 0.21322
0.14902 0.16373 0.20531 0.2667 0.33738 0.40461 0.45581 0.48166 0.4779 0.44593 0.39328 0.33236 0.27696 0.23865 0.225 0.23865 0.27696 0.33236 0.39328 0.44593 0.4779 0.48166 0.45581 0.40461 0.33738 0.2667 0.20531 0.16373
0.16584 0.20505 0.26584 0.33964 0.41586 0.48315 0.53072 0.55057 0.53963 0.50069 0.44182 0.37434 0.31028 0.26041 0.23263 0.2305 0.25232 0.2914 0.33698 0.37615 0.39694 0.39225 0.36209 0.31319 0.25658 0.20441 0.16736 0.15315
0.20684 0.25955 0.32814 0.40373 0.47716 0.53947 0.58119 0.5941 0.5759 0.53185 0.47101 0.40282 0.33674 0.28247 0.24798 0.23677 0.24722 0.27352 0.30653 0.3345 0.3458 0.33416 0.30205 0.25893 0.21629 0.18396 0.16905 0.17607
0.2533 0.30581 0.36995 0.43863 0.50569 0.56463 0.60331 0.60909 0.58083 0.52999 0.46918 0.4055 0.34526 0.29608 0.26435 0.25267 0.26001 0.28205 0.31017 0.33163 0.33513 0.31837 0.28775 0.25276 0.22242 0.20381 0.20148 0.21782
0.28509 0.3256 0.37626 0.43409 0.4979 0.55944 0.59812 0.59518 0.55307 0.49267 0.43238 0.378 0.33095 0.29522 0.27484 0.27251 0.28876 0.31856 0.34662 0.35704 0.34819 0.33119 0.31422 0.2952 0.27244 0.25345 0.24757 0.25828
0.28747 0.31025 0.34406 0.39123 0.45358 0.51797 0.55461 0.54126 0.48652 0.42052 0.36565 0.32518 0.29564 0.27742 0.27396 0.29014 0.32698 0.36849 0.38686 0.37151 0.34592 0.34259 0.36027 0.36744 0.34608 0.3102 0.28427 0.27751
0.25809 0.26497 0.28409 0.32165 0.38079 0.44358 0.47446 0.45194 0.39144 0.32867 0.28566 0.26131 0.24837 0.24629 0.26043 0.29868 0.35653 0.40149 0.3979 0.35025 0.31538 0.34092 0.40184 0.43152 0.40196 0.34121 0.29009 0.26431
0.21208 0.21214 0.22477 0.25844 0.31605 0.37595 0.40053 0.37184 0.31094 0.25502 0.22267 0.20883 0.20511 0.21222 0.23816 0.29179 0.35917 0.39822 0.37436 0.31017 0.28071 0.32907 0.40926 0.44105 0.39957 0.323 0.25902 0.22495
0.17898 0.18604 0.20606 0.24786 0.31159 0.3719 0.39146 0.35724 0.29438 0.23907 0.20647 0.19031 0.18365 0.18888 0.21537 0.27016 0.3336 0.36388 0.33501 0.27742 0.25771 0.30293 0.36689 0.38384 0.33811 0.26575 0.20989 0.18424
0.18857 0.21567 0.25604 0.31588 0.39031 0.45148 0.46547 0.42499 0.35679 0.2938 0.24876 0.21731 0.19566 0.18767 0.20236 0.24467 0.29534 0.31999 0.30148 0.26444 0.25205 0.27686 0.30744 0.30443 0.26193 0.20851 0.17707 0.17355
0.25565 0.31024 0.37577 0.45289 0.53232 0.58852 0.59536 0.5508 0.47864 0.40505 0.34068 0.28547 0.24061 0.21116 0.20485 0.22578 0.26042 0.28436 0.2856 0.2752 0.27102 0.27532 0.27345 0.25169 0.21529 0.18763 0.18778 0.21311
0.37499 0.45813 0.54633 0.63365 0.70974 0.75575 0.75514 0.70913 0.63495 0.54965 0.46223 0.37911 0.30676 0.25133 0.21931 0.21485 0.23235 0.25642 0.27598 0.28802 0.29125 0.28273 0.2614 0.2327 0.21127 0.21494 0.24738 0.30288
0.52787 0.6358 0.74135 0.83478 0.90592 0.94208 0.93412 0.88477 0.80469 0.70372 0.5913 0.4788 0.37717 0.29442 0.23677 0.20853 0.20863 0.22815 0.25465 0.27627 0.28319 0.27271 0.25236 0.2373 0.24428 0.28026 0.34311 0.42762
0.69099 0.81796 0.93451 1.0308 1.0977 1.1259 1.1105 1.0541 0.96274 0.84314 0.70487 0.56267 0.43183 0.32371 0.24589 0.20222 0.19072 0.20328 0.22736 0.2489 0.25818 0.25556 0.25212 0.26291 0.29879 0.36319 0.45385 0.56576
0.83859 0.97999 1.1029 1.1975 1.2568 1.277 1.2553 1.1908 1.0851 0.94448 0.78064 0.61027 0.45249 0.3243 0.23631 0.19034 0.17974 0.19246 0.21479 0.23503 0.24747 0.25483 0.26688 0.29588 0.35158 0.43826 0.55418 0.69179
0.94584 1.0986 1.2258 1.3163 1.3666 1.3786 1.3501 1.2752 1.1535 0.99372 0.80852 0.6136 0.4327 0.29218 0.20645 0.17213 0.17457 0.19612 0.22181 0.24243 0.25554 0.26515 0.28071 0.31502 0.38041 0.48361 0.62163 0.7815
0.99925 1.1581 1.2872 1.3747 1.4184 1.422 1.383 1.2955 1.1617 0.99172 0.79202 0.57591 0.37782 0.23695 0.168 0.15687 0.17889 0.21265 0.24284 0.26216 0.26997 0.27188 0.27938 0.30881 0.37668 0.4919 0.6479 0.82419
0.99797 1.1536 1.2793 1.3649 1.4049 1.3989 1.3459 1.2472 1.1103 0.93789 0.72755 0.49965 0.3054 0.18905 0.15301 0.16798 0.20466 0.24566 0.27663 0.28976 0.2855 0.27192 0.26462 0.28239 0.34532 0.46575 0.63398 0.82053
0.93853 1.0856 1.2039 1.287 1.3235 1.3067 1.2395 1.1327 0.99359 0.81631 0.60388 0.39692 0.25404 0.19895 0.20529 0.23321 0.26549 0.30043 0.32509 0.32642 0.30578 0.27666 0.25533 0.25583 0.3001 0.40838 0.5747 0.76358
0.81806 0.96101 1.075 1.1555 1.1872 1.1593 1.0794 0.96199 0.81104 0.62747 0.44024 0.30892 0.27085 0.30084 0.33962 0.35454 0.36046 0.37725 0.38909 0.37547 0.34129 0.30763 0.28134 0.26156 0.2679 0.33402 0.47057 0.64699
0.6616 0.80585 0.92049 0.99813 1.023 0.98552 0.89508 0.76395 0.59931 0.42525 0.30082 0.28368 0.36474 0.4654 0.51031 0.49466 0.47084 0.47055 0.46832 0.44109 0.40351 0.38094 0.36307 0.3259 0.28131 0.27828 0.35494 0.49889
0.52352 0.66351 0.77532 0.84608 0.86243 0.81848 0.72377 0.58824 0.42823 0.29072 0.24639 0.32952 0.48674 0.61263 0.64378 0.60895 0.57816 0.57357 0.56045 0.52448 0.49084 0.4861 0.4837 0.43724 0.34778 0.27491 0.28259 0.3803
0.44866 0.57023 0.66786 0.72528 0.73234 0.68729 0.59911 0.47848 0.34899 0.2637 0.28141 0.40885 0.57522 0.68679 0.71021 0.68989 0.68021 0.67968 0.65994 0.61937 0.58643 0.58825 0.59339 0.54551 0.436 0.32386 0.28284 0.33615
0.4441 0.53674 0.61073 0.65027 0.64892 0.6082 0.53585 0.44483 0.35902 0.32033 0.36486 0.48382 0.61861 0.70996 0.7485 0.76587 0.78171 0.78234 0.75986 0.7173 0.67604 0.66247 0.65547 0.60718 0.50482 0.39453 0.33965 0.36438
0.49038 0.55261 0.60045 0.62169 0.61419 0.58099 0.52821 0.46881 0.42278 0.41527 0.46328 0.55651 0.66066 0.74651 0.809 0.85341 0.87629 0.87623 0.85358 0.81188 0.76048 0.71892 0.68414 0.63016 0.54776 0.46534 0.42346 0.43744
0.56417 0.5998 0.62452 0.63117 0.62001 0.59421 0.55914 0.5254 0.50779 0.51988 0.56797 0.64509 0.73417 0.81922 0.88903 0.93575 0.95778 0.95707 0.93598 0.89683 0.84341 0.78313 0.72437 0.6634 0.59922 0.5461 0.52234 0.53235
0.64611 0.66165 0.66999 0.66725 0.65375 0.63251 0.6093 0.59291 0.59319 0.61754 0.66753 0.7373 0.81618 0.89295 0.95758 1.0022 1.0237 1.0234 1.0039 0.96706 0.9159 0.85583 0.79291 0.7331 0.68151 0.64491 0.62881 0.6318
0.722 0.72513 0.7234 0.71439 0.69835 0.67868 0.66159 0.65449 0.66386 0.69336 0.74229 0.80547 0.8754 0.94429 1.0042 1.0478 1.0703 1.0711 1.0522 1.0167 0.96889 0.91453 0.85968 0.80949 0.76793 0.73834 0.72258 0.71897
0.78064 0.77582 0.76624 0.75104 0.73176 0.71248 0.69891 0.69651 0.7091 0.7383 0.78313 0.83987 0.9027 0.96503 1.0202 1.0618 1.0845 1.0863 1.0691 1.0369 0.99467 0.94765 0.90149 0.86065 0.8277 0.80404 0.79006 0.78377
0.80917 0.79672 0.77891 0.75671 0.73351 0.71429 0.70396 0.70555 0.71992 0.74708 0.78663 0.83623 0.89069 0.94392 0.99083 1.0271 1.0485 1.0531 1.0419 1.0182 0.9857 0.9488 0.91222 0.88016 0.85507 0.83743 0.82594 0.81778
0.79597 0.77532 0.74929 0.72008 0.6926 0.67304 0.66602 0.67237 0.68968 0.71563 0.74933 0.78883 0.83008 0.8694 0.90503 0.935 0.95623 0.96634 0.96522 0.95446 0.93656 0.91411 0.88985 0.86736 0.84947 0.83607 0.82445 0.81176
0.73701 0.70734 0.67325 0.63776 0.60705 0.58856 0.58612 0.59776 0.61845 0.64327 0.66952 0.69531 0.71935 0.74237 0.76568 0.78963 0.81208 0.83007 0.8423 0.84863 0.84892 0.84382 0.83391 0.82148 0.80927 0.79681 0.78133 0.76153
0.63892 0.59969 0.55789 0.51755 0.48631 0.47188 0.47592 0.49302 0.51591 0.53802 0.55502 0.56571 0.57217 0.57819 0.58855 0.6069 0.63217 0.6606 0.68919 0.71532 0.73549 0.74743 0.75095 0.74719 0.73832 0.72385 0.70221 0.67365
0.67738 0.63021 0.57979 0.532 0.49513 0.47626 0.47635 0.48987 0.50936 0.52855 0.54406 0.55466 0.56161 0.56903 0.58213 0.60516 0.63779 0.676 0.71489 0.74967 0.77625 0.79283 0.79914 0.7971 0.78911 0.77434 0.75064 0.71806
0.56845 0.51437 0.45896 0.40868 0.37263 0.35753 0.3623 0.37891 0.39818 0.41298 0.41949 0.41756 0.41108 0.40672 0.41305 0.43629 0.47575 0.52543 0.57827 0.62795 0.66879 0.69727 0.71228 0.7151 0.70766 0.6892 0.6587 0.61759
0.46391 0.40899 0.35385 0.30416 0.26918 0.25568 0.26183 0.27835 0.29497 0.30439 0.30334 0.29304 0.27928 0.27131 0.27941 0.30857 0.35522 0.41109 0.46911 0.52433 0.57161 0.60606 0.62512 0.62953 0.62083 0.5985 0.56259 0.51619
0.38449 0.33395 0.28309 0.23605 0.2018 0.18746 0.19142 0.20424 0.21584 0.21996 0.21445 0.20173 0.18877 0.1863 0.20348 0.24109 0.29148 0.34575 0.39971 0.45192 0.49837 0.53276 0.55152 0.55503 0.54449 0.51965 0.48144 0.43442
0.33752 0.29192 0.24626 0.20367 0.17201 0.15744 0.15798 0.16505 0.17096 0.17102 0.16438 0.15434 0.14773 0.15408 0.17968 0.2215 0.27029 0.31902 0.36674 0.41372 0.45561 0.48616 0.50224 0.50388 0.49185 0.4662 0.42858 0.38369
0.32252 0.27997 0.23926 0.20315 0.17696 0.16382 0.16091 0.16274 0.16392 0.16139 0.15558 0.15019 0.15094 0.16357 0.19142 0.23093 0.27506 0.31963 0.36407 0.4066 0.4428 0.46874 0.48191 0.48182 0.46878 0.44341 0.40789 0.3661
0.33597 0.29614 0.26038 0.23103 0.21033 0.1989 0.19446 0.19269 0.19014 0.18596 0.18158 0.17995 0.1851 0.20041 0.22653 0.26127 0.30116 0.34351 0.38562 0.42427 0.45632 0.47904 0.49026 0.48877 0.47476 0.44976 0.4162 0.37712
0.36656 0.32899 0.29739 0.27346 0.25818 0.25052 0.24638 0.24139 0.23503 0.22993 0.22742 0.2278 0.23329 0.24709 0.2704 0.30184 0.33937 0.3808 0.42264 0.46078 0.49229 0.51496 0.52597 0.52302 0.50679 0.48026 0.44621 0.40709
0.40191 0.36403 0.33439 0.31439 0.3041 0.30007 0.29515 0.28497 0.27444 0.27026 0.27146 0.27352 0.27754 0.28863 0.30969 0.3403 0.37892 0.42312 0.46855 0.51074 0.54688 0.57425 0.58732 0.58167 0.55961 0.52718 0.48806 0.44489
0.42988 0.38805 0.35678 0.33737 0.32878 0.32492 0.3161 0.30047 0.28848 0.28836 0.29491 0.29938 0.30311 0.31383 0.33594 0.36966 0.41355 0.46458 0.51775 0.56851 0.61423 0.64985 0.66524 0.6543 0.62222 0.57907 0.5304 0.47907
0.43769 0.38846 0.35215 0.32968 0.31882 0.31227 0.30093 0.28583 0.27849 0.28414 0.29413 0.29974 0.3047 0.318 0.34446 0.38474 0.4374 0.49852 0.56223 0.62372 0.67981 0.72203 0.73686 0.71833 0.67487 0.61947 0.55886 0.49641
0.41472 0.35793 0.31662 0.29109 0.27866 0.27314 0.2679 0.26337 0.26538 0.27365 0.28052 0.28295 0.28789 0.30371 0.33479 0.38216 0.44419 0.51576 0.58969 0.66023 0.72256 0.76593 0.77631 0.74975 0.69665 0.63035 0.55772 0.48353
0.36041 0.30076 0.25997 0.23785 0.23173 0.23667 0.2469 0.25833 0.26834 0.27308 0.27025 0.26442 0.26458 0.27843 0.31031 0.36164 0.4302 0.50921 0.58992 0.66489 0.72719 0.76576 0.76908 0.73579 0.67603 0.6013 0.51875 0.43555
0.28737 0.2338 0.20335 0.1951 0.20544 0.22849 0.25642 0.28053 0.29311 0.29039 0.27545 0.25741 0.24686 0.25222 0.27887 0.32859 0.39803 0.4788 0.56066 0.63437 0.69105 0.72089 0.71627 0.67783 0.61386 0.53384 0.4464 0.36086
0.216 0.17904 0.16854 0.18219 0.21429 0.2564 0.29795 0.32794 0.33814 0.32662 0.29926 0.26714 0.24226 0.23455 0.25058 0.29209 0.35499 0.43034 0.50722 0.57486 0.62311 0.64327 0.63083 0.58762 0.52084 0.44003 0.35526 0.27715
0.16584 0.15315 0.16736 0.20441 0.25658 0.31319 0.36209 0.39225 0.39694 0.37615 0.33698 0.2914 0.25232 0.2305 0.23263 0.26041 0.31028 0.37434 0.44182 0.50069 0.53963 0.55057 0.53072 0.48315 0.41586 0.33964 0.26584 0.20505
0.14795 0.16107 0.19847 0.2544 0.31987 0.38353 0.43341 0.45973 0.45757 0.42839 0.37997 0.32428 0.27397 0.23943 0.22718 0.23943 0.27397 0.32428 0.37997 0.42839 0.45757 0.45973 0.43341 0.38353 0.31987 0.2544 0.19847 0.16107
0.16184 0.19593 0.24978 0.31614 0.38579 0.44864 0.4944 0.51456 0.50552 0.4703 0.41711 0.35661 0.29968 0.25594 0.23238 0.23204 0.25344 0.29067 0.33399 0.37124 0.39053 0.38448 0.35331 0.30461 0.24979 0.2003 0.16544 0.15157
0.19716 0.24219 0.30198 0.36896 0.43529 0.49313 0.53327 0.54657 0.53027 0.4903 0.43593 0.37581 0.31828 0.27195 0.2439 0.23726 0.25064 0.27891 0.31349 0.34255 0.35381 0.34059 0.30612 0.2611 0.21751 0.18458 0.16825 0.17201
0.23699 0.28021 0.33461 0.39454 0.45571 0.51233 0.55095 0.55715 0.52962 0.48137 0.42627 0.37093 0.32002 0.2799 0.25613 0.25134 0.26509 0.29357 0.32759 0.35239 0.35576 0.33639 0.30236 0.26392 0.22969 0.20674 0.19933 0.20938
0.2625 0.29306 0.33388 0.38401 0.44403 0.50534 0.54496 0.54203 0.4993 0.44002 0.38452 0.33826 0.30081 0.27452 0.26298 0.26952 0.29555 0.33503 0.36881 0.3794 0.367 0.34697 0.32949 0.31008 0.28365 0.25725 0.24288 0.24492
0.25991 0.2729 0.29719 0.33701 0.39599 0.46043 0.49784 0.48403 0.42847 0.36406 0.31484 0.28305 0.26297 0.25388 0.25945 0.28573 0.33347 0.38161 0.39826 0.37374 0.33934 0.33602 0.36237 0.37785 0.35669 0.313 0.27625 0.2595
0.22786 0.22586 0.23577 0.26567 0.32094 0.38332 0.41461 0.39155 0.33097 0.27136 0.23557 0.22037 0.21617 0.22214 0.24461 0.29242 0.35728 0.40043 0.38329 0.31666 0.27075 0.30224 0.38217 0.42974 0.40604 0.33972 0.27811 0.24275
0.18284 0.1758 0.18069 0.20808 0.26316 0.32364 0.34894 0.31953 0.25835 0.20549 0.1798 0.17377 0.17695 0.19031 0.22292 0.28319 0.35135 0.37964 0.3341 0.24817 0.20962 0.26687 0.36944 0.42383 0.39337 0.31548 0.2439 0.2024
0.15524 0.1579 0.17361 0.21329 0.27846 0.34195 0.36284 0.32676 0.26134 0.20609 0.17679 0.16523 0.16284 0.17216 0.20317 0.26131 0.32102 0.33647 0.28519 0.20862 0.18179 0.23438 0.31811 0.35736 0.3251 0.25492 0.1948 0.16463
0.17375 0.1994 0.23952 0.30203 0.382 0.44851 0.46379 0.41971 0.34599 0.27935 0.23378 0.20366 0.18381 0.17786 0.19516 0.23897 0.28517 0.29665 0.25997 0.20829 0.19057 0.22129 0.26755 0.28225 0.25071 0.19957 0.16595 0.16042
0.25041 0.30569 0.37359 0.45575 0.54195 0.60338 0.61072 0.56169 0.48305 0.40433 0.33749 0.28163 0.23673 0.20768 0.20249 0.22431 0.25611 0.27177 0.2618 0.24284 0.23656 0.24593 0.25412 0.2422 0.2109 0.18342 0.18265 0.20771
0.37721 0.46218 0.55332 0.64518 0.72632 0.77564 0.77476 0.72513 0.64601 0.55655 0.46643 0.38158 0.30798 0.25174 0.21957 0.21536 0.23171 0.2523 0.26746 0.27688 0.28066 0.2754 0.25835 0.2327 0.21188 0.21497 0.24753 0.30385
0.5342 0.64439 0.7527 0.84912 0.92293 0.96052 0.95215 0.90075 0.81781 0.71379 0.59854 0.48361 0.37993 0.29553 0.23675 0.20787 0.20753 0.22631 0.25231 0.27433 0.28251 0.27352 0.25419 0.23931 0.24609 0.28241 0.34621 0.43214
0.69819 0.82756 0.94654 1.0448 1.1131 1.1419 1.1262 1.0685 0.97511 0.8527 0.71141 0.56637 0.43304 0.32284 0.24345 0.19881 0.18693 0.1997 0.22449 0.24705 0.25732 0.25535 0.25217 0.26327 0.29978 0.36522 0.45727 0.5709
0.84433 0.98796 1.1129 1.2089 1.269 1.2894 1.2674 1.2019 1.0942 0.95103 0.78434 0.61116 0.4508 0.32049 0.23109 0.18448 0.17388 0.18708 0.21018 0.23127 0.24441 0.2523 0.26481 0.29437 0.35089 0.43872 0.55612 0.69549
0.94916 1.1035 1.2321 1.3236 1.3744 1.3865 1.3577 1.2818 1.1585 0.99685 0.80949 0.61208 0.42872 0.28637 0.19984 0.16554 0.16848 0.19074 0.21718 0.23843 0.25197 0.26185 0.27765 0.31231 0.37829 0.48249 0.62185 0.78324
1.0005 1.1601 1.2899 1.3779 1.4219 1.4254 1.3862 1.298 1.1635 0.99257 0.79149 0.57352 0.37367 0.23181 0.1628 0.15216 0.17481 0.20918 0.23988 0.25953 0.26748 0.26939 0.27687 0.30638 0.37456 0.49045 0.64739 0.82464
0.99797 1.1536 1.2793 1.3649 1.4049 1.3989 1.3459 1.2472 1.1103 0.93789 0.72755 0.49965 0.3054 0.18905 0.15301 0.16798 0.20466 0.24566 0.27663 0.28976 0.2855 0.27192 0.26462 0.28239 0.34532 0.46575 0.63398 0.82053
0.93813 1.0846 1.2025 1.285 1.3213 1.3047 1.2381 1.1321 0.99395 0.81862 0.60919 0.40514 0.2636 0.20785 0.21242 0.23873 0.27006 0.30441 0.32856 0.32971 0.30917 0.28026 0.25926 0.26022 0.30466 0.41231 0.57717 0.76436
0.81935 0.9607 1.0737 1.1533 1.1845 1.1574 1.079 0.96355 0.81592 0.63799 0.45732 0.32998 0.29111 0.31659 0.35037 0.36246 0.3677 0.38424 0.39546 0.38165 0.34751 0.31384 0.28821 0.27017 0.27829 0.34449 0.47866 0.65135
0.6673 0.80825 0.92095 0.99714 1.0216 0.98551 0.89781 0.77094 0.6133 0.44862 0.33168 0.31499 0.38893 0.47953 0.51734 0.50017 0.47798 0.47865 0.47593 0.44851 0.40999 0.38581 0.36802 0.33418 0.29468 0.29494 0.37054 0.50973
0.53426 0.66935 0.77798 0.84683 0.86298 0.82116 0.73056 0.60177 0.45169 0.32456 0.28454 0.36145 0.50484 0.61749 0.64296 0.61026 0.5837 0.58053 0.5669 0.5305 0.49402 0.48459 0.48012 0.43779 0.35726 0.29278 0.30317 0.3972
0.46183 0.57796 0.67174 0.72702 0.73415 0.69186 0.60867 0.4959 0.37652 0.29916 0.31624 0.4325 0.5829 0.68306 0.70472 0.6891 0.68336 0.68284 0.66256 0.62143 0.58422 0.57838 0.57858 0.53422 0.43606 0.3366 0.30247 0.35473
0.45597 0.54378 0.61402 0.65151 0.65055 0.61285 0.54556 0.46157 0.38357 0.34926 0.39031 0.49818 0.62041 0.70489 0.74391 0.76434 0.78047 0.77974 0.75664 0.71399 0.66918 0.64765 0.63438 0.58819 0.49677 0.40008 0.35402 0.38
0.49893 0.55711 0.6016 0.62117 0.61427 0.58391 0.5356 0.48152 0.44055 0.4352 0.48011 0.56593 0.66248 0.74418 0.80554 0.84851 0.8691 0.86736 0.84423 0.80302 0.75104 0.70505 0.66602 0.61353 0.53952 0.46787 0.43331 0.44875
0.56944 0.60134 0.62308 0.6284 0.61778 0.59419 0.56257 0.53274 0.51839 0.53179 0.5782 0.65112 0.73524 0.81588 0.88178 0.92544 0.94508 0.94292 0.92172 0.88367 0.83211 0.77294 0.71459 0.65625 0.59777 0.55093 0.5308 0.54058
0.64914 0.66101 0.66648 0.6623 0.64888 0.62906 0.60826 0.59463 0.59706 0.62206 0.6707 0.7373 0.81195 0.88434 0.94512 0.98682 1.0064 1.0054 0.9864 0.95147 0.90352 0.8476 0.78931 0.73397 0.68658 0.65285 0.63718 0.63819
0.72487 0.7241 0.71905 0.7079 0.69118 0.67214 0.65658 0.65122 0.66179 0.69131 0.73875 0.79912 0.86541 0.93046 0.98701 1.0282 1.0496 1.0506 1.0333 1.001 0.95785 0.90888 0.85954 0.81428 0.77629 0.7482 0.73168 0.72548
0.78637 0.77707 0.76317 0.74471 0.72373 0.70418 0.69113 0.68941 0.7023 0.73097 0.77415 0.8282 0.88778 0.94689 0.99943 1.0394 1.062 1.0656 1.052 1.0248 0.9884 0.94741 0.90698 0.87093 0.841 0.81807 0.80269 0.79345
0.82089 0.80291 0.77934 0.7525 0.7265 0.706 0.69512 0.69627 0.71 0.73604 0.77372 0.82076 0.87247 0.92328 0.96846 1.0041 1.0268 1.0353 1.0302 1.0136 0.98806 0.95741 0.92638 0.89871 0.87605 0.85853 0.84526 0.83394
0.81556 0.78801 0.75473 0.71958 0.6883 0.66658 0.65814 0.66307 0.67871 0.70277 0.7344 0.7718 0.81116 0.84891 0.88355 0.91398 0.93825 0.95459 0.96208 0.96045 0.95051 0.93428 0.91498 0.89616 0.88008 0.86642 0.85286 0.83668
0.76563 0.72817 0.68579 0.6434 0.60801 0.5864 0.58144 0.59067 0.60867 0.63086 0.65512 0.67974 0.70299 0.72539 0.74907 0.77526 0.80292 0.82936 0.85183 0.86788 0.87612 0.87683 0.87092 0.86119 0.85025 0.83744 0.81996 0.79616
0.79476 0.74862 0.6973 0.64759 0.60727 0.58238 0.5748 0.58148 0.59666 0.61613 0.63825 0.66139 0.68362 0.70523 0.72914 0.75762 0.79067 0.82596 0.85942 0.88639 0.90394 0.91143 0.91023 0.90354 0.89388 0.88052 0.86064 0.83224
0.71576 0.65986 0.60035 0.54493 0.50238 0.479 0.47507 0.48493 0.50084 0.51704 0.53089 0.54117 0.54848 0.55705 0.57281 0.6005 0.6405 0.68873 0.73863 0.78333 0.81778 0.83992 0.84961 0.84961 0.84243 0.82703 0.80081 0.76337
0.61324 0.55054 0.4863 0.42859 0.38673 0.36662 0.36674 0.37919 0.39483 0.407 0.41258 0.41135 0.40663 0.40547 0.41642 0.4458 0.49341 0.55294 0.61571 0.67363 0.72056 0.7532 0.77052 0.77463 0.76761 0.7483 0.71508 0.6692
0.50804 0.44395 0.38024 0.32426 0.28504 0.268 0.27051 0.28351 0.29717 0.30479 0.30354 0.29455 0.28327 0.27878 0.29098 0.32527 0.37903 0.444 0.51142 0.57435 0.62703 0.66486 0.68571 0.69097 0.6822 0.65856 0.61956 0.56795
0.41964 0.35912 0.30046 0.24947 0.21414 0.1993 0.20191 0.21279 0.22288 0.22623 0.22089 0.20926 0.198 0.19688 0.21492 0.25446 0.30998 0.37299 0.43706 0.49781 0.54987 0.58755 0.60801 0.61202 0.60078 0.57391 0.53197 0.47867
0.35861 0.3038 0.25241 0.20881 0.17921 0.16695 0.16853 0.17622 0.18259 0.18273 0.17585 0.16547 0.15848 0.16316 0.18603 0.22666 0.27872 0.3356 0.39345 0.44881 0.49601 0.52986 0.5476 0.54936 0.53594 0.50754 0.46557 0.41403
0.32799 0.27961 0.2365 0.20204 0.1799 0.17108 0.17246 0.17803 0.18151 0.17935 0.17204 0.16381 0.16098 0.16952 0.19265 0.22925 0.27478 0.32508 0.37671 0.42515 0.46586 0.49484 0.50955 0.50922 0.4942 0.46557 0.42563 0.3782
0.32497 0.28389 0.24954 0.22447 0.21043 0.20717 0.21086 0.21536 0.21599 0.21174 0.20423 0.19685 0.19463 0.20239 0.22215 0.25265 0.2913 0.33518 0.3805 0.42273 0.45801 0.48339 0.49605 0.49401 0.47756 0.44919 0.41198 0.36919
0.34147 0.30662 0.28024 0.26446 0.26017 0.26494 0.27172 0.27301 0.26864 0.26285 0.25676 0.24933 0.24377 0.24624 0.26008 0.28475 0.31822 0.35784 0.39953 0.43871 0.47215 0.49724 0.50981 0.50595 0.4868 0.45727 0.42113 0.38123
0.3675 0.33625 0.31551 0.30748 0.31219 0.32362 0.3291 0.32231 0.31149 0.30663 0.30525 0.29917 0.28958 0.28628 0.29529 0.31677 0.34856 0.38768 0.42989 0.47099 0.50865 0.53926 0.55425 0.54708 0.52117 0.48573 0.4465 0.40579
0.39144 0.35943 0.33994 0.33517 0.34369 0.35519 0.35381 0.33788 0.32389 0.32408 0.32975 0.32656 0.31574 0.31063 0.31927 0.34216 0.37692 0.42024 0.46784 0.51629 0.56389 0.60336 0.62064 0.60749 0.57095 0.52516 0.47828 0.43252
0.39993 0.36262 0.33946 0.33204 0.33731 0.34337 0.33634 0.31932 0.31043 0.31765 0.32743 0.3256 0.3164 0.31449 0.32755 0.35616 0.39806 0.44955 0.50601 0.56451 0.62247 0.66855 0.68482 0.6635 0.61564 0.5588 0.50216 0.44796
0.38146 0.33722 0.30857 0.29606 0.29626 0.3 0.29802 0.29322 0.29573 0.30562 0.31095 0.30545 0.29789 0.30076 0.31972 0.3554 0.40584 0.46666 0.53224 0.5989 0.66228 0.7086 0.71961 0.69017 0.63388 0.5684 0.50216 0.43817
0.33452 0.28651 0.25625 0.24356 0.24567 0.257 0.27102 0.28476 0.29669 0.30182 0.29563 0.28226 0.27304 0.27712 0.29888 0.33933 0.39641 0.46442 0.53608 0.60577 0.66722 0.70692 0.71 0.67476 0.61443 0.54362 0.46958 0.39754
0.27024 0.22607 0.2029 0.19994 0.21426 0.24075 0.27208 0.29933 0.31381 0.31059 0.29259 0.26992 0.25396 0.25307 0.27208 0.31251 0.37151 0.44176 0.51433 0.58135 0.63493 0.66392 0.65868 0.6201 0.55875 0.48538 0.40747 0.33289
0.20684 0.17607 0.16905 0.18396 0.21629 0.25893 0.30205 0.33416 0.3458 0.3345 0.30653 0.27352 0.24722 0.23677 0.24798 0.28247 0.33674 0.40282 0.47101 0.53185 0.5759 0.5941 0.58119 0.53947 0.47716 0.40373 0.32814 0.25955
0.16184 0.15157 0.16544 0.2003 0.24979 0.30461 0.35331 0.38448 0.39053 0.37124 0.33399 0.29067 0.25344 0.23204 0.23238 0.25594 0.29968 0.35661 0.41711 0.4703 0.50552 0.51456 0.4944 0.44864 0.38579 0.31614 0.24978 0.19593
0.14522 0.15698 0.19075 0.24186 0.30262 0.36288 0.41138 0.43808 0.43752 0.41106 0.36653 0.31541 0.26944 0.23804 0.22695 0.23804 0.26944 0.31541 0.36653 0.41106 0.43752 0.43808 0.41138 0.36288 0.30262 0.24186 0.19075 0.15698
0.15677 0.18632 0.23399 0.2936 0.35714 0.41566 0.45943 0.47974 0.47264 0.4411 0.39323 0.33903 0.28841 0.25009 0.23031 0.23172 0.25305 0.28901 0.33065 0.36632 0.38421 0.37678 0.34461 0.29603 0.24271 0.19546 0.16238 0.14867
0.18745 0.22561 0.27744 0.3365 0.39616 0.44972 0.48824 0.50181 0.48735 0.45122 0.4029 0.35016 0.30037 0.26117 0.23892 0.2365 0.25284 0.28343 0.32003 0.3505 0.36176 0.34687 0.30991 0.26283 0.21806 0.1843 0.16652 0.16729
0.22178 0.25672 0.30225 0.35408 0.40976 0.46402 0.50233 0.50885 0.48215 0.43644 0.38663 0.33899 0.29657 0.26457 0.24792 0.2494 0.26929 0.30418 0.34396 0.37163 0.37442 0.3522 0.31493 0.27352 0.23587 0.20884 0.19673 0.20114
0.24205 0.26376 0.29556 0.33821 0.39395 0.45413 0.494 0.49107 0.44839 0.391 0.3406 0.30214 0.27344 0.25554 0.2518 0.26628 0.30124 0.34897 0.38686 0.39616 0.37928 0.35604 0.33888 0.32069 0.29239 0.26007 0.23817 0.23256
0.23533 0.23963 0.25487 0.28678 0.34091 0.4037 0.4409 0.42691 0.37188 0.31067 0.26817 0.24513 0.23375 0.23264 0.246 0.28094 0.33721 0.38884 0.40067 0.36487 0.32081 0.31758 0.35389 0.3804 0.36274 0.31415 0.2685 0.24318
0.20132 0.19142 0.19227 0.21357 0.26316 0.32332 0.35414 0.33109 0.27205 0.21745 0.19003 0.18409 0.18785 0.2007 0.23004 0.28514 0.35329 0.39029 0.35625 0.26967 0.21298 0.25015 0.34938 0.4175 0.40391 0.33605 0.26681 0.22356
0.15782 0.14446 0.14173 0.16209 0.21312 0.27272 0.29817 0.26866 0.20865 0.16027 0.14192 0.14352 0.1528 0.17132 0.20905 0.27319 0.3382 0.35177 0.28283 0.17638 0.12988 0.19464 0.31813 0.39676 0.38139 0.30632 0.23015 0.18288
0.13561 0.13445 0.14597 0.18295 0.24836 0.31385 0.33568 0.29839 0.23162 0.17742 0.15171 0.14443 0.14563 0.15814 0.19234 0.25142 0.3045 0.30287 0.22933 0.13597 0.10305 0.16124 0.26279 0.32492 0.30882 0.24386 0.18176 0.14829
0.16205 0.18648 0.22622 0.2906 0.37481 0.44551 0.46182 0.4149 0.33693 0.26761 0.22184 0.19288 0.17444 0.16997 0.18897 0.23274 0.27298 0.27075 0.21701 0.1526 0.13026 0.16573 0.22615 0.25825 0.23869 0.19143 0.15688 0.14998
0.2465 0.30231 0.37201 0.45807 0.54953 0.61502 0.62274 0.57022 0.48654 0.40386 0.33513 0.27876 0.23383 0.20502 0.20049 0.22238 0.25083 0.25852 0.23853 0.21229 0.20429 0.21801 0.23514 0.23244 0.20647 0.17996 0.17872 0.20366
0.37877 0.46499 0.55822 0.65331 0.7381 0.78981 0.78873 0.73648 0.65381 0.56135 0.46935 0.38329 0.30882 0.25198 0.21965 0.21541 0.23047 0.24792 0.25937 0.26663 0.27086 0.26829 0.25485 0.23199 0.21207 0.21493 0.24763 0.30453
0.53813 0.6497 0.75969 0.85795 0.93344 0.97193 0.96329 0.91063 0.8259 0.72001 0.60301 0.48658 0.38163 0.29618 0.23666 0.20733 0.20657 0.22469 0.25022 0.27243 0.28147 0.27354 0.25504 0.24044 0.24717 0.28372 0.34813 0.43495
0.70188 0.83246 0.95266 1.052 1.1209 1.1499 1.1341 1.0759 0.9814 0.85757 0.71475 0.56826 0.43364 0.32236 0.24215 0.19699 0.18489 0.19774 0.22287 0.24596 0.25677 0.25516 0.25214 0.26342 0.30027 0.36624 0.45902 0.57353
0.84627 0.99064 1.1163 1.2127 1.2731 1.2935 1.2715 1.2056 1.0973 0.95323 0.78559 0.61146 0.45022 0.31918 0.2293 0.18246 0.17187 0.18522 0.20859 0.22997 0.24336 0.25142 0.26409 0.29384 0.35064 0.43887 0.55677 0.69675
0.94916 1.1035 1.2321 1.3236 1.3744 1.3865 1.3577 1.2818 1.1585 0.99685 0.80949 0.61208 0.42872 0.28637 0.19984 0.16554 0.16848 0.19074 0.21718 0.23843 0.25197 0.26185 0.27765 0.31231 0.37829 0.48249 0.62185 0.78324
0.99925 1.1581 1.2872 1.3747 1.4184 1.422 1.383 1.2955 1.1617 0.99172 0.79202 0.57591 0.37782 0.23695 0.168 0.15687 0.17889 0.21265 0.24284 0.26216 0.26997 0.27188 0.27938 0.30881 0.37668 0.4919 0.6479 0.82419
0.9961 1.1505 1.2752 1.3597 1.399 1.3933 1.3413 1.2439 1.1084 0.93831 0.73213 0.50941 0.31913 0.2039 0.16647 0.1792 0.21399 0.25351 0.28333 0.29589 0.29162 0.27838 0.27143 0.2894 0.3519 0.47076 0.63648 0.82049
0.93696 1.0817 1.1982 1.2793 1.3147 1.2988 1.2341 1.1302 0.9949 0.82516 0.62433 0.42863 0.29099 0.23343 0.23305 0.25483 0.28351 0.31616 0.33882 0.33939 0.31918 0.29086 0.27078 0.27299 0.31788 0.42368 0.58428 0.76662
0.82176 0.96006 1.0712 1.1489 1.1792 1.1535 1.0781 0.96648 0.82508 0.65757 0.48905 0.36913 0.32881 0.346 0.37074 0.37784 0.38195 0.39797 0.40789 0.3937 0.35971 0.326 0.30149 0.28657 0.29792 0.36418 0.49382 0.6595
0.67618 0.81205 0.92159 0.9954 1.0193 0.98537 0.90211 0.78191 0.63489 0.4843 0.37857 0.36245 0.4255 0.50095 0.52846 0.50949 0.48996 0.49186 0.48819 0.46052 0.42073 0.39409 0.37618 0.3472 0.31533 0.32059 0.3945 0.52642
0.54918 0.67752 0.78164 0.84766 0.86351 0.82481 0.74011 0.62062 0.48387 0.37044 0.33593 0.40424 0.52891 0.62406 0.64259 0.61327 0.59231 0.59054 0.57606 0.53923 0.49929 0.48356 0.47596 0.43891 0.37037 0.31723 0.33128 0.42037
0.47869 0.58792 0.67664 0.72903 0.73628 0.69771 0.62115 0.51833 0.41142 0.34368 0.35977 0.46203 0.59272 0.67915 0.69914 0.68942 0.688 0.68689 0.66578 0.62424 0.58235 0.56721 0.56104 0.52073 0.43659 0.35292 0.32734 0.37831
0.47034 0.55226 0.61784 0.65279 0.65237 0.61854 0.55759 0.48205 0.41322 0.38403 0.42107 0.5161 0.62383 0.70044 0.73994 0.76331 0.77888 0.77624 0.75229 0.70974 0.66167 0.63147 0.611 0.56713 0.48839 0.4075 0.3716 0.3989
0.50883 0.56215 0.60262 0.62024 0.61416 0.58725 0.54435 0.49657 0.46151 0.45877 0.50046 0.57815 0.66619 0.74289 0.80224 0.84268 0.86032 0.85641 0.83263 0.79207 0.74025 0.6904 0.64734 0.59683 0.53218 0.47229 0.44547 0.46212
0.57514 0.60259 0.62084 0.62463 0.6147 0.59377 0.56627 0.54111 0.53064 0.54566 0.59033 0.65863 0.73707 0.81226 0.87336 0.91323 0.92993 0.92594 0.90451 0.86779 0.81861 0.76182 0.70507 0.65027 0.59812 0.55782 0.54107 0.55
0.65201 0.6595 0.66153 0.65562 0.64233 0.6243 0.6065 0.59621 0.6012 0.62691 0.67396 0.737 0.80694 0.87435 0.93059 0.96871 0.98591 0.98383 0.96539 0.93276 0.88876 0.8379 0.78528 0.73546 0.69286 0.66212 0.64658 0.64512
0.72737 0.72185 0.71272 0.69898 0.68152 0.66345 0.64994 0.64686 0.65892 0.68838 0.73407 0.79134 0.85368 0.91439 0.96686 1.005 1.0248 1.0259 1.0106 0.98219 0.94458 0.90204 0.8591 0.81942 0.78542 0.75903 0.74166 0.73241
0.79182 0.77697 0.75783 0.73551 0.71268 0.69308 0.68105 0.6805 0.69395 0.72201 0.76331 0.81444 0.87043 0.92575 0.97492 1.0126 1.0348 1.0403 1.0309 1.0098 0.98042 0.94667 0.91287 0.88211 0.85548 0.83345 0.81655 0.8038
0.83258 0.80795 0.7777 0.74558 0.71651 0.69481 0.68369 0.68477 0.69806 0.72296 0.7586 0.80281 0.85131 0.89906 0.94186 0.97644 1.0004 1.013 1.0149 1.0066 0.98947 0.9664 0.94181 0.91896 0.89892 0.88159 0.8663 0.8511
0.83554 0.80006 0.75869 0.71703 0.68164 0.65771 0.64791 0.65149 0.66549 0.68762 0.71702 0.75203 0.78905 0.82479 0.85812 0.88886 0.91631 0.93935 0.95632 0.96504 0.96433 0.95555 0.94206 0.92728 0.91311 0.89912 0.88327 0.86291
0.8548 0.8104 0.76016 0.7115 0.67178 0.64568 0.63472 0.63724 0.64987 0.67017 0.69725 0.72947 0.76352 0.79659 0.82819 0.8591 0.88983 0.91992 0.94706 0.96715 0.97708 0.97721 0.9705 0.96014 0.94791 0.9335 0.91494 0.88952
0.82345 0.76779 0.70695 0.64958 0.6041 0.57585 0.56569 0.5698 0.58225 0.59909 0.61892 0.64018 0.66087 0.68141 0.70529 0.73604 0.77464 0.81909 0.8642 0.90326 0.93135 0.94678 0.9511 0.94775 0.93933 0.9252 0.90247 0.86881
0.75341 0.68811 0.61913 0.55588 0.50755 0.47962 0.47169 0.47785 0.49022 0.50349 0.5155 0.52504 0.53241 0.54178 0.55994 0.59219 0.63961 0.69808 0.75966 0.81546 0.85915 0.88772 0.90148 0.90378 0.8973 0.88089 0.8517 0.80881
0.6567 0.585 0.51181 0.4467 0.39905 0.37395 0.36945 0.37778 0.38984 0.39941 0.40384 0.40292 0.39964 0.40123 0.4165 0.45186 0.50751 0.57703 0.65034 0.71759 0.77185 0.80941 0.8297 0.8354 0.82859 0.80792 0.77146 0.72014
0.55106 0.47801 0.40605 0.3439 0.30025 0.27934 0.278 0.28744 0.29827 0.30408 0.30236 0.2943 0.28519 0.28403 0.30042 0.33998 0.40082 0.47477 0.55171 0.62288 0.68168 0.72355 0.74691 0.75335 0.74423 0.71861 0.67593 0.61867
0.45513 0.3857 0.31996 0.26489 0.22761 0.2112 0.21179 0.22079 0.22956 0.23212 0.2266 0.21563 0.20596 0.20678 0.22673 0.26907 0.32982 0.40086 0.47415 0.54291 0.60068 0.64219 0.66503 0.66982 0.65755 0.62801 0.58183 0.52242
0.3814 0.31908 0.26275 0.21755 0.18844 0.17698 0.17924 0.18789 0.19502 0.19522 0.18768 0.17644 0.16887 0.17308 0.19511 0.23599 0.29136 0.35498 0.42106 0.48344 0.53591 0.57343 0.59329 0.59531 0.58021 0.5486 0.50207 0.44446
0.33483 0.28218 0.23717 0.20352 0.18406 0.1792 0.18529 0.19519 0.20137 0.19953 0.19027 0.17856 0.17172 0.17654 0.19665 0.23165 0.2784 0.33273 0.38964 0.44336 0.48845 0.5207 0.53723 0.53668 0.51945 0.4873 0.44295 0.39033
0.31473 0.27289 0.24002 0.219 0.21166 0.21708 0.22966 0.24079 0.2445 0.24019 0.22961 0.21604 0.20577 0.20562 0.21911 0.24571 0.28297 0.32773 0.37543 0.4207 0.45916 0.48744 0.50181 0.4992 0.48005 0.44807 0.40725 0.36127
0.31686 0.28504 0.26386 0.25629 0.26355 0.28167 0.29904 0.30547 0.30234 0.29625 0.28772 0.27333 0.25629 0.24666 0.25075 0.26872 0.29801 0.33528 0.3761 0.41591 0.45159 0.48027 0.49523 0.49028 0.46717 0.43366 0.39544 0.35523
0.33339 0.30889 0.29704 0.30135 0.32201 0.34899 0.36312 0.35727 0.34476 0.3402 0.33864 0.32634 0.30354 0.28493 0.28141 0.29374 0.31863 0.35226 0.39066 0.43057 0.47084 0.50611 0.52383 0.51479 0.48377 0.44402 0.40428 0.36654
0.35333 0.33113 0.32342 0.33381 0.36035 0.38624 0.38953 0.36991 0.35233 0.35446 0.36254 0.3543 0.32982 0.30808 0.30283 0.31491 0.34055 0.37583 0.41733 0.46372 0.51413 0.55857 0.57829 0.56254 0.52053 0.47116 0.42574 0.38601
0.36264 0.33706 0.32698 0.33505 0.35699 0.3743 0.36867 0.34657 0.33515 0.34589 0.35867 0.35172 0.32903 0.3112 0.31064 0.32772 0.35897 0.40063 0.44955 0.50531 0.56576 0.61637 0.6344 0.61004 0.55722 0.49842 0.44558 0.39993
0.34884 0.31674 0.30049 0.3012 0.31438 0.32635 0.32565 0.31881 0.32174 0.3349 0.34075 0.32854 0.30823 0.29758 0.30442 0.32874 0.36785 0.41795 0.47519 0.53832 0.60317 0.65279 0.66461 0.63225 0.57253 0.5075 0.44743 0.39369
0.30926 0.27226 0.25208 0.24882 0.25948 0.27702 0.29413 0.3098 0.32407 0.33052 0.32165 0.30059 0.28117 0.2751 0.28694 0.31702 0.36308 0.42037 0.48322 0.54812 0.6091 0.6501 0.65308 0.61594 0.55486 0.48757 0.4218 0.36067
0.2533 0.21782 0.20148 0.20381 0.22242 0.25276 0.28775 0.31837 0.33513 0.33163 0.31017 0.28205 0.26001 0.25267 0.26435 0.29608 0.34526 0.4055 0.46918 0.52999 0.58083 0.60909 0.60331 0.56463 0.50569 0.43863 0.36995 0.30581
0.19716 0.17201 0.16825 0.18458 0.21751 0.2611 0.30612 0.34059 0.35381 0.34255 0.31349 0.27891 0.25064 0.23726 0.2439 0.27195 0.31828 0.37581 0.43593 0.4903 0.53027 0.54657 0.53327 0.49313 0.43529 0.36896 0.30198 0.24219
0.15677 0.14867 0.16238 0.19546 0.24271 0.29603 0.34461 0.37678 0.38421 0.36632 0.33065 0.28901 0.25305 0.23172 0.23031 0.25009 0.28841 0.33903 0.39323 0.4411 0.47264 0.47974 0.45943 0.41566 0.35714 0.2936 0.23399 0.18632
0.14139 0.152 0.18267 0.22957 0.28608 0.34314 0.39017 0.41712 0.41816 0.3944 0.35345 0.30629 0.26396 0.23515 0.22501 0.23515 0.26396 0.30629 0.35345 0.3944 0.41816 0.41712 0.39017 0.34314 0.28608 0.22957 0.18267 0.152
0.15119 0.1768 0.21906 0.27265 0.33063 0.38498 0.42663 0.44695 0.44179 0.41386 0.3709 0.32231 0.2772 0.24358 0.22709 0.23016 0.25165 0.28679 0.32719 0.36154 0.37806 0.36927 0.33616 0.28768 0.23565 0.19028 0.15865 0.14502
0.17822 0.21042 0.25522 0.30717 0.36072 0.41033 0.44723 0.46098 0.44825 0.41566 0.37282 0.32671 0.28376 0.25081 0.23362 0.23497 0.25415 0.28716 0.32598 0.35796 0.36918 0.35256 0.31316 0.26404 0.21805 0.18341 0.16425 0.16238
0.20817 0.23594 0.27364 0.3182 0.36879 0.42063 0.45837 0.46513 0.43936 0.39618 0.35127 0.31053 0.27564 0.25069 0.24019 0.24719 0.27264 0.3135 0.35838 0.38831 0.39012 0.36497 0.32479 0.28105 0.24075 0.21017 0.19395 0.19349
0.22427 0.23841 0.2622 0.29775 0.34884 0.40709 0.44656 0.44367 0.40166 0.34684 0.30174 0.27059 0.24961 0.23887 0.24174 0.26303 0.30563 0.35977 0.40005 0.40689 0.385 0.35862 0.34244 0.3268 0.29837 0.26185 0.23367 0.22161
0.21443 0.21137 0.21837 0.24229 0.29064 0.35054 0.38679 0.37286 0.31939 0.26252 0.22725 0.21261 0.20887 0.21441 0.23416 0.27609 0.33833 0.39064 0.3955 0.34767 0.2941 0.29097 0.33741 0.37628 0.36454 0.31374 0.26139 0.2291
0.17941 0.16284 0.15539 0.16808 0.21117 0.26804 0.29786 0.27518 0.21867 0.16999 0.15111 0.15381 0.16443 0.18282 0.21747 0.27755 0.34603 0.37421 0.32242 0.2173 0.15125 0.19324 0.30991 0.39853 0.3973 0.33097 0.25681 0.20751
0.13797 0.1194 0.1099 0.12348 0.16999 0.22793 0.25316 0.22392 0.16583 0.12233 0.111 0.11934 0.13364 0.15609 0.19745 0.26325 0.32289 0.32078 0.23011 0.10666 0.05409 0.1244 0.26511 0.36616 0.36685 0.29698 0.21864 0.16726
0.1209 0.11673 0.12469 0.15902 0.224 0.2906 0.31304 0.27503 0.20774 0.15497 0.13253 0.12876 0.13271 0.14751 0.18371 0.24228 0.28802 0.27051 0.17816 0.07193 0.034496 0.096313 0.21174 0.29368 0.29294 0.23414 0.1716 0.13596
0.15392 0.17747 0.21682 0.28236 0.36942 0.443 0.46002 0.41115 0.33029 0.25924 0.21346 0.18538 0.16793 0.16442 0.18438 0.22741 0.26214 0.24858 0.18161 0.10789 0.082178 0.12087 0.19194 0.23794 0.22856 0.18515 0.15042 0.14271
0.24409 0.30023 0.37105 0.45956 0.55434 0.62243 0.63038 0.57565 0.48876 0.40359 0.33367 0.27699 0.23203 0.20334 0.19914 0.2208 0.24659 0.24853 0.22162 0.19051 0.18139 0.19804 0.22131 0.22514 0.20318 0.17766 0.17625 0.20115
0.37958 0.46643 0.56074 0.65752 0.74421 0.79717 0.79599 0.74238 0.65784 0.56383 0.47085 0.38417 0.30924 0.2521 0.21965 0.21533 0.22956 0.24516 0.2545 0.26053 0.26503 0.26396 0.25258 0.23138 0.21209 0.21489 0.24768 0.30489
0.53946 0.6515 0.76206 0.86094 0.93699 0.97579 0.96707 0.91397 0.82863 0.72211 0.60453 0.48759 0.3822 0.29639 0.23662 0.20713 0.20619 0.22406 0.24939 0.27166 0.281 0.27346 0.25527 0.2408 0.24752 0.28417 0.34878 0.4359
0.70188 0.83246 0.95266 1.052 1.1209 1.1499 1.1341 1.0759 0.9814 0.85757 0.71475 0.56826 0.43364 0.32236 0.24215 0.19699 0.18489 0.19774 0.22287 0.24596 0.25677 0.25516 0.25214 0.26342 0.30027 0.36624 0.45902 0.57353
0.84433 0.98796 1.1129 1.2089 1.269 1.2894 1.2674 1.2019 1.0942 0.95103 0.78434 0.61116 0.4508 0.32049 0.23109 0.18448 0.17388 0.18708 0.21018 0.23127 0.24441 0.2523 0.26481 0.29437 0.35089 0.43872 0.55612 0.69549
0.94584 1.0986 1.2258 1.3163 1.3666 1.3786 1.3501 1.2752 1.1535 0.99372 0.80852 0.6136 0.4327 0.29218 0.20645 0.17213 0.17457 0.19612 0.22181 0.24243 0.25554 0.26515 0.28071 0.31502 0.38041 0.48361 0.62163 0.7815
0.99546 1.1521 1.2791 1.3651 1.4079 1.4116 1.3737 1.2879 1.1564 0.98921 0.79357 0.58282 0.38985 0.25189 0.18315 0.17061 0.19084 0.22283 0.25153 0.26988 0.27729 0.27917 0.28673 0.31593 0.3829 0.49619 0.64944 0.82289
0.99247 1.1444 1.2668 1.3492 1.3874 1.3821 1.3321 1.2372 1.1045 0.939 0.74065 0.52768 0.34496 0.23196 0.19209 0.20076 0.23205 0.26877 0.29638 0.30783 0.30351 0.29088 0.28459 0.30292 0.36456 0.4804 0.64132 0.82045
0.93505 1.0769 1.1911 1.2698 1.3038 1.2891 1.2274 1.127 0.9962 0.83494 0.64714 0.46422 0.33268 0.27266 0.26508 0.28032 0.30514 0.33512 0.35536 0.35499 0.33525 0.30785 0.28912 0.2931 0.33851 0.44132 0.59529 0.7701
0.82504 0.95906 1.0674 1.1423 1.1714 1.1478 1.0767 0.97049 0.83746 0.6837 0.5312 0.42117 0.37904 0.3855 0.39878 0.39987 0.40278 0.41788 0.42582 0.41106 0.3774 0.34363 0.32041 0.30935 0.32478 0.39092 0.51432 0.67054
0.68747 0.81693 0.92225 0.99277 1.0157 0.98492 0.90762 0.79597 0.66195 0.52825 0.43579 0.4201 0.46979 0.52717 0.54307 0.52284 0.50678 0.50967 0.5045 0.47657 0.43557 0.40593 0.38747 0.36398 0.34125 0.35248 0.42425 0.54727
0.5671 0.68746 0.78592 0.84827 0.86372 0.82904 0.75179 0.64341 0.52192 0.42378 0.39505 0.45311 0.55628 0.63201 0.64372 0.61905 0.60423 0.60311 0.58739 0.55031 0.50704 0.48418 0.47251 0.44099 0.38605 0.34598 0.36427 0.44776
0.4981 0.59942 0.68212 0.73097 0.73839 0.70444 0.63583 0.54434 0.4511 0.39359 0.40828 0.49506 0.60438 0.67647 0.69533 0.69196 0.69423 0.69155 0.6693 0.62767 0.58166 0.55681 0.5434 0.50707 0.43809 0.37173 0.35555 0.40515
0.48635 0.56161 0.6218 0.65381 0.65413 0.6249 0.57137 0.50523 0.44628 0.42256 0.45547 0.53713 0.62984 0.69833 0.73797 0.76335 0.77704 0.77186 0.74682 0.7046 0.65441 0.61613 0.58844 0.54692 0.48138 0.41697 0.39158 0.42004
0.51951 0.56721 0.60309 0.61858 0.61353 0.59064 0.55395 0.51333 0.48478 0.48509 0.52375 0.59329 0.67252 0.74351 0.79959 0.83617 0.85016 0.84355 0.81891 0.7792 0.72859 0.67644 0.63044 0.58245 0.52738 0.47918 0.45974 0.47699
0.58075 0.60303 0.61726 0.61935 0.61028 0.59247 0.56978 0.55003 0.54403 0.56099 0.60398 0.66748 0.73972 0.80855 0.86401 0.8993 0.9124 0.90614 0.88433 0.84918 0.80307 0.75015 0.69665 0.64641 0.60089 0.56686 0.55287 0.56017
0.65417 0.65647 0.65442 0.64648 0.63343 0.61763 0.60349 0.59725 0.60527 0.63182 0.67711 0.73634 0.80127 0.86315 0.91407 0.94781 0.962 0.95851 0.94058 0.9107 0.87149 0.82675 0.78079 0.73738 0.7 0.67224 0.65658 0.65213
0.72887 0.71755 0.7035 0.68673 0.66855 0.65188 0.64114 0.64103 0.655 0.68446 0.72822 0.78218 0.84028 0.8961 0.94368 0.97787 0.99551 0.99648 0.98336 0.95966 0.92874 0.89384 0.85824 0.82466 0.79492 0.77041 0.75212 0.73927
0.79618 0.77454 0.74918 0.72246 0.6977 0.67842 0.66807 0.66941 0.68385 0.7114 0.75071 0.79869 0.85067 0.90149 0.94636 0.98103 1.0023 1.0097 1.005 0.99105 0.9702 0.94511 0.91892 0.89389 0.87075 0.84977 0.83124 0.81425
0.84324 0.81074 0.77287 0.73493 0.7026 0.67992 0.66908 0.67067 0.68394 0.70782 0.74133 0.78241 0.82713 0.87099 0.91057 0.94357 0.96865 0.98572 0.99516 0.99643 0.98916 0.97523 0.95813 0.94049 0.9232 0.9061 0.8885 0.86854
0.85193 0.81029 0.764 0.71978 0.68411 0.6607 0.65076 0.65361 0.66744 0.6906 0.72198 0.75958 0.79981 0.83886 0.87438 0.90528 0.93127 0.95296 0.97048 0.98225 0.98643 0.98331 0.97484 0.96288 0.94843 0.93157 0.91125 0.88544
0.87229 0.818 0.75829 0.70224 0.65799 0.62978 0.61799 0.61996 0.63168 0.65043 0.67511 0.70408 0.73439 0.76398 0.79333 0.82432 0.85849 0.89592 0.93365 0.96592 0.98789 0.99851 0.99968 0.99414 0.98389 0.96893 0.94712 0.91558
0.85078 0.78482 0.714 0.64864 0.5978 0.56616 0.55353 0.55531 0.56537 0.5798 0.5972 0.61601 0.63446 0.6534 0.67705 0.71002 0.75437 0.80828 0.86559 0.91761 0.95736 0.98203 0.9928 0.99311 0.98588 0.97072 0.9446 0.90485
0.78965 0.7144 0.63565 0.56437 0.5101 0.47762 0.4658 0.46837 0.47744 0.48795 0.4979 0.50614 0.513 0.52279 0.54296 0.57967 0.63457 0.70355 0.77742 0.84538 0.89934 0.93534 0.95392 0.95879 0.95284 0.93505 0.90239 0.85354
0.69848 0.61757 0.53536 0.46278 0.40928 0.37917 0.37012 0.37442 0.38311 0.3902 0.39321 0.39205 0.38976 0.39361 0.41282 0.45398 0.51766 0.59736 0.68176 0.7593 0.8218 0.86504 0.88897 0.89653 0.8897 0.86713 0.82696 0.76981
0.59264 0.51098 0.43107 0.36275 0.3144 0.28928 0.28392 0.28991 0.29811 0.30216 0.29965 0.29199 0.28465 0.28657 0.30717 0.35213 0.4201 0.503 0.58958 0.6694 0.73485 0.78141 0.80795 0.81586 0.8061 0.77786 0.73099 0.66787
0.49014 0.41281 0.34059 0.28128 0.24123 0.22238 0.22067 0.22806 0.23577 0.23752 0.23143 0.22057 0.2121 0.21515 0.23781 0.2837 0.3498 0.42834 0.51014 0.5865 0.65017 0.69605 0.72187 0.72769 0.71406 0.68122 0.63037 0.56492
0.4044 0.33593 0.27526 0.22797 0.19817 0.18676 0.18993 0.19999 0.20822 0.20843 0.19977 0.18705 0.17846 0.18249 0.20498 0.24723 0.30595 0.37525 0.44812 0.51695 0.57476 0.61634 0.63878 0.6412 0.62413 0.58884 0.5375 0.47399
0.34186 0.28574 0.23909 0.2058 0.18866 0.18794 0.19924 0.21404 0.22324 0.22163 0.20999 0.1942 0.18283 0.18376 0.20134 0.2355 0.28335 0.34079 0.40222 0.4608 0.5103 0.54616 0.56486 0.56416 0.54443 0.50839 0.45952 0.40203
0.30496 0.26275 0.23134 0.21424 0.21369 0.22821 0.24987 0.26693 0.27323 0.26899 0.25596 0.23673 0.21811 0.2097 0.21691 0.23978 0.27562 0.32079 0.37024 0.41819 0.45997 0.49176 0.50851 0.50531 0.48279 0.44664 0.4021 0.35326
0.29275 0.26413 0.24804 0.24866 0.26777 0.29902 0.3252 0.33466 0.33163 0.32592 0.31696 0.29758 0.27003 0.24795 0.24211 0.25347 0.27857 0.31315 0.35263 0.39287 0.43174 0.46538 0.48361 0.47739 0.44921 0.41038 0.36953 0.32934
0.2998 0.28202 0.2789 0.29562 0.33239 0.37306 0.39254 0.384 0.36804 0.36518 0.36698 0.35188 0.31788 0.2841 0.26791 0.27119 0.28925 0.3172 0.35138 0.39033 0.43414 0.47522 0.49631 0.48511 0.44797 0.40287 0.36208 0.32757
0.31584 0.30325 0.30712 0.33273 0.37672 0.41434 0.41799 0.3902 0.36718 0.37328 0.38824 0.37912 0.34349 0.30565 0.28653 0.28801 0.3047 0.33182 0.36693 0.41121 0.46472 0.5146 0.53703 0.51855 0.47067 0.41744 0.3735 0.34004
0.32621 0.31195 0.31463 0.33812 0.37583 0.40164 0.39321 0.36215 0.34703 0.36362 0.38354 0.37514 0.34113 0.30776 0.29374 0.29966 0.32057 0.35241 0.39357 0.44626 0.50895 0.564 0.58384 0.55663 0.4991 0.43866 0.38989 0.35292
0.31732 0.29672 0.29239 0.30608 0.33154 0.34966 0.34742 0.33633 0.33954 0.35793 0.367 0.35025 0.31825 0.29408 0.28907 0.30257 0.33087 0.37048 0.4194 0.47879 0.54478 0.5974 0.61005 0.57517 0.5125 0.44828 0.39443 0.35079
0.28509 0.25828 0.24757 0.25345 0.27244 0.2952 0.31422 0.33119 0.34819 0.35704 0.34662 0.31856 0.28876 0.27251 0.27484 0.29522 0.33095 0.378 0.43238 0.49267 0.55307 0.59518 0.59812 0.55944 0.4979 0.43409 0.37626 0.3256
0.23699 0.20938 0.19933 0.20674 0.22969 0.26392 0.30236 0.33639 0.35576 0.35239 0.32759 0.29357 0.26509 0.25134 0.25613 0.2799 0.32002 0.37093 0.42627 0.48137 0.52962 0.55715 0.55095 0.51233 0.45571 0.39454 0.33461 0.28021
0.18745 0.16729 0.16652 0.1843 0.21806 0.26283 0.30991 0.34687 0.36176 0.3505 0.32003 0.28343 0.25284 0.2365 0.23892 0.26117 0.30037 0.35016 0.4029 0.45122 0.48735 0.50181 0.48824 0.44972 0.39616 0.3365 0.27744 0.22561
0.15119 0.14502 0.15865 0.19028 0.23565 0.28768 0.33616 0.36927 0.37806 0.36154 0.32719 0.28679 0.25165 0.23016 0.22709 0.24358 0.2772 0.32231 0.3709 0.41386 0.44179 0.44695 0.42663 0.38498 0.33063 0.27265 0.21906 0.1768
0.13706 0.14672 0.17476 0.21803 0.27078 0.32486 0.37035 0.39743 0.40002 0.37888 0.3412 0.29748 0.25819 0.23148 0.22209 0.23148 0.25819 0.29748 0.3412 0.37888 0.40002 0.39743 0.37035 0.32486 0.27078 0.21803 0.17476 0.14672
0.14566 0.16795 0.20558 0.25395 0.30696 0.35745 0.39696 0.41717 0.41386 0.38935 0.35084 0.30713 0.26675 0.2371 0.22343 0.22796 0.24974 0.28435 0.32382 0.35703 0.37225 0.36214 0.3282 0.27985 0.22895 0.18517 0.15475 0.14113
0.16996 0.19715 0.23597 0.28175 0.32993 0.37605 0.41141 0.42525 0.41407 0.38463 0.34657 0.30623 0.26915 0.24147 0.22855 0.23314 0.25486 0.29015 0.33112 0.36454 0.37559 0.35728 0.31566 0.26471 0.21761 0.18218 0.16182 0.15773
0.1966 0.21845 0.24954 0.28782 0.33385 0.38333 0.42033 0.42725 0.40245 0.36168 0.32117 0.28641 0.25791 0.23882 0.23339 0.24499 0.27519 0.3212 0.37019 0.40172 0.40229 0.37436 0.33173 0.28637 0.24426 0.21089 0.19129 0.18681
0.20968 0.2177 0.23476 0.26396 0.31045 0.36632 0.40499 0.40215 0.36119 0.30926 0.26927 0.2446 0.23006 0.2251 0.23326 0.26001 0.30864 0.36732 0.40853 0.41229 0.38549 0.35625 0.34141 0.32907 0.3018 0.26269 0.22966 0.21247
0.19795 0.18907 0.18912 0.2058 0.24838 0.30494 0.33992 0.32618 0.27474 0.22246 0.19402 0.18671 0.18922 0.19993 0.22454 0.27165 0.33757 0.38868 0.38595 0.32702 0.26518 0.26213 0.31757 0.36824 0.36335 0.31231 0.25537 0.21784
0.163 0.14133 0.12713 0.1324 0.16948 0.22298 0.25168 0.2295 0.17568 0.13254 0.12109 0.13091 0.14688 0.16932 0.20771 0.27081 0.33792 0.35704 0.28962 0.16958 0.096424 0.14201 0.27242 0.37848 0.38907 0.32576 0.24888 0.19536
0.12418 0.10186 0.08725 0.095448 0.1381 0.19438 0.21929 0.19042 0.13419 0.094805 0.088994 0.10242 0.12032 0.14543 0.18904 0.25518 0.30946 0.29423 0.18685 0.051443 -0.0050608 0.068743 0.22151 0.33973 0.35386 0.28929 0.2103 0.15632
0.11176 0.10566 0.11122 0.14363 0.20806 0.27518 0.29795 0.25958 0.19219 0.1406 0.12043 0.11901 0.12469 0.14085 0.17811 0.23579 0.2759 0.24715 0.14226 0.028059 -0.012095 0.051624 0.17576 0.27112 0.28139 0.22745 0.16513 0.12828
0.14976 0.17283 0.21194 0.27802 0.36651 0.44156 0.45894 0.40908 0.32677 0.25488 0.20914 0.18154 0.16458 0.16156 0.18193 0.22433 0.25578 0.23582 0.16163 0.083018 0.055539 0.095837 0.17259 0.22631 0.22275 0.18172 0.14705 0.13897
0.24328 0.29952 0.37072 0.46007 0.556 0.62497 0.633 0.57751 0.48953 0.4035 0.33317 0.27639 0.23142 0.20277 0.19867 0.22019 0.24498 0.24483 0.21545 0.18262 0.17311 0.19079 0.21625 0.22245 0.20197 0.17686 0.17541 0.2003
0.37958 0.46643 0.56074 0.65752 0.74421 0.79717 0.79599 0.74238 0.65784 0.56383 0.47085 0.38417 0.30924 0.2521 0.21965 0.21533 0.22956 0.24516 0.2545 0.26053 0.26503 0.26396 0.25258 0.23138 0.21209 0.21489 0.24768 0.30489
0.53813 0.6497 0.75969 0.85795 0.93344 0.97193 0.96329 0.91063 0.8259 0.72001 0.60301 0.48658 0.38163 0.29618 0.23666 0.20733 0.20657 0.22469 0.25022 0.27243 0.28147 0.27354 0.25504 0.24044 0.24717 0.28372 0.34813 0.43495
0.69819 0.82756 0.94654 1.0448 1.1131 1.1419 1.1262 1.0685 0.97511 0.8527 0.71141 0.56637 0.43304 0.32284 0.24345 0.19881 0.18693 0.1997 0.22449 0.24705 0.25732 0.25535 0.25217 0.26327 0.29978 0.36522 0.45727 0.5709
0.83859 0.97999 1.1029 1.1975 1.2568 1.277 1.2553 1.1908 1.0851 0.94448 0.78064 0.61027 0.45249 0.3243 0.23631 0.19034 0.17974 0.19246 0.21479 0.23503 0.24747 0.25483 0.26688 0.29588 0.35158 0.43826 0.55418 0.69179
0.93932 1.0889 1.2132 1.3017 1.3511 1.3629 1.3352 1.2622 1.1435 0.98757 0.80664 0.61651 0.44034 0.30331 0.21915 0.18481 0.18631 0.2065 0.23075 0.25016 0.26242 0.27148 0.28658 0.32026 0.3845 0.4858 0.62122 0.77813
0.98934 1.1422 1.2658 1.3491 1.3906 1.3945 1.3582 1.2754 1.1477 0.98513 0.79595 0.59359 0.40861 0.27526 0.20699 0.1924 0.20989 0.2391 0.26546 0.28225 0.28898 0.29079 0.29843 0.3273 0.39285 0.50308 0.652 0.82089
0.98729 1.1354 1.2543 1.3336 1.3701 1.3656 1.3184 1.2273 1.0988 0.93973 0.75206 0.55235 0.38003 0.27039 0.2276 0.23109 0.25778 0.29061 0.31511 0.32495 0.32049 0.30868 0.30329 0.32204 0.38238 0.49399 0.64823 0.82052
0.93254 1.0703 1.1813 1.2565 1.2889 1.2757 1.2182 1.1225 0.99757 0.84674 0.67477 0.50753 0.3838 0.32133 0.30566 0.31354 0.3339 0.36039 0.37741 0.37574 0.35658 0.33037 0.31318 0.31908 0.36483 0.46365 0.6092 0.77454
0.82893 0.95768 1.0622 1.1335 1.1611 1.1401 1.0746 0.9752 0.85192 0.71352 0.57882 0.4799 0.43596 0.43092 0.43229 0.42766 0.42957 0.44318 0.44842 0.43291 0.39985 0.36611 0.34404 0.33688 0.35649 0.42212 0.53814 0.68344
0.70037 0.82254 0.92263 0.98904 1.0109 0.98389 0.91389 0.81216 0.69224 0.57619 0.49731 0.48163 0.51701 0.55579 0.56077 0.54052 0.52833 0.53137 0.52409 0.49589 0.45421 0.42145 0.40186 0.3836 0.37025 0.38772 0.45706 0.57051
0.58686 0.6985 0.79038 0.84831 0.86328 0.83342 0.76489 0.66876 0.56313 0.48021 0.45669 0.50363 0.58473 0.64147 0.6477 0.62865 0.61951 0.61767 0.60028 0.5632 0.51751 0.48763 0.47121 0.44465 0.40341 0.3768 0.39953 0.47736
0.51896 0.61178 0.68771 0.73248 0.74018 0.71157 0.65203 0.57266 0.49329 0.44575 0.45864 0.52981 0.61814 0.67677 0.69517 0.69769 0.70198 0.6966 0.67285 0.63144 0.58279 0.54912 0.52835 0.49545 0.44131 0.3922 0.38545 0.43369
0.50325 0.57123 0.62542 0.65424 0.6555 0.63148 0.58626 0.53019 0.4814 0.46324 0.49228 0.56116 0.63954 0.70018 0.7392 0.7648 0.77509 0.76667 0.74026 0.6986 0.64798 0.6035 0.56954 0.53033 0.47742 0.42882 0.41336 0.44253
0.53038 0.57172 0.60249 0.61573 0.61194 0.59357 0.56381 0.53113 0.50964 0.51337 0.54948 0.61139 0.68202 0.74664 0.79782 0.82922 0.83875 0.82888 0.80314 0.7645 0.71615 0.6641 0.61704 0.57229 0.5264 0.48897 0.4759 0.49287
0.58568 0.60199 0.61166 0.61189 0.60388 0.58968 0.5725 0.55895 0.55803 0.57721 0.61866 0.67737 0.74309 0.80493 0.85391 0.88366 0.89241 0.8834 0.86101 0.82771 0.78547 0.73788 0.68965 0.64505 0.6062 0.57781 0.56575 0.57051
0.65497 0.65113 0.64432 0.63408 0.62141 0.60837 0.59866 0.59727 0.60889 0.63646 0.67996 0.73527 0.79496 0.8508 0.89554 0.92396 0.9344 0.92905 0.91156 0.88489 0.85146 0.81406 0.77576 0.73935 0.70743 0.68265 0.66668 0.65866
0.72864 0.71037 0.69056 0.67035 0.65155 0.63679 0.62961 0.63329 0.64974 0.6794 0.7212 0.77172 0.82526 0.87556 0.91734 0.94669 0.96143 0.96195 0.95122 0.93294 0.90992 0.88399 0.85673 0.82975 0.80445 0.78195 0.76261 0.7455
0.79865 0.76889 0.73639 0.7048 0.67812 0.6596 0.65169 0.65573 0.67178 0.6991 0.73641 0.78102 0.8285 0.87399 0.91361 0.94439 0.96432 0.97344 0.97393 0.96809 0.9572 0.94231 0.92482 0.90596 0.88647 0.86665 0.84626 0.82416
0.79852 0.75944 0.71904 0.68226 0.6537 0.63636 0.6316 0.63916 0.65752 0.68504 0.72047 0.76147 0.80388 0.84328 0.87683 0.90302 0.92108 0.93183 0.9377 0.94069 0.94101 0.9378 0.93018 0.91806 0.90237 0.8837 0.86107 0.83285
0.85789 0.80602 0.75067 0.69986 0.66074 0.63686 0.62841 0.6333 0.64839 0.67127 0.70055 0.7343 0.76931 0.80271 0.83344 0.8618 0.8886 0.91497 0.94088 0.96388 0.9808 0.99004 0.99143 0.98568 0.97421 0.95748 0.93388 0.90104
0.88712 0.82214 0.75252 0.68879 0.63981 0.60953 0.59733 0.59939 0.61085 0.62842 0.65065 0.67585 0.70157 0.72685 0.75345 0.78443 0.82225 0.86727 0.91587 0.96094 0.99613 1.0187 1.0289 1.0287 1.0205 1.0048 0.97905 0.94022
0.87579 0.799 0.71784 0.64421 0.58779 0.55275 0.53787 0.5378 0.546 0.55834 0.57316 0.5889 0.60424 0.62088 0.64404 0.67932 0.72966 0.79339 0.86324 0.92873 0.98114 1.0164 1.0346 1.0389 1.0329 1.0164 0.98619 0.93942
0.82375 0.73816 0.6494 0.56987 0.50953 0.47253 0.45702 0.45632 0.46253 0.47053 0.47819 0.48445 0.49001 0.49968 0.52152 0.56256 0.6251 0.70491 0.79156 0.87237 0.93744 0.98195 1.0062 1.0139 1.0083 0.98873 0.95205 0.89663
0.73807 0.64785 0.55661 0.47648 0.41703 0.38193 0.36848 0.36899 0.37464 0.37937 0.38067 0.37864 0.37668 0.38232 0.40503 0.45182 0.52358 0.61367 0.70963 0.79816 0.86959 0.91936 0.94762 0.95727 0.95016 0.92522 0.88082 0.81753
0.63226 0.54234 0.45475 0.38026 0.32693 0.29736 0.288 0.29079 0.29664 0.29897 0.29531 0.28746 0.28135 0.28602 0.31074 0.36119 0.43636 0.52821 0.62454 0.71334 0.78593 0.83784 0.86817 0.87778 0.86706 0.83564 0.78409 0.71495
0.5237 0.43929 0.36109 0.29739 0.25396 0.23223 0.22838 0.23448 0.24143 0.24235 0.23528 0.22392 0.21615 0.22126 0.24709 0.29706 0.36863 0.4543 0.54411 0.62797 0.6978 0.74856 0.77788 0.78492 0.76963 0.73294 0.67702 0.60547
0.42641 0.35258 0.28801 0.23832 0.20735 0.19602 0.20046 0.2124 0.22204 0.22217 0.21192 0.19709 0.18698 0.19064 0.21401 0.2583 0.32042 0.39473 0.47375 0.54884 0.6121 0.65815 0.6836 0.68657 0.66724 0.62782 0.57137 0.50207
0.34861 0.28942 0.24125 0.2082 0.19336 0.19699 0.21394 0.23386 0.24585 0.24436 0.23036 0.21025 0.19395 0.1908 0.20592 0.23944 0.2884 0.34859 0.41403 0.47719 0.53126 0.57118 0.59243 0.59165 0.56915 0.52879 0.47515 0.41297
0.2955 0.25318 0.2232 0.20986 0.21608 0.23974 0.26926 0.29075 0.2988 0.2949 0.28063 0.25715 0.23093 0.21416 0.21513 0.23444 0.26887 0.31413 0.36489 0.41537 0.46088 0.49733 0.51733 0.51353 0.48677 0.44534 0.39674 0.34519
0.2693 0.24388 0.23268 0.24126 0.27198 0.31433 0.34612 0.35549 0.35101 0.34668 0.34022 0.31907 0.28332 0.24953 0.23391 0.23885 0.25987 0.29159 0.32946 0.37032 0.41341 0.45328 0.47555 0.46788 0.43362 0.38826 0.344 0.30391
0.26706 0.25576 0.26103 0.28976 0.34121 0.39195 0.41186 0.39604 0.37466 0.37522 0.38484 0.37183 0.33024 0.2831 0.25461 0.24919 0.26065 0.28291 0.31269 0.35079 0.39853 0.44596 0.47076 0.45726 0.41351 0.36262 0.32061 0.28939
0.27939 0.27599 0.29093 0.33118 0.39025 0.43522 0.43347 0.39248 0.36217 0.37444 0.40138 0.39696 0.35435 0.30266 0.27028 0.26167 0.26978 0.28881 0.31724 0.35881 0.41479 0.46974 0.49479 0.47374 0.42044 0.36401 0.32217 0.29522
0.29114 0.28757 0.30233 0.34048 0.3915 0.42171 0.40535 0.36117 0.34125 0.36604 0.3977 0.39263 0.35084 0.30371 0.27693 0.27235 0.28346 0.30567 0.3387 0.3873 0.45102 0.50959 0.531 0.50152 0.44043 0.37963 0.33581 0.30764
0.28747 0.27751 0.28427 0.3102 0.34608 0.36744 0.36027 0.34259 0.34592 0.37151 0.38686 0.36849 0.32698 0.29014 0.27396 0.27742 0.29564 0.32518 0.36565 0.42052 0.48652 0.54126 0.55461 0.51797 0.45358 0.39123 0.34406 0.31025
0.2625 0.24492 0.24288 0.25725 0.28365 0.31008 0.32949 0.34697 0.367 0.3794 0.36881 0.33503 0.29555 0.26952 0.26298 0.27452 0.30081 0.33826 0.38452 0.44002 0.4993 0.54203 0.54496 0.50534 0.44403 0.38401 0.33388 0.29306
0.22178 0.20114 0.19673 0.20884 0.23587 0.27352 0.31493 0.3522 0.37442 0.37163 0.34396 0.30418 0.26929 0.2494 0.24792 0.26457 0.29657 0.33899 0.38663 0.43644 0.48215 0.50885 0.50233 0.46402 0.40976 0.35408 0.30225 0.25672
0.17822 0.16238 0.16425 0.18341 0.21805 0.26404 0.31316 0.35256 0.36918 0.35796 0.32598 0.28716 0.25415 0.23497 0.23362 0.25081 0.28376 0.32671 0.37282 0.41566 0.44825 0.46098 0.44723 0.41033 0.36072 0.30717 0.25522 0.21042
0.14566 0.14113 0.15475 0.18517 0.22895 0.27985 0.3282 0.36214 0.37225 0.35703 0.32382 0.28435 0.24974 0.22796 0.22343 0.2371 0.26675 0.30713 0.35084 0.38935 0.41386 0.41717 0.39696 0.35745 0.30696 0.25395 0.20558 0.16795
0.1328 0.14167 0.16753 0.20773 0.25722 0.30862 0.35262 0.37971 0.38374 0.36504 0.33027 0.28947 0.25269 0.22768 0.21889 0.22768 0.25269 0.28947 0.33027 0.36504 0.38374 0.37971 0.35262 0.30862 0.25722 0.20773 0.16753 0.14167
0.14069 0.16027 0.19408 0.23808 0.28686 0.33394 0.37146 0.39152 0.38983 0.36837 0.33371 0.29413 0.25766 0.23127 0.21989 0.22566 0.24774 0.282 0.32074 0.35299 0.36702 0.35572 0.32108 0.27288 0.22296 0.18051 0.15109 0.13749
0.16308 0.18629 0.22027 0.26096 0.30473 0.34791 0.38192 0.3958 0.38593 0.35912 0.32498 0.28941 0.25711 0.23368 0.22417 0.23136 0.25517 0.29242 0.33525 0.36987 0.38065 0.36081 0.31733 0.26491 0.21692 0.18087 0.15957 0.15371
0.18748 0.20477 0.23064 0.26388 0.30612 0.35349 0.38974 0.39674 0.37284 0.33419 0.29735 0.26742 0.24397 0.22942 0.22789 0.24306 0.277 0.327 0.37903 0.41155 0.41087 0.38056 0.33603 0.28966 0.24649 0.21115 0.18898 0.18144
0.19881 0.2023 0.21423 0.23832 0.28084 0.33445 0.37222 0.36944 0.32958 0.28031 0.24464 0.22513 0.21549 0.21479 0.2268 0.25753 0.31044 0.37197 0.41319 0.41398 0.38303 0.3515 0.33799 0.32888 0.30332 0.26286 0.22647 0.20556
0.18653 0.1736 0.16859 0.17974 0.21765 0.27132 0.30513 0.29161 0.242 0.19354 0.17045 0.16863 0.1756 0.18984 0.21772 0.2682 0.33608 0.38534 0.37619 0.30876 0.24083 0.23782 0.29999 0.35992 0.36101 0.31065 0.25097 0.20995
0.15283 0.12793 0.1093 0.10953 0.14238 0.1934 0.22125 0.19947 0.14766 0.10845 0.10209 0.11661 0.13599 0.16092 0.2015 0.26613 0.33165 0.34401 0.26589 0.13621 0.058696 0.10647 0.2456 0.36334 0.38244 0.32187 0.24375 0.18777
0.1171 0.092815 0.075449 0.080674 0.12112 0.17638 0.20107 0.17245 0.11734 0.080302 0.077538 0.093697 0.11349 0.13993 0.18461 0.25064 0.30162 0.27893 0.16248 0.020961 -0.03743 0.038016 0.19692 0.32446 0.34623 0.28494 0.20591 0.15069
0.10866 0.10189 0.1066 0.13831 0.20251 0.26978 0.29265 0.25417 0.18678 0.13564 0.1163 0.11569 0.12197 0.13858 0.17617 0.23345 0.27144 0.23864 0.12934 0.012466 -0.028589 0.035702 0.1628 0.2629 0.27716 0.22505 0.1629 0.12567
0.14976 0.17283 0.21194 0.27802 0.36651 0.44156 0.45894 0.40908 0.32677 0.25488 0.20914 0.18154 0.16458 0.16156 0.18193 0.22433 0.25578 0.23582 0.16163 0.083018 0.055539 0.095837 0.17259 0.22631 0.22275 0.18172 0.14705 0.13897
0.24409 0.30023 0.37105 0.45956 0.55434 0.62243 0.63038 0.57565 0.48876 0.40359 0.33367 0.27699 0.23203 0.20334 0.19914 0.2208 0.24659 0.24853 0.22162 0.19051 0.18139 0.19804 0.22131 0.22514 0.20318 0.17766 0.17625 0.20115
0.37877 0.46499 0.55822 0.65331 0.7381 0.78981 0.78873 0.73648 0.65381 0.56135 0.46935 0.38329 0.30882 0.25198 0.21965 0.21541 0.23047 0.24792 0.25937 0.26663 0.27086 0.26829 0.25485 0.23199 0.21207 0.21493 0.24763 0.30453
0.5342 0.64439 0.7527 0.84912 0.92293 0.96052 0.95215 0.90075 0.81781 0.71379 0.59854 0.48361 0.37993 0.29553 0.23675 0.20787 0.20753 0.22631 0.25231 0.27433 0.28251 0.27352 0.25419 0.23931 0.24609 0.28241 0.34621 0.43214
0.69099 0.81796 0.93451 1.0308 1.0977 1.1259 1.1105 1.0541 0.96274 0.84314 0.70487 0.56267 0.43183 0.32371 0.24589 0.20222 0.19072 0.20328 0.22736 0.2489 0.25818 0.25556 0.25212 0.26291 0.29879 0.36319 0.45385 0.56576
0.82926 0.96703 1.0866 1.1787 1.2368 1.2565 1.2353 1.1726 1.0701 0.9338 0.77461 0.60877 0.45512 0.33028 0.24451 0.19954 0.18892 0.20087 0.22198 0.24091 0.25222 0.25874 0.27008 0.29819 0.35261 0.43747 0.55103 0.6858
0.92983 1.0746 1.1946 1.2802 1.3281 1.3397 1.3131 1.243 1.1289 0.97859 0.80389 0.62058 0.45104 0.31891 0.237 0.20269 0.20289 0.22116 0.24342 0.26112 0.27215 0.28039 0.29482 0.32762 0.39027 0.48888 0.62062 0.77326
0.9811 1.1286 1.2473 1.3271 1.3668 1.3708 1.3368 1.2581 1.1358 0.97963 0.79895 0.60728 0.43246 0.30514 0.23774 0.2208 0.23488 0.26053 0.28387 0.2986 0.30437 0.30603 0.31378 0.34223 0.40593 0.51222 0.65549 0.81833
0.98084 1.1236 1.2377 1.313 1.3475 1.3439 1.3003 1.2144 1.0915 0.94035 0.76522 0.58095 0.42099 0.3158 0.2703 0.2683 0.2898 0.3179 0.33861 0.34639 0.34167 0.33081 0.32649 0.34562 0.40426 0.51067 0.65686 0.82079
0.92965 1.0621 1.1687 1.2397 1.2701 1.2589 1.2064 1.1167 0.99885 0.85947 0.70443 0.55413 0.43932 0.37513 0.35187 0.35273 0.36855 0.39083 0.40396 0.40066 0.3821 0.35734 0.34174 0.34939 0.39502 0.48904 0.62506 0.77975
0.83329 0.95589 1.0556 1.1225 1.1484 1.1305 1.0717 0.98026 0.86745 0.74449 0.62741 0.53959 0.4942 0.47854 0.46942 0.46036 0.46155 0.47281 0.47471 0.45824 0.42614 0.39267 0.37147 0.36764 0.39085 0.4554 0.5635 0.69739
0.71416 0.82846 0.92241 0.98395 1.0046 0.98198 0.92041 0.82955 0.72386 0.62458 0.5581 0.54186 0.56342 0.58528 0.58159 0.56282 0.55426 0.55602 0.54609 0.51759 0.47609 0.44065 0.41943 0.40539 0.40059 0.42383 0.49064 0.59468
0.60745 0.70999 0.79453 0.84745 0.86193 0.83752 0.77875 0.69547 0.60532 0.53638 0.51693 0.55277 0.6132 0.65327 0.65603 0.64291 0.63792 0.63368 0.61416 0.57723 0.53064 0.49481 0.47345 0.45073 0.42197 0.40804 0.43504 0.50757
0.54038 0.62433 0.69292 0.73325 0.74136 0.71869 0.66907 0.60221 0.53634 0.49799 0.5089 0.56549 0.63485 0.6819 0.70026 0.70716 0.71095 0.70184 0.67621 0.63527 0.58599 0.54554 0.51818 0.48799 0.4472 0.41396 0.41593 0.46276
0.52037 0.58051 0.6282 0.65371 0.65614 0.6378 0.6016 0.55616 0.51759 0.50501 0.53079 0.5883 0.65392 0.70719 0.7443 0.76762 0.77309 0.76072 0.73262 0.69174 0.64247 0.59464 0.55635 0.51956 0.47796 0.4434 0.43656 0.46572
0.54079 0.57502 0.60022 0.61116 0.60888 0.59546 0.57328 0.5493 0.5354 0.54297 0.57714 0.63228 0.69478 0.75233 0.79682 0.82193 0.82613 0.8124 0.78529 0.7479 0.70269 0.65356 0.60796 0.56734 0.52991 0.50172 0.49359 0.50919
0.58923 0.59872 0.60332 0.60159 0.59487 0.58478 0.57383 0.56727 0.57206 0.59377 0.63382 0.68786 0.74698 0.80143 0.84306 0.86627 0.86987 0.85756 0.83433 0.80311 0.76563 0.72466 0.68371 0.64591 0.61363 0.59012 0.57906 0.58036
0.65368 0.64274 0.63053 0.61778 0.60571 0.59601 0.59152 0.59577 0.6116 0.64053 0.68235 0.73375 0.788 0.83725 0.87494 0.8971 0.90299 0.89523 0.87803 0.85498 0.82832 0.79955 0.76999 0.74109 0.71473 0.69287 0.67635 0.66411
0.72598 0.69964 0.67331 0.64938 0.63012 0.61784 0.61499 0.62327 0.64283 0.67308 0.71306 0.76002 0.80862 0.85274 0.88788 0.91153 0.92264 0.9223 0.914 0.90174 0.88774 0.87213 0.85431 0.83444 0.81374 0.79326 0.77262 0.75048
0.72032 0.68499 0.65162 0.62384 0.60436 0.59504 0.59718 0.61071 0.63402 0.66539 0.70381 0.74712 0.79037 0.82774 0.85562 0.87287 0.87967 0.87797 0.87197 0.86607 0.86197 0.85791 0.85064 0.83851 0.82259 0.80404 0.78167 0.75359
0.79536 0.74606 0.69727 0.65516 0.62477 0.60887 0.60781 0.61955 0.64088 0.66916 0.70291 0.74006 0.77686 0.80957 0.83652 0.85764 0.87361 0.88575 0.89686 0.90906 0.92148 0.9312 0.93458 0.92987 0.91821 0.90056 0.87509 0.8397
0.86077 0.79788 0.73305 0.67543 0.63274 0.60851 0.60204 0.60964 0.62669 0.64978 0.67704 0.70656 0.73573 0.76281 0.78825 0.81395 0.84185 0.87291 0.90702 0.94155 0.97211 0.99496 1.0073 1.0084 1.0001 0.98332 0.95573 0.9147
0.89885 0.82258 0.74275 0.67106 0.6171 0.5848 0.57262 0.57547 0.58736 0.60418 0.62392 0.64483 0.6652 0.68541 0.70877 0.7398 0.78175 0.83459 0.89406 0.95229 1.0016 1.0374 1.0576 1.0632 1.0572 1.0404 1.01 0.96278
0.89779 0.80981 0.71813 0.63598 0.57371 0.53525 0.5185 0.51723 0.52424 0.53485 0.54695 0.55897 0.5703 0.58386 0.60611 0.64379 0.70056 0.77444 0.85706 0.93634 1.0022 1.0492 1.0758 1.0846 1.0796 1.0614 1.0265 0.97176
0.85495 0.75881 0.65991 0.57199 0.50544 0.46401 0.44513 0.44172 0.44561 0.45136 0.4565 0.46007 0.46342 0.47225 0.49543 0.54078 0.61117 0.70212 0.80185 0.89583 0.97276 1.0268 1.0575 1.0683 1.063 1.0413 0.99994 0.93727
0.77481 0.67528 0.57504 0.48736 0.42192 0.38194 0.36435 0.36149 0.36448 0.36701 0.3663 0.36272 0.36031 0.36713 0.39299 0.44525 0.52515 0.62581 0.73359 0.83349 0.91455 0.97174 1.005 1.0169 1.0093 0.98156 0.93243 0.86258
0.66921 0.57133 0.47636 0.39573 0.3373 0.30327 0.29015 0.29006 0.29384 0.29449 0.28936 0.2807 0.27518 0.28213 0.31077 0.36671 0.4491 0.54989 0.65604 0.75409 0.83436 0.8923 0.92693 0.93837 0.92647 0.89139 0.83472 0.75932
0.55499 0.46398 0.3802 0.31208 0.26508 0.24054 0.23485 0.24004 0.24647 0.2465 0.23806 0.22563 0.218 0.22484 0.25382 0.30809 0.38517 0.47773 0.57534 0.66679 0.7431 0.7992 0.83242 0.84081 0.82364 0.78266 0.72129 0.64354
0.44687 0.36809 0.29985 0.24776 0.21564 0.20459 0.2107 0.22493 0.23613 0.23602 0.22378 0.20634 0.19426 0.1973 0.22153 0.26799 0.33353 0.4126 0.49749 0.57868 0.64758 0.69848 0.72733 0.73096 0.70917 0.66518 0.60332 0.52825
0.35477 0.29284 0.24324 0.2104 0.19785 0.206 0.22866 0.25297 0.26715 0.26566 0.24968 0.22584 0.20464 0.19729 0.20999 0.243 0.29309 0.35576 0.42482 0.4924 0.5513 0.59577 0.6201 0.61935 0.59367 0.54849 0.48976 0.42294
0.28635 0.24403 0.21538 0.2056 0.21833 0.25009 0.2851 0.30873 0.31727 0.31413 0.30046 0.275 0.24305 0.21852 0.21345 0.22939 0.26248 0.30765 0.35946 0.41247 0.46254 0.50489 0.52898 0.52457 0.49271 0.44482 0.39141 0.33719
0.24678 0.22442 0.21776 0.23375 0.27471 0.32457 0.3574 0.36267 0.35502 0.35329 0.35291 0.3344 0.29409 0.25073 0.22591 0.22483 0.24198 0.27088 0.30702 0.34886 0.39693 0.4439 0.47074 0.46149 0.42046 0.36773 0.31947 0.27936
0.23561 0.23042 0.24344 0.28318 0.34617 0.4017 0.41578 0.38774 0.35917 0.36494 0.38709 0.38217 0.33816 0.28099 0.24139 0.2279 0.23319 0.2499 0.27522 0.3122 0.36355 0.41716 0.44559 0.42981 0.37963 0.32328 0.2804 0.2526
0.24456 0.24971 0.27484 0.32819 0.39844 0.44493 0.43125 0.37233 0.3333 0.35363 0.39741 0.40409 0.36011 0.29826 0.25409 0.23623 0.23635 0.24752 0.26888 0.30658 0.36354 0.42234 0.44955 0.42641 0.36893 0.31086 0.27233 0.25229
0.25809 0.26431 0.29009 0.34121 0.40196 0.43152 0.40184 0.34092 0.31538 0.35025 0.3979 0.40149 0.35653 0.29868 0.26043 0.24629 0.24837 0.26131 0.28566 0.32867 0.39144 0.45194 0.47446 0.44358 0.38079 0.32165 0.28409 0.26497
0.25991 0.2595 0.27625 0.313 0.35669 0.37785 0.36237 0.33602 0.33934 0.37374 0.39826 0.38161 0.33347 0.28573 0.25945 0.25388 0.26297 0.28305 0.31484 0.36406 0.42847 0.48403 0.49784 0.46043 0.39599 0.33701 0.29719 0.2729
0.24205 0.23256 0.23817 0.26007 0.29239 0.32069 0.33888 0.35604 0.37928 0.39616 0.38686 0.34897 0.30124 0.26628 0.2518 0.25554 0.27344 0.30214 0.3406 0.391 0.44839 0.49107 0.494 0.45413 0.39395 0.33821 0.29556 0.26376
0.20817 0.19349 0.19395 0.21017 0.24075 0.28105 0.32479 0.36497 0.39012 0.38831 0.35838 0.3135 0.27264 0.24719 0.24019 0.25069 0.27564 0.31053 0.35127 0.39618 0.43936 0.46513 0.45837 0.42063 0.36879 0.3182 0.27364 0.23594
0.16996 0.15773 0.16182 0.18218 0.21761 0.26471 0.31566 0.35728 0.37559 0.36454 0.33112 0.29015 0.25486 0.23314 0.22855 0.24147 0.26915 0.30623 0.34657 0.38463 0.41407 0.42525 0.41141 0.37605 0.32993 0.28175 0.23597 0.19715
0.14069 0.13749 0.15109 0.18051 0.22296 0.27288 0.32108 0.35572 0.36702 0.35299 0.32074 0.282 0.24774 0.22566 0.21989 0.23127 0.25766 0.29413 0.33371 0.36837 0.38983 0.39152 0.37146 0.33394 0.28686 0.23808 0.19408 0.16027
0.12906 0.13731 0.16143 0.19913 0.24594 0.29506 0.33772 0.36476 0.37003 0.35344 0.32113 0.28272 0.24794 0.22426 0.21593 0.22426 0.24794 0.28272 0.32113 0.35344 0.37003 0.36476 0.33772 0.29506 0.24594 0.19913 0.16143 0.13731
0.13664 0.15416 0.18502 0.22559 0.27102 0.31532 0.3512 0.37109 0.37071 0.35172 0.32016 0.28384 0.25043 0.22654 0.21691 0.22365 0.24597 0.27998 0.31817 0.34963 0.36266 0.35038 0.3152 0.26716 0.21803 0.17665 0.14803 0.13445
0.15792 0.17822 0.20862 0.24551 0.28596 0.32691 0.35987 0.37377 0.36488 0.34005 0.30887 0.27688 0.24814 0.22783 0.2208 0.2299 0.25527 0.294 0.33825 0.37373 0.38423 0.36318 0.31828 0.26481 0.21619 0.17972 0.15776 0.15062
0.18117 0.19535 0.21762 0.24729 0.28677 0.33256 0.3682 0.37525 0.35203 0.31496 0.28079 0.25429 0.23434 0.2229 0.22402 0.24164 0.27812 0.33084 0.38483 0.41789 0.41619 0.38413 0.3383 0.2914 0.24771 0.21117 0.18729 0.17766
0.19208 0.19279 0.20149 0.22224 0.26208 0.31405 0.35114 0.3484 0.30937 0.26197 0.2292 0.21304 0.20648 0.20839 0.22274 0.2559 0.31133 0.37438 0.41527 0.41391 0.38019 0.34718 0.33463 0.32787 0.30376 0.26275 0.22439 0.20124
0.18068 0.16567 0.15798 0.16612 0.20143 0.25343 0.28655 0.27317 0.22463 0.17834 0.1582 0.15933 0.16862 0.18466 0.21418 0.26631 0.33499 0.38296 0.37015 0.29809 0.22695 0.22396 0.28971 0.35473 0.35929 0.30957 0.24863 0.20589
0.14938 0.12338 0.1032 0.10165 0.13298 0.18309 0.21061 0.189 0.13792 0.10013 0.095572 0.11175 0.1323 0.15806 0.19937 0.26445 0.32929 0.33916 0.25723 0.12424 0.045257 0.093763 0.23587 0.35772 0.37991 0.32043 0.24198 0.18519
0.1171 0.092815 0.075449 0.080674 0.12112 0.17638 0.20107 0.17245 0.11734 0.080302 0.077538 0.093697 0.11349 0.13993 0.18461 0.25064 0.30162 0.27893 0.16248 0.020961 -0.03743 0.038016 0.19692 0.32446 0.34623 0.28494 0.20591 0.15069
0.11176 0.10566 0.11122 0.14363 0.20806 0.27518 0.29795 0.25958 0.19219 0.1406 0.12043 0.11901 0.12469 0.14085 0.17811 0.23579 0.2759 0.24715 0.14226 0.028059 -0.012095 0.051624 0.17576 0.27112 0.28139 0.22745 0.16513 0.12828
0.15392 0.17747 0.21682 0.28236 0.36942 0.443 0.46002 0.41115 0.33029 0.25924 0.21346 0.18538 0.16793 0.16442 0.18438 0.22741 0.26214 0.24858 0.18161 0.10789 0.082178 0.12087 0.19194 0.23794 0.22856 0.18515 0.15042 0.14271
0.2465 0.30231 0.37201 0.45807 0.54953 0.61502 0.62274 0.57022 0.48654 0.40386 0.33513 0.27876 0.23383 0.20502 0.20049 0.22238 0.25083 0.25852 0.23853 0.21229 0.20429 0.21801 0.23514 0.23244 0.20647 0.17996 0.17872 0.20366
0.37721 0.46218 0.55332 0.64518 0.72632 0.77564 0.77476 0.72513 0.64601 0.55655 0.46643 0.38158 0.30798 0.25174 0.21957 0.21536 0.23171 0.2523 0.26746 0.27688 0.28066 0.2754 0.25835 0.2327 0.21188 0.21497 0.24753 0.30385
0.52787 0.6358 0.74135 0.83478 0.90592 0.94208 0.93412 0.88477 0.80469 0.70372 0.5913 0.4788 0.37717 0.29442 0.23677 0.20853 0.20863 0.22815 0.25465 0.27627 0.28319 0.27271 0.25236 0.2373 0.24428 0.28026 0.34311 0.42762
0.68052 0.804 0.91696 1.0102 1.075 1.1024 1.0875 1.0328 0.94468 0.82919 0.69532 0.55723 0.42994 0.32475 0.24912 0.20678 0.19574 0.2079 0.2309 0.25099 0.25893 0.25552 0.2518 0.26221 0.29722 0.36017 0.44886 0.55832
0.8166 0.94944 1.0644 1.1531 1.2093 1.2284 1.208 1.1477 1.0497 0.91924 0.76634 0.60655 0.45833 0.33787 0.255 0.21132 0.20065 0.21159 0.23113 0.24836 0.25822 0.26364 0.27403 0.301 0.35373 0.4362 0.54665 0.67763
0.91751 1.0561 1.1705 1.2521 1.2981 1.3093 1.2842 1.2179 1.1099 0.96694 0.80025 0.6254 0.46395 0.33782 0.25878 0.22459 0.22323 0.23918 0.25901 0.27461 0.28408 0.29126 0.30486 0.33657 0.39725 0.49254 0.61969 0.7669
0.97087 1.1114 1.2239 1.2992 1.3368 1.341 1.3097 1.2362 1.1209 0.97288 0.8023 0.62287 0.45963 0.3394 0.27344 0.25418 0.26447 0.28598 0.30579 0.31806 0.32261 0.32403 0.33189 0.35986 0.42138 0.52303 0.65967 0.81522
0.97337 1.1093 1.2173 1.2877 1.32 1.3175 1.2782 1.1984 1.0828 0.94086 0.77924 0.6113 0.4647 0.36499 0.3176 0.3105 0.32665 0.34937 0.36579 0.37115 0.366 0.35616 0.35304 0.37247 0.42901 0.52955 0.66682 0.82135
0.92665 1.0526 1.1534 1.2195 1.2477 1.2388 1.1922 1.1097 1.0001 0.87249 0.73405 0.60049 0.49514 0.43053 0.4013 0.39635 0.4078 0.4251 0.43386 0.42863 0.41065 0.38764 0.37362 0.38262 0.42752 0.51612 0.64213 0.78568
0.83805 0.95363 1.0474 1.1091 1.1333 1.119 1.0677 0.98533 0.88341 0.775 0.6739 0.59623 0.55007 0.52598 0.50905 0.49731 0.4978 0.50552 0.50357 0.48597 0.45518 0.42246 0.4019 0.40049 0.42624 0.48906 0.58919 0.71192
0.72831 0.83424 0.92117 0.97724 0.99664 0.97888 0.92662 0.84736 0.75552 0.6712 0.61508 0.59773 0.60718 0.61536 0.60605 0.5899 0.58392 0.58263 0.56957 0.54075 0.50041 0.46327 0.44026 0.42914 0.43128 0.45925 0.52353 0.61884
0.62808 0.72128 0.79788 0.84539 0.85947 0.84098 0.7927 0.72259 0.6471 0.59039 0.57383 0.59938 0.642 0.66884 0.67005 0.66217 0.65886 0.65057 0.62846 0.59179 0.546 0.50612 0.48034 0.46024 0.44189 0.43893 0.46967 0.53735
0.56161 0.63643 0.69725 0.73301 0.74173 0.72538 0.68629 0.63217 0.57924 0.54924 0.55832 0.6023 0.65572 0.69341 0.71152 0.72028 0.72078 0.70713 0.67923 0.63891 0.59095 0.54667 0.5144 0.48638 0.4568 0.43711 0.44645 0.49161
0.53704 0.58882 0.62963 0.65184 0.6557 0.64339 0.61671 0.58241 0.55415 0.54723 0.57067 0.61873 0.67352 0.71978 0.75316 0.77141 0.77104 0.75404 0.72393 0.68397 0.63738 0.58967 0.54974 0.51582 0.48386 0.46096 0.46088 0.48905
0.55003 0.57642 0.59568 0.60438 0.60387 0.5958 0.58175 0.56712 0.56133 0.57318 0.60612 0.65546 0.71034 0.76005 0.79646 0.81426 0.81227 0.79411 0.76529 0.72927 0.68795 0.64419 0.60293 0.56757 0.53777 0.51708 0.51227 0.52528
0.59069 0.59255 0.59166 0.58797 0.58283 0.57735 0.57329 0.57444 0.58553 0.61013 0.649 0.6986 0.75122 0.79794 0.83141 0.84711 0.84477 0.82855 0.80413 0.77514 0.74326 0.71018 0.67792 0.64807 0.62228 0.60291 0.59197 0.58901
0.64963 0.63071 0.61262 0.59728 0.58613 0.58036 0.58178 0.59238 0.61302 0.64374 0.68414 0.73168 0.78031 0.82246 0.85237 0.86742 0.86797 0.85718 0.83999 0.82079 0.80176 0.78287 0.76314 0.74228 0.72154 0.70246 0.68504 0.66782
0.64236 0.6148 0.59053 0.57275 0.56294 0.56159 0.5695 0.58692 0.61283 0.64584 0.68521 0.72901 0.77179 0.80645 0.82807 0.83541 0.8299 0.81538 0.79775 0.78245 0.77166 0.76368 0.75482 0.74261 0.72758 0.71106 0.69222 0.66921
0.71141 0.66647 0.62589 0.59462 0.57528 0.56903 0.57639 0.59562 0.62318 0.65624 0.69349 0.73308 0.77058 0.80082 0.82111 0.83158 0.83385 0.83025 0.82588 0.82629 0.83264 0.84106 0.84537 0.84174 0.83085 0.81402 0.78927 0.75433
0.78911 0.72911 0.67194 0.62475 0.59268 0.57803 0.58063 0.59697 0.62182 0.65142 0.68376 0.71685 0.7476 0.77329 0.79345 0.81014 0.82448 0.83752 0.85295 0.87382 0.89876 0.92224 0.93762 0.9411 0.93374 0.91682 0.88777 0.84425
0.86064 0.78638 0.71205 0.64758 0.60114 0.5763 0.57195 0.58277 0.60237 0.62614 0.65149 0.67648 0.69931 0.71969 0.73981 0.76389 0.79343 0.82893 0.87058 0.9161 0.96058 0.99777 1.022 1.0307 1.0257 1.0085 0.97617 0.92606
0.90749 0.81962 0.72946 0.64957 0.5903 0.55586 0.54409 0.54838 0.56136 0.57782 0.59504 0.61125 0.62564 0.64017 0.66005 0.69181 0.73848 0.79932 0.86945 0.94058 1.0043 1.054 1.0852 1.0972 1.0934 1.0753 1.0395 0.98291
0.91648 0.81708 0.71478 0.62387 0.55551 0.51369 0.49556 0.49382 0.50032 0.50954 0.51878 0.52651 0.53303 0.54269 0.56351 0.60381 0.66757 0.75202 0.84743 0.94066 1.0205 1.08 1.1157 1.1293 1.1255 1.1054 1.065 1.0014
0.88264 0.77587 0.66685 0.57044 0.49762 0.45194 0.43022 0.42478 0.42692 0.43063 0.43304 0.43329 0.43356 0.4407 0.4647 0.5143 0.59284 0.69522 0.80817 0.91555 1.005 1.0695 1.1072 1.1214 1.1162 1.092 1.0455 0.97486
0.80804 0.69924 0.59017 0.495 0.42367 0.37907 0.35782 0.35209 0.35281 0.35322 0.35025 0.34452 0.34087 0.34815 0.3767 0.4343 0.52238 0.63367 0.75333 0.86485 0.95622 1.0217 1.0604 1.0747 1.0665 1.0356 0.98127 0.90435
0.70288 0.59726 0.49519 0.40858 0.34516 0.30692 0.29041 0.28784 0.28979 0.28876 0.28186 0.27187 0.26628 0.27496 0.30718 0.36848 0.45802 0.56764 0.6836 0.79118 0.87971 0.9443 0.98359 0.99689 0.98364 0.94461 0.88243 0.80045
0.58353 0.48625 0.39718 0.32481 0.27436 0.24726 0.2401 0.24475 0.25081 0.24985 0.2397 0.22572 0.21773 0.22589 0.2578 0.31632 0.39883 0.49811 0.60342 0.70255 0.78567 0.84747 0.88483 0.89459 0.87542 0.82988 0.76276 0.67869
0.46544 0.38208 0.31041 0.25602 0.22288 0.21238 0.22047 0.23719 0.24987 0.24928 0.23483 0.21451 0.20017 0.20236 0.22736 0.27601 0.34491 0.42853 0.519 0.60619 0.68091 0.737 0.76949 0.77388 0.74949 0.70063 0.63307 0.55224
0.36017 0.29578 0.24484 0.21217 0.20191 0.21452 0.24202 0.26938 0.28479 0.2832 0.26599 0.23956 0.21435 0.20297 0.21333 0.24593 0.29714 0.36208 0.43446 0.5064 0.57039 0.62007 0.64816 0.64755 0.61819 0.56749 0.50334 0.43189
0.27761 0.23531 0.20783 0.20127 0.21989 0.25746 0.2947 0.31746 0.32494 0.32306 0.31227 0.28793 0.25299 0.22227 0.21164 0.22448 0.25637 0.30141 0.35415 0.40982 0.46533 0.51463 0.5435 0.53847 0.50081 0.44545 0.38646 0.32949
0.22555 0.20598 0.20337 0.22584 0.27445 0.32706 0.35537 0.35219 0.33972 0.34183 0.35127 0.3405 0.30037 0.25069 0.21798 0.21148 0.22512 0.25134 0.28581 0.32882 0.38219 0.43661 0.46822 0.45733 0.40927 0.34887 0.29641 0.25615
0.20603 0.20639 0.22629 0.27529 0.3454 0.3993 0.40084 0.35622 0.31935 0.33174 0.37044 0.37982 0.33957 0.27683 0.22825 0.20765 0.20732 0.2188 0.23958 0.27479 0.32879 0.38768 0.41933 0.40149 0.34566 0.28488 0.242 0.2179
0.21208 0.22495 0.25902 0.323 0.39957 0.44105 0.40926 0.32907 0.28071 0.31017 0.37436 0.39822 0.35917 0.29179 0.23816 0.21222 0.20511 0.20883 0.22267 0.25502 0.31094 0.37184 0.40053 0.37595 0.31605 0.25844 0.22477 0.21214
0.22786 0.24275 0.27811 0.33972 0.40604 0.42974 0.38217 0.30224 0.27075 0.31666 0.38329 0.40043 0.35728 0.29242 0.24461 0.22214 0.21617 0.22037 0.23557 0.27136 0.33097 0.39155 0.41461 0.38332 0.32094 0.26567 0.23577 0.22586
0.23533 0.24318 0.2685 0.31415 0.36274 0.3804 0.35389 0.31758 0.32081 0.36487 0.40067 0.38884 0.33721 0.28094 0.246 0.23264 0.23375 0.24513 0.26817 0.31067 0.37188 0.42691 0.4409 0.4037 0.34091 0.28678 0.25487 0.23963
0.22427 0.22161 0.23367 0.26185 0.29837 0.3268 0.34244 0.35862 0.385 0.40689 0.40005 0.35977 0.30563 0.26303 0.24174 0.23887 0.24961 0.27059 0.30174 0.34684 0.40166 0.44367 0.44656 0.40709 0.34884 0.29775 0.2622 0.23841
0.1966 0.18681 0.19129 0.21089 0.24426 0.28637 0.33173 0.37436 0.40229 0.40172 0.37019 0.3212 0.27519 0.24499 0.23339 0.23882 0.25791 0.28641 0.32117 0.36168 0.40245 0.42725 0.42033 0.38333 0.33385 0.28782 0.24954 0.21845
0.16308 0.15371 0.15957 0.18087 0.21692 0.26491 0.31733 0.36081 0.38065 0.36987 0.33525 0.29242 0.25517 0.23136 0.22417 0.23368 0.25711 0.28941 0.32498 0.35912 0.38593 0.3958 0.38192 0.34791 0.30473 0.26096 0.22027 0.18629
0.13664 0.13445 0.14803 0.17665 0.21803 0.26716 0.3152 0.35038 0.36266 0.34963 0.31817 0.27998 0.24597 0.22365 0.21691 0.22654 0.25043 0.28384 0.32016 0.35172 0.37071 0.37109 0.3512 0.31532 0.27102 0.22559 0.18502 0.15416
0.12617 0.13397 0.1568 0.19264 0.23743 0.28481 0.3264 0.35337 0.35958 0.34463 0.3142 0.2776 0.2443 0.22159 0.21359 0.22159 0.2443 0.2776 0.3142 0.34463 0.35958 0.35337 0.3264 0.28481 0.23743 0.19264 0.1568 0.13397
0.1338 0.14992 0.17877 0.21697 0.26004 0.30239 0.3371 0.35687 0.35739 0.34013 0.31075 0.2767 0.2454 0.22323 0.21479 0.22217 0.24467 0.2785 0.3163 0.3472 0.3595 0.34653 0.31097 0.26306 0.2145 0.17389 0.14583 0.13228
0.15472 0.17325 0.20146 0.23597 0.27436 0.31393 0.34622 0.36011 0.35183 0.32824 0.2989 0.26913 0.2426 0.2242 0.21869 0.22895 0.25528 0.29492 0.34005 0.37605 0.38633 0.36449 0.31871 0.26461 0.21563 0.17894 0.15659 0.14868
0.17794 0.19054 0.21096 0.23879 0.27682 0.32175 0.35704 0.36411 0.34126 0.30504 0.27228 0.24756 0.22942 0.21956 0.22202 0.24087 0.27866 0.33274 0.38768 0.42096 0.41869 0.3857 0.33921 0.2921 0.24823 0.21112 0.18639 0.17571
0.1898 0.18957 0.19716 0.21676 0.25564 0.30702 0.34386 0.34113 0.30241 0.25568 0.22393 0.20894 0.20343 0.20622 0.22136 0.25533 0.31159 0.3751 0.41582 0.41369 0.37899 0.34547 0.33327 0.32737 0.30382 0.26267 0.22367 0.19977
0.18068 0.16567 0.15798 0.16612 0.20143 0.25343 0.28655 0.27317 0.22463 0.17834 0.1582 0.15933 0.16862 0.18466 0.21418 0.26631 0.33499 0.38296 0.37015 0.29809 0.22695 0.22396 0.28971 0.35473 0.35929 0.30957 0.24863 0.20589
0.15283 0.12793 0.1093 0.10953 0.14238 0.1934 0.22125 0.19947 0.14766 0.10845 0.10209 0.11661 0.13599 0.16092 0.2015 0.26613 0.33165 0.34401 0.26589 0.13621 0.058696 0.10647 0.2456 0.36334 0.38244 0.32187 0.24375 0.18777
0.12418 0.10186 0.08725 0.095448 0.1381 0.19438 0.21929 0.19042 0.13419 0.094805 0.088994 0.10242 0.12032 0.14543 0.18904 0.25518 0.30946 0.29423 0.18685 0.051443 -0.0050608 0.068743 0.22151 0.33973 0.35386 0.28929 0.2103 0.15632
0.1209 0.11673 0.12469 0.15902 0.224 0.2906 0.31304 0.27503 0.20774 0.15497 0.13253 0.12876 0.13271 0.14751 0.18371 0.24228 0.28802 0.27051 0.17816 0.07193 0.034496 0.096313 0.21174 0.29368 0.29294 0.23414 0.1716 0.13596
0.16205 0.18648 0.22622 0.2906 0.37481 0.44551 0.46182 0.4149 0.33693 0.26761 0.22184 0.19288 0.17444 0.16997 0.18897 0.23274 0.27298 0.27075 0.21701 0.1526 0.13026 0.16573 0.22615 0.25825 0.23869 0.19143 0.15688 0.14998
0.25041 0.30569 0.37359 0.45575 0.54195 0.60338 0.61072 0.56169 0.48305 0.40433 0.33749 0.28163 0.23673 0.20768 0.20249 0.22431 0.25611 0.27177 0.2618 0.24284 0.23656 0.24593 0.25412 0.2422 0.2109 0.18342 0.18265 0.20771
0.37499 0.45813 0.54633 0.63365 0.70974 0.75575 0.75514 0.70913 0.63495 0.54965 0.46223 0.37911 0.30676 0.25133 0.21931 0.21485 0.23235 0.25642 0.27598 0.28802 0.29125 0.28273 0.2614 0.2327 0.21127 0.21494 0.24738 0.30288
0.51937 0.62422 0.72603 0.81548 0.88308 0.91735 0.90996 0.86331 0.78701 0.69011 0.58151 0.47227 0.37336 0.29276 0.23654 0.20899 0.20932 0.22924 0.25594 0.27687 0.28229 0.27028 0.24912 0.23432 0.24172 0.27731 0.33892 0.42154
0.66705 0.78604 0.89437 0.98355 1.0456 1.0719 1.0576 1.0054 0.92139 0.81117 0.68292 0.55002 0.42718 0.32563 0.2527 0.21195 0.20134 0.21288 0.23442 0.25273 0.25914 0.25497 0.251 0.26101 0.29497 0.3561 0.44233 0.54868
0.80074 0.92755 1.0368 1.1212 1.1749 1.1932 1.1737 1.1166 1.0242 0.901 0.75577 0.60331 0.46157 0.34629 0.26687 0.22476 0.21404 0.22378 0.24149 0.25676 0.26495 0.26908 0.27833 0.30391 0.3546 0.43417 0.54088 0.66724
0.90237 1.0335 1.1412 1.2181 1.2616 1.2724 1.2491 1.1874 1.0867 0.95267 0.79549 0.63038 0.47805 0.35872 0.28308 0.24922 0.24616 0.25952 0.27662 0.28983 0.29751 0.30343 0.31602 0.34644 0.40479 0.49622 0.61803 0.75886
0.95864 1.0909 1.196 1.2661 1.3012 1.3057 1.2775 1.2101 1.1032 0.96496 0.8057 0.63934 0.4884 0.37602 0.31216 0.2909 0.29722 0.31426 0.33018 0.33969 0.34282 0.34388 0.35181 0.37922 0.43825 0.53476 0.66404 0.81135
0.965 1.0926 1.1931 1.2581 1.2879 1.2866 1.2521 1.1798 1.0729 0.94138 0.79354 0.6418 0.50877 0.41543 0.36737 0.356 0.36682 0.38372 0.39548 0.39813 0.39242 0.3836 0.3818 0.40139 0.45545 0.54971 0.67762 0.82212
0.92373 1.0418 1.1355 1.196 1.222 1.2156 1.1755 1.1016 1.0014 0.88564 0.76263 0.64458 0.54876 0.48536 0.4524 0.44313 0.4503 0.46188 0.46592 0.45853 0.44106 0.42008 0.4077 0.41759 0.4611 0.54389 0.65991 0.79233
0.84319 0.95074 1.0374 1.0934 1.1157 1.1053 1.0623 0.99009 0.8995 0.80443 0.71703 0.64811 0.6021 0.57246 0.55085 0.53794 0.53719 0.54007 0.53389 0.51501 0.48574 0.45453 0.43464 0.43473 0.46179 0.5222 0.61463 0.72684
0.7424 0.83943 0.91849 0.96871 0.98696 0.97435 0.932 0.86496 0.78653 0.71526 0.66736 0.64871 0.64854 0.64692 0.63488 0.6216 0.61628 0.6103 0.59368 0.56447 0.52612 0.48877 0.46436 0.45499 0.46215 0.49349 0.55518 0.64254
0.64812 0.73174 0.79995 0.84196 0.85584 0.84349 0.80613 0.74938 0.68777 0.6417 0.62724 0.64406 0.67253 0.68974 0.69056 0.6861 0.68133 0.66786 0.64272 0.60635 0.56271 0.52131 0.49242 0.47407 0.46374 0.4695 0.50307 0.56619
0.58201 0.64743 0.70023 0.73153 0.74113 0.73128 0.703 0.66181 0.62137 0.5992 0.6071 0.64097 0.68181 0.71205 0.72886 0.73626 0.73119 0.71231 0.68176 0.64213 0.59684 0.55214 0.51744 0.49154 0.47089 0.46193 0.47684 0.51977
0.55256 0.59546 0.62919 0.64831 0.65388 0.64781 0.63094 0.60817 0.5904 0.58945 0.61164 0.65231 0.69812 0.73743 0.76489 0.77591 0.76883 0.74661 0.71414 0.67512 0.63193 0.5877 0.54929 0.51913 0.49523 0.48137 0.48594 0.51192
0.55732 0.57529 0.58841 0.59504 0.59662 0.59421 0.58871 0.58394 0.5867 0.60321 0.6356 0.68003 0.72768 0.76894 0.79655 0.8061 0.79713 0.77402 0.74309 0.70841 0.67165 0.6348 0.60068 0.5719 0.54906 0.53421 0.53109 0.5403
0.5894 0.58297 0.57636 0.57084 0.56767 0.5673 0.57066 0.58004 0.5979 0.62578 0.66383 0.70929 0.75553 0.79426 0.81891 0.82632 0.8173 0.79657 0.77049 0.7437 0.71807 0.69404 0.67151 0.65028 0.63098 0.61514 0.60369 0.59576
0.58491 0.5698 0.55744 0.55039 0.54967 0.55488 0.56603 0.58388 0.60877 0.6403 0.67796 0.71963 0.75961 0.79018 0.80563 0.80423 0.78793 0.76202 0.73372 0.70892 0.68994 0.67584 0.66393 0.65175 0.63883 0.62612 0.61362 0.60003
0.63168 0.5951 0.5648 0.54531 0.53758 0.5408 0.55506 0.57948 0.61092 0.64668 0.6855 0.72569 0.76245 0.78939 0.80257 0.80184 0.7898 0.77087 0.75199 0.74031 0.7381 0.74179 0.74469 0.74178 0.73265 0.71839 0.69748 0.66786
0.69928 0.64458 0.59727 0.56337 0.54497 0.54176 0.55346 0.57821 0.61032 0.64562 0.68213 0.71795 0.74941 0.77238 0.78515 0.78987 0.78806 0.78161 0.77744 0.78316 0.8 0.82152 0.83829 0.84395 0.83843 0.82296 0.79503 0.75241
0.78005 0.70948 0.64431 0.59258 0.55924 0.54567 0.55103 0.57171 0.60043 0.63184 0.66306 0.69195 0.71638 0.73498 0.74947 0.76353 0.77652 0.78941 0.80775 0.8362 0.87325 0.91087 0.93897 0.95142 0.9487 0.93209 0.89865 0.84631
0.858 0.77255 0.68886 0.61759 0.56734 0.54161 0.53885 0.55305 0.57561 0.60046 0.62402 0.64426 0.66052 0.67406 0.69026 0.71392 0.74525 0.78468 0.83316 0.88891 0.94675 0.99843 1.035 1.0518 1.0505 1.0325 0.99476 0.93505
0.9135 0.81409 0.71358 0.62524 0.56034 0.52355 0.51231 0.51856 0.53315 0.54959 0.56428 0.57548 0.58349 0.59191 0.60887 0.6419 0.69357 0.76265 0.84345 0.92708 1.0049 1.0686 1.111 1.1298 1.1285 1.1087 1.067 1.0006
0.932 0.82114 0.70819 0.6083 0.5336 0.48852 0.46954 0.46802 0.47459 0.48269 0.48897 0.49201 0.49309 0.49809 0.51716 0.56026 0.63144 0.72697 0.83538 0.94236 1.0363 1.1086 1.1538 1.1726 1.1699 1.1476 1.1013 1.0282
0.9066 0.78921 0.67016 0.56527 0.48622 0.43661 0.41268 0.40589 0.40678 0.40864 0.40813 0.40458 0.40105 0.40567 0.42983 0.48357 0.57053 0.68463 0.81085 0.93173 1.0339 1.1094 1.1548 1.1724 1.1674 1.1405 1.0882 1.009
0.83734 0.71938 0.60172 0.49929 0.42231 0.37351 0.34916 0.34111 0.33988 0.33822 0.33278 0.32445 0.31887 0.32587 0.35656 0.41925 0.51547 0.63735 0.76884 0.89216 0.99435 1.0687 1.1133 1.13 1.1211 1.0869 1.0269 0.94246
0.73288 0.61974 0.5109 0.4186 0.3505 0.30844 0.289 0.28433 0.28464 0.28187 0.27299 0.26127 0.25506 0.26488 0.30023 0.36664 0.46314 0.5814 0.70707 0.82438 0.92165 0.99333 1.0374 1.0525 1.0379 0.9948 0.92684 0.83798
0.60902 0.50581 0.4118 0.33543 0.2818 0.25248 0.24423 0.24859 0.25434 0.25223 0.24014 0.2243 0.21555 0.22464 0.2592 0.32177 0.40953 0.5153 0.62813 0.73497 0.82514 0.89285 0.93436 0.94547 0.92428 0.87414 0.8011 0.71063
0.48195 0.39439 0.31954 0.26302 0.22904 0.2193 0.22953 0.24859 0.26219 0.26079 0.24423 0.22122 0.20462 0.20587 0.23154 0.28229 0.35444 0.44237 0.53814 0.63121 0.71184 0.7733 0.80955 0.81472 0.7877 0.73383 0.66043 0.57388
0.36483 0.29819 0.24597 0.21346 0.20536 0.22197 0.25264 0.28123 0.29667 0.29484 0.27743 0.25007 0.2224 0.20763 0.21586 0.24813 0.30046 0.36751 0.44299 0.51919 0.58852 0.64411 0.67651 0.67615 0.64269 0.58579 0.51589 0.43985
0.26945 0.22713 0.20061 0.19679 0.22012 0.26042 0.29604 0.3146 0.31939 0.31924 0.31374 0.29407 0.2595 0.22492 0.20958 0.21974 0.2506 0.29552 0.34914 0.40769 0.46921 0.52614 0.56025 0.55459 0.51069 0.44724 0.38216 0.32231
0.20599 0.18889 0.18969 0.2174 0.27021 0.32023 0.33829 0.32272 0.30427 0.31125 0.33361 0.33559 0.30085 0.24873 0.21008 0.199 0.20956 0.23335 0.26625 0.31041 0.36888 0.43054 0.46679 0.45429 0.39938 0.33158 0.27515 0.23476
0.17898 0.18424 0.20989 0.26575 0.33811 0.38384 0.36689 0.30293 0.25771 0.27742 0.33501 0.36388 0.3336 0.27016 0.21537 0.18888 0.18365 0.19031 0.20647 0.23907 0.29438 0.35724 0.39146 0.3719 0.31159 0.24786 0.20606 0.18604
0.18284 0.2024 0.2439 0.31548 0.39337 0.42383 0.36944 0.26687 0.20962 0.24817 0.3341 0.37964 0.35135 0.28319 0.22292 0.19031 0.17695 0.17377 0.1798 0.20549 0.25835 0.31953 0.34894 0.32364 0.26316 0.20808 0.18069 0.1758
0.20132 0.22356 0.26681 0.33605 0.40391 0.4175 0.34938 0.25015 0.21298 0.26967 0.35625 0.39029 0.35329 0.28514 0.23004 0.2007 0.18785 0.18409 0.19003 0.21745 0.27205 0.33109 0.35414 0.32332 0.26316 0.21357 0.19227 0.19142
0.21443 0.2291 0.26139 0.31374 0.36454 0.37628 0.33741 0.29097 0.2941 0.34767 0.3955 0.39064 0.33833 0.27609 0.23416 0.21441 0.20887 0.21261 0.22725 0.26252 0.31939 0.37286 0.38679 0.35054 0.29064 0.24229 0.21837 0.21137
0.20968 0.21247 0.22966 0.26269 0.3018 0.32907 0.34141 0.35625 0.38549 0.41229 0.40853 0.36732 0.30864 0.26001 0.23326 0.2251 0.23006 0.2446 0.26927 0.30926 0.36119 0.40215 0.40499 0.36632 0.31045 0.26396 0.23476 0.2177
0.18748 0.18144 0.18898 0.21115 0.24649 0.28966 0.33603 0.38056 0.41087 0.41155 0.37903 0.327 0.277 0.24306 0.22789 0.22942 0.24397 0.26742 0.29735 0.33419 0.37284 0.39674 0.38974 0.35349 0.30612 0.26388 0.23064 0.20477
0.15792 0.15062 0.15776 0.17972 0.21619 0.26481 0.31828 0.36318 0.38423 0.37373 0.33825 0.294 0.25527 0.2299 0.2208 0.22783 0.24814 0.27688 0.30887 0.34005 0.36488 0.37377 0.35987 0.32691 0.28596 0.24551 0.20862 0.17822
0.1338 0.13228 0.14583 0.17389 0.2145 0.26306 0.31097 0.34653 0.3595 0.3472 0.3163 0.2785 0.24467 0.22217 0.21479 0.22323 0.2454 0.2767 0.31075 0.34013 0.35739 0.35687 0.3371 0.30239 0.26004 0.21697 0.17877 0.14992
0.12435 0.13188 0.15392 0.1886 0.23212 0.27841 0.31932 0.34622 0.35303 0.33911 0.30987 0.27439 0.24202 0.21991 0.21211 0.21991 0.24202 0.27439 0.30987 0.33911 0.35303 0.34622 0.31932 0.27841 0.23212 0.1886 0.15392 0.13188
0.13234 0.14775 0.17557 0.21256 0.25442 0.29576 0.32987 0.34956 0.35055 0.33418 0.30592 0.27304 0.24282 0.22152 0.21368 0.2214 0.24398 0.27771 0.31532 0.34592 0.35784 0.3445 0.30876 0.26092 0.21266 0.17244 0.14469 0.13116
0.15364 0.17157 0.19903 0.23275 0.27044 0.30953 0.34159 0.35548 0.3474 0.32424 0.29552 0.26651 0.24072 0.22298 0.21797 0.22862 0.25528 0.29522 0.34066 0.37682 0.38702 0.36491 0.31883 0.26452 0.21543 0.17866 0.15618 0.14802
0.17794 0.19054 0.21096 0.23879 0.27682 0.32175 0.35704 0.36411 0.34126 0.30504 0.27228 0.24756 0.22942 0.21956 0.22202 0.24087 0.27866 0.33274 0.38768 0.42096 0.41869 0.3857 0.33921 0.2921 0.24823 0.21112 0.18639 0.17571
0.19208 0.19279 0.20149 0.22224 0.26208 0.31405 0.35114 0.3484 0.30937 0.26197 0.2292 0.21304 0.20648 0.20839 0.22274 0.2559 0.31133 0.37438 0.41527 0.41391 0.38019 0.34718 0.33463 0.32787 0.30376 0.26275 0.22439 0.20124
0.18653 0.1736 0.16859 0.17974 0.21765 0.27132 0.30513 0.29161 0.242 0.19354 0.17045 0.16863 0.1756 0.18984 0.21772 0.2682 0.33608 0.38534 0.37619 0.30876 0.24083 0.23782 0.29999 0.35992 0.36101 0.31065 0.25097 0.20995
0.163 0.14133 0.12713 0.1324 0.16948 0.22298 0.25168 0.2295 0.17568 0.13254 0.12109 0.13091 0.14688 0.16932 0.20771 0.27081 0.33792 0.35704 0.28962 0.16958 0.096424 0.14201 0.27242 0.37848 0.38907 0.32576 0.24888 0.19536
0.13797 0.1194 0.1099 0.12348 0.16999 0.22793 0.25316 0.22392 0.16583 0.12233 0.111 0.11934 0.13364 0.15609 0.19745 0.26325 0.32289 0.32078 0.23011 0.10666 0.05409 0.1244 0.26511 0.36616 0.36685 0.29698 0.21864 0.16726
0.13561 0.13445 0.14597 0.18295 0.24836 0.31385 0.33568 0.29839 0.23162 0.17742 0.15171 0.14443 0.14563 0.15814 0.19234 0.25142 0.3045 0.30287 0.22933 0.13597 0.10305 0.16124 0.26279 0.32492 0.30882 0.24386 0.18176 0.14829
0.17375 0.1994 0.23952 0.30203 0.382 0.44851 0.46379 0.41971 0.34599 0.27935 0.23378 0.20366 0.18381 0.17786 0.19516 0.23897 0.28517 0.29665 0.25997 0.20829 0.19057 0.22129 0.26755 0.28225 0.25071 0.19957 0.16595 0.16042
0.25565 0.31024 0.37577 0.45289 0.53232 0.58852 0.59536 0.5508 0.47864 0.40505 0.34068 0.28547 0.24061 0.21116 0.20485 0.22578 0.26042 0.28436 0.2856 0.2752 0.27102 0.27532 0.27345 0.25169 0.21529 0.18763 0.18778 0.21311
0.37218 0.45299 0.53756 0.61943 0.68947 0.73153 0.73124 0.68955 0.62125 0.54096 0.45686 0.37595 0.30515 0.25068 0.21871 0.21352 0.2314 0.25829 0.28188 0.29647 0.29913 0.28744 0.26223 0.2312 0.21004 0.21475 0.24713 0.30164
0.50886 0.60992 0.70719 0.79181 0.85522 0.88726 0.88055 0.8371 0.7653 0.67332 0.56935 0.46409 0.36843 0.29037 0.23581 0.20892 0.20907 0.22871 0.25499 0.27486 0.27876 0.26556 0.2442 0.23032 0.23837 0.27352 0.33366 0.41401
0.65068 0.76439 0.86725 0.95158 1.0102 1.035 1.0216 0.97249 0.89339 0.78936 0.66768 0.54087 0.42321 0.32584 0.25602 0.21708 0.20689 0.21758 0.23736 0.25365 0.25852 0.25369 0.24957 0.25913 0.29183 0.35081 0.43414 0.53684
0.78163 0.9016 1.0044 1.0838 1.1344 1.1516 1.1333 1.0801 0.9942 0.87916 0.74268 0.59853 0.46407 0.35459 0.27909 0.23885 0.22816 0.23662 0.25234 0.2655 0.27188 0.2746 0.28255 0.30646 0.35472 0.43093 0.53333 0.6544
0.8842 1.0071 1.1073 1.1788 1.2194 1.2297 1.2084 1.152 1.0596 0.93566 0.78916 0.63471 0.49216 0.3802 0.30845 0.27519 0.2705 0.28114 0.29532 0.30598 0.31171 0.31621 0.3276 0.35643 0.41208 0.49915 0.615 0.74868
0.94414 1.067 1.1638 1.2281 1.2606 1.2653 1.2405 1.18 1.0829 0.95576 0.80871 0.65575 0.51729 0.41322 0.35216 0.3294 0.33174 0.34416 0.35598 0.36254 0.3641 0.3647 0.37257 0.39922 0.45547 0.54643 0.66788 0.80622
0.95562 1.0736 1.1656 1.2245 1.2518 1.2518 1.2224 1.1585 1.062 0.94199 0.80786 0.67151 0.55169 0.46541 0.41799 0.40334 0.40886 0.41969 0.42656 0.42631 0.41992 0.41205 0.41158 0.43117 0.48246 0.57022 0.68867 0.82278
0.92085 1.0297 1.1151 1.1695 1.1933 1.1895 1.1564 1.0922 1.0028 0.8991 0.79012 0.6859 0.59936 0.53878 0.50433 0.49203 0.49468 0.49992 0.49899 0.48927 0.47225 0.45348 0.44291 0.45336 0.49492 0.5717 0.67805 0.79959
0.84853 0.94696 1.0254 1.0753 1.0959 1.0894 1.0551 0.99417 0.91559 0.83296 0.75715 0.69566 0.65083 0.61856 0.59498 0.58163 0.5784 0.57534 0.56463 0.54432 0.51661 0.48781 0.46898 0.46998 0.49722 0.55463 0.63974 0.74209
0.75606 0.84351 0.914 0.95829 0.9756 0.96823 0.93606 0.88177 0.81663 0.75702 0.71584 0.6962 0.68923 0.68146 0.66863 0.65727 0.65 0.6382 0.61767 0.58797 0.55201 0.51622 0.49144 0.48317 0.49356 0.52683 0.5857 0.66566
0.66703 0.74077 0.80034 0.83705 0.85105 0.84487 0.81847 0.77521 0.72701 0.69066 0.67823 0.68843 0.70651 0.71706 0.7175 0.71361 0.70431 0.68509 0.65659 0.62042 0.57962 0.53943 0.50947 0.49265 0.48819 0.50026 0.53541 0.59387
0.60094 0.6567 0.70144 0.72865 0.73944 0.7361 0.7186 0.6904 0.6623 0.64788 0.65568 0.68216 0.71351 0.73752 0.75119 0.75375 0.74185 0.71723 0.68372 0.64467 0.60255 0.56068 0.52653 0.50333 0.48966 0.48859 0.50701 0.5468
0.56615 0.59982 0.62649 0.64287 0.65047 0.65072 0.64373 0.63269 0.62561 0.63105 0.65317 0.68835 0.72667 0.75866 0.77808 0.78079 0.76627 0.73839 0.70321 0.66499 0.62559 0.58709 0.55344 0.52826 0.5112 0.50398 0.51108 0.53359
0.56202 0.57114 0.57814 0.58302 0.58706 0.59061 0.59388 0.59923 0.61083 0.63226 0.66461 0.70482 0.74562 0.77844 0.79679 0.79735 0.7808 0.75225 0.71876 0.68522 0.65346 0.62448 0.59934 0.57849 0.56224 0.55183 0.549 0.55337
0.56364 0.56379 0.5649 0.56848 0.57542 0.58519 0.5973 0.61273 0.63318 0.65975 0.69248 0.72905 0.7635 0.78805 0.7969 0.78805 0.7635 0.72905 0.69248 0.65975 0.63318 0.61273 0.5973 0.58519 0.57542 0.56848 0.5649 0.56379
0.5771 0.55318 0.53532 0.52753 0.53009 0.54107 0.55984 0.5861 0.61797 0.65341 0.69113 0.72938 0.76322 0.78564 0.79186 0.78142 0.75732 0.72551 0.6943 0.67118 0.659 0.65537 0.65475 0.652 0.64542 0.63545 0.6213 0.60141
0.61772 0.57215 0.53659 0.51673 0.51241 0.52049 0.53988 0.57043 0.60739 0.64625 0.68499 0.72173 0.75239 0.77166 0.77652 0.76827 0.75012 0.72581 0.70418 0.69512 0.70145 0.71725 0.7326 0.73963 0.73662 0.72428 0.70057 0.66364
0.68429 0.62014 0.56687 0.53161 0.51546 0.51563 0.53041 0.559 0.59567 0.63361 0.66979 0.70189 0.72717 0.743 0.74973 0.75087 0.74507 0.73408 0.72808 0.73777 0.76457 0.79944 0.82929 0.84502 0.8452 0.83069 0.79874 0.74781
0.7688 0.68809 0.6154 0.55979 0.52594 0.51361 0.52075 0.54436 0.577 0.61059 0.64094 0.6656 0.68365 0.69566 0.70718 0.72025 0.73142 0.74248 0.76217 0.79719 0.84565 0.89726 0.93845 0.96055 0.96275 0.94602 0.90742 0.84596
0.85369 0.7575 0.66455 0.58644 0.53248 0.50582 0.50409 0.52107 0.54683 0.57303 0.59491 0.61034 0.61995 0.62746 0.64158 0.66543 0.69797 0.74058 0.79547 0.86105 0.93149 0.99711 1.0461 1.0715 1.0741 1.0549 1.0112 0.94188
0.91766 0.80708 0.69615 0.59902 0.52825 0.48901 0.47817 0.48665 0.50322 0.51988 0.53205 0.53811 0.53952 0.54203 0.55666 0.59086 0.64736 0.72498 0.81694 0.913 1.0041 1.0813 1.1348 1.1608 1.162 1.1403 1.0922 1.0161
0.94483 0.82274 0.69917 0.59009 0.5089 0.46062 0.44121 0.44049 0.44758 0.45475 0.45801 0.45612 0.45136 0.45116 0.46828 0.51391 0.5927 0.7 0.82195 0.9425 1.0499 1.1347 1.1895 1.2136 1.2122 1.1875 1.1349 1.0522
0.92696 0.79911 0.67025 0.55697 0.47185 0.41872 0.39318 0.38564 0.38565 0.38576 0.38223 0.3746 0.36675 0.36815 0.39187 0.44951 0.54503 0.67116 0.81071 0.9449 1.0599 1.1464 1.1994 1.2206 1.2158 1.1861 1.1278 1.0397
0.86265 0.73572 0.60982 0.50046 0.41821 0.36573 0.33888 0.32897 0.32602 0.32232 0.31428 0.30308 0.2951 0.30117 0.33341 0.40083 0.50505 0.63739 0.78054 0.91563 1.0288 1.1123 1.1629 1.182 1.1723 1.1348 1.069 0.9767
0.75909 0.63871 0.52351 0.42593 0.35354 0.30814 0.28625 0.27981 0.27857 0.27401 0.26302 0.24934 0.24211 0.25255 0.29057 0.36172 0.4649 0.59148 0.72662 0.85366 0.9599 1.0388 1.0876 1.1044 1.0884 1.0414 0.96762 0.87173
0.63137 0.52263 0.42406 0.34402 0.28753 0.25636 0.24734 0.25158 0.25693 0.25352 0.23934 0.22151 0.21179 0.22152 0.25841 0.32477 0.4175 0.52944 0.64949 0.76394 0.86117 0.93474 0.98023 0.99258 0.96947 0.91489 0.83604 0.73922
0.4964 0.40499 0.32724 0.26881 0.23418 0.2253 0.23758 0.25825 0.27204 0.26952 0.25112 0.22607 0.20757 0.20797 0.23426 0.28699 0.3622 0.45417 0.5549 0.65363 0.74009 0.80687 0.84681 0.85277 0.82318 0.76439 0.68521 0.59311
0.3688 0.3001 0.2467 0.2143 0.20809 0.22765 0.25948 0.28731 0.30145 0.29927 0.28277 0.2564 0.22816 0.21115 0.21761 0.24967 0.30309 0.37211 0.45044 0.53075 0.60559 0.66753 0.70457 0.70452 0.66674 0.60326 0.52733 0.44688
0.26206 0.21966 0.19385 0.19219 0.21857 0.25833 0.28851 0.2998 0.30048 0.30243 0.30427 0.29262 0.26192 0.22611 0.20728 0.21524 0.24529 0.29015 0.3446 0.40612 0.47383 0.53857 0.57804 0.57176 0.52154 0.44988 0.3786 0.31583
0.18857 0.17355 0.17707 0.20851 0.26193 0.30443 0.30744 0.27686 0.25205 0.26444 0.30148 0.31999 0.29534 0.24467 0.20236 0.18767 0.19566 0.21731 0.24876 0.2938 0.35679 0.42499 0.46547 0.45148 0.39031 0.31588 0.25604 0.21567
0.15524 0.16463 0.1948 0.25492 0.3251 0.35736 0.31811 0.23438 0.18179 0.20862 0.28519 0.33647 0.32102 0.26131 0.20317 0.17216 0.16284 0.16523 0.17679 0.20609 0.26134 0.32676 0.36284 0.34195 0.27846 0.21329 0.17361 0.1579
0.15782 0.18288 0.23015 0.30632 0.38139 0.39676 0.31813 0.19464 0.12988 0.17638 0.28283 0.35177 0.3382 0.27319 0.20905 0.17132 0.1528 0.14352 0.14192 0.16027 0.20865 0.26866 0.29817 0.27272 0.21312 0.16209 0.14173 0.14446
0.17941 0.20751 0.25681 0.33097 0.3973 0.39853 0.30991 0.19324 0.15125 0.2173 0.32242 0.37421 0.34603 0.27755 0.21747 0.18282 0.16443 0.15381 0.15111 0.16999 0.21867 0.27518 0.29786 0.26804 0.21117 0.16808 0.15539 0.16284
0.19795 0.21784 0.25537 0.31231 0.36335 0.36824 0.31757 0.26213 0.26518 0.32702 0.38595 0.38868 0.33757 0.27165 0.22454 0.19993 0.18922 0.18671 0.19402 0.22246 0.27474 0.32618 0.33992 0.30494 0.24838 0.2058 0.18912 0.18907
0.19881 0.20556 0.22647 0.26286 0.30332 0.32888 0.33799 0.3515 0.38303 0.41398 0.41319 0.37197 0.31044 0.25753 0.2268 0.21479 0.21549 0.22513 0.24464 0.28031 0.32958 0.36944 0.37222 0.33445 0.28084 0.23832 0.21423 0.2023
0.18117 0.17766 0.18729 0.21117 0.24771 0.2914 0.3383 0.38413 0.41619 0.41789 0.38483 0.33084 0.27812 0.24164 0.22402 0.2229 0.23434 0.25429 0.28079 0.31496 0.35203 0.37525 0.3682 0.33256 0.28677 0.24729 0.21762 0.19535
0.15472 0.14868 0.15659 0.17894 0.21563 0.26461 0.31871 0.36449 0.38633 0.37605 0.34005 0.29492 0.25528 0.22895 0.21869 0.2242 0.2426 0.26913 0.2989 0.32824 0.35183 0.36011 0.34622 0.31393 0.27436 0.23597 0.20146 0.17325
0.13234 0.13116 0.14469 0.17244 0.21266 0.26092 0.30876 0.3445 0.35784 0.34592 0.31532 0.27771 0.24398 0.2214 0.21368 0.22152 0.24282 0.27304 0.30592 0.33418 0.35055 0.34956 0.32987 0.29576 0.25442 0.21256 0.17557 0.14775
0.12373 0.13117 0.15294 0.18723 0.23032 0.27623 0.31691 0.34379 0.3508 0.33724 0.3084 0.2733 0.24125 0.21933 0.21161 0.21933 0.24125 0.2733 0.3084 0.33724 0.3508 0.34379 0.31691 0.27623 0.23032 0.18723 0.15294 0.13117
0.13234 0.14775 0.17557 0.21256 0.25442 0.29576 0.32987 0.34956 0.35055 0.33418 0.30592 0.27304 0.24282 0.22152 0.21368 0.2214 0.24398 0.27771 0.31532 0.34592 0.35784 0.3445 0.30876 0.26092 0.21266 0.17244 0.14469 0.13116
0.15472 0.17325 0.20146 0.23597 0.27436 0.31393 0.34622 0.36011 0.35183 0.32824 0.2989 0.26913 0.2426 0.2242 0.21869 0.22895 0.25528 0.29492 0.34005 0.37605 0.38633 0.36449 0.31871 0.26461 0.21563 0.17894 0.15659 0.14868
0.18117 0.19535 0.21762 0.24729 0.28677 0.33256 0.3682 0.37525 0.35203 0.31496 0.28079 0.25429 0.23434 0.2229 0.22402 0.24164 0.27812 0.33084 0.38483 0.41789 0.41619 0.38413 0.3383 0.2914 0.24771 0.21117 0.18729 0.17766
0.19881 0.2023 0.21423 0.23832 0.28084 0.33445 0.37222 0.36944 0.32958 0.28031 0.24464 0.22513 0.21549 0.21479 0.2268 0.25753 0.31044 0.37197 0.41319 0.41398 0.38303 0.3515 0.33799 0.32888 0.30332 0.26286 0.22647 0.20556
0.19795 0.18907 0.18912 0.2058 0.24838 0.30494 0.33992 0.32618 0.27474 0.22246 0.19402 0.18671 0.18922 0.19993 0.22454 0.27165 0.33757 0.38868 0.38595 0.32702 0.26518 0.26213 0.31757 0.36824 0.36335 0.31231 0.25537 0.21784
0.17941 0.16284 0.15539 0.16808 0.21117 0.26804 0.29786 0.27518 0.21867 0.16999 0.15111 0.15381 0.16443 0.18282 0.21747 0.27755 0.34603 0.37421 0.32242 0.2173 0.15125 0.19324 0.30991 0.39853 0.3973 0.33097 0.25681 0.20751
0.15782 0.14446 0.14173 0.16209 0.21312 0.27272 0.29817 0.26866 0.20865 0.16027 0.14192 0.14352 0.1528 0.17132 0.20905 0.27319 0.3382 0.35177 0.28283 0.17638 0.12988 0.19464 0.31813 0.39676 0.38139 0.30632 0.23015 0.18288
0.15524 0.1579 0.17361 0.21329 0.27846 0.34195 0.36284 0.32676 0.26134 0.20609 0.17679 0.16523 0.16284 0.17216 0.20317 0.26131 0.32102 0.33647 0.28519 0.20862 0.18179 0.23438 0.31811 0.35736 0.3251 0.25492 0.1948 0.16463
0.18857 0.21567 0.25604 0.31588 0.39031 0.45148 0.46547 0.42499 0.35679 0.2938 0.24876 0.21731 0.19566 0.18767 0.20236 0.24467 0.29534 0.31999 0.30148 0.26444 0.25205 0.27686 0.30744 0.30443 0.26193 0.20851 0.17707 0.17355
0.26206 0.31583 0.3786 0.44988 0.52154 0.57176 0.57804 0.53857 0.47383 0.40612 0.3446 0.29015 0.24529 0.21524 0.20728 0.22611 0.26192 0.29262 0.30427 0.30243 0.30048 0.2998 0.28851 0.25833 0.21857 0.19219 0.19385 0.21966
0.3688 0.44688 0.52733 0.60326 0.66674 0.70452 0.70457 0.66753 0.60559 0.53075 0.45044 0.37211 0.30309 0.24967 0.21761 0.21115 0.22816 0.2564 0.28277 0.29927 0.30145 0.28731 0.25948 0.22765 0.20809 0.2143 0.2467 0.3001
0.4964 0.59311 0.68521 0.76439 0.82318 0.85277 0.84681 0.80687 0.74009 0.65363 0.5549 0.45417 0.3622 0.28699 0.23426 0.20797 0.20757 0.22607 0.25112 0.26952 0.27204 0.25825 0.23758 0.2253 0.23418 0.26881 0.32724 0.40499
0.63137 0.73922 0.83604 0.91489 0.96947 0.99258 0.98023 0.93474 0.86117 0.76394 0.64949 0.52944 0.4175 0.32477 0.25841 0.22152 0.21179 0.22151 0.23934 0.25352 0.25693 0.25158 0.24734 0.25636 0.28753 0.34402 0.42406 0.52263
0.75909 0.87173 0.96762 1.0414 1.0884 1.1044 1.0876 1.0388 0.9599 0.85366 0.72662 0.59148 0.4649 0.36172 0.29057 0.25255 0.24211 0.24934 0.26302 0.27401 0.27857 0.27981 0.28625 0.30814 0.35354 0.42593 0.52351 0.63871
0.86265 0.9767 1.069 1.1348 1.1723 1.182 1.1629 1.1123 1.0288 0.91563 0.78054 0.63739 0.50505 0.40083 0.33341 0.30117 0.2951 0.30308 0.31428 0.32232 0.32602 0.32897 0.33888 0.36573 0.41821 0.50046 0.60982 0.73572
0.92696 1.0397 1.1278 1.1861 1.2158 1.2206 1.1994 1.1464 1.0599 0.9449 0.81071 0.67116 0.54503 0.44951 0.39187 0.36815 0.36675 0.3746 0.38223 0.38576 0.38565 0.38564 0.39318 0.41872 0.47185 0.55697 0.67025 0.79911
0.94483 1.0522 1.1349 1.1875 1.2122 1.2136 1.1895 1.1347 1.0499 0.9425 0.82195 0.7 0.5927 0.51391 0.46828 0.45116 0.45136 0.45612 0.45801 0.45475 0.44758 0.44049 0.44121 0.46062 0.5089 0.59009 0.69917 0.82274
0.91766 1.0161 1.0922 1.1403 1.162 1.1608 1.1348 1.0813 1.0041 0.913 0.81694 0.72498 0.64736 0.59086 0.55666 0.54203 0.53952 0.53811 0.53205 0.51988 0.50322 0.48665 0.47817 0.48901 0.52825 0.59902 0.69615 0.80708
0.85369 0.94188 1.0112 1.0549 1.0741 1.0715 1.0461 0.99711 0.93149 0.86105 0.79547 0.74058 0.69797 0.66543 0.64158 0.62746 0.61995 0.61034 0.59491 0.57303 0.54683 0.52107 0.50409 0.50582 0.53248 0.58644 0.66455 0.7575
0.7688 0.84596 0.90742 0.94602 0.96275 0.96055 0.93845 0.89726 0.84565 0.79719 0.76217 0.74248 0.73142 0.72025 0.70718 0.69566 0.68365 0.6656 0.64094 0.61059 0.577 0.54436 0.52075 0.51361 0.52594 0.55979 0.6154 0.68809
0.68429 0.74781 0.79874 0.83069 0.8452 0.84502 0.82929 0.79944 0.76457 0.73777 0.72808 0.73408 0.74507 0.75087 0.74973 0.743 0.72717 0.70189 0.66979 0.63361 0.59567 0.559 0.53041 0.51563 0.51546 0.53161 0.56687 0.62014
0.61772 0.66364 0.70057 0.72428 0.73662 0.73963 0.7326 0.71725 0.70145 0.69512 0.70418 0.72581 0.75012 0.76827 0.77652 0.77166 0.75239 0.72173 0.68499 0.64625 0.60739 0.57043 0.53988 0.52049 0.51241 0.51673 0.53659 0.57215
0.5771 0.60141 0.6213 0.63545 0.64542 0.652 0.65475 0.65537 0.659 0.67118 0.6943 0.72551 0.75732 0.78142 0.79186 0.78564 0.76322 0.72938 0.69113 0.65341 0.61797 0.5861 0.55984 0.54107 0.53009 0.52753 0.53532 0.55318
0.58491 0.60003 0.61362 0.62612 0.63883 0.65175 0.66393 0.67584 0.68994 0.70892 0.73372 0.76202 0.78793 0.80423 0.80563 0.79018 0.75961 0.71963 0.67796 0.6403 0.60877 0.58388 0.56603 0.55488 0.54967 0.55039 0.55744 0.5698
0.56202 0.55337 0.549 0.55183 0.56224 0.57849 0.59934 0.62448 0.65346 0.68522 0.71876 0.75225 0.7808 0.79735 0.79679 0.77844 0.74562 0.70482 0.66461 0.63226 0.61083 0.59923 0.59388 0.59061 0.58706 0.58302 0.57814 0.57114
0.56615 0.53359 0.51108 0.50398 0.5112 0.52826 0.55344 0.58709 0.62559 0.66499 0.70321 0.73839 0.76627 0.78079 0.77808 0.75866 0.72667 0.68835 0.65317 0.63105 0.62561 0.63269 0.64373 0.65072 0.65047 0.64287 0.62649 0.59982
0.60094 0.5468 0.50701 0.48859 0.48966 0.50333 0.52653 0.56068 0.60255 0.64467 0.68372 0.71723 0.74185 0.75375 0.75119 0.73752 0.71351 0.68216 0.65568 0.64788 0.6623 0.6904 0.7186 0.7361 0.73944 0.72865 0.70144 0.6567
0.66703 0.59387 0.53541 0.50026 0.48819 0.49265 0.50947 0.53943 0.57962 0.62042 0.65659 0.68509 0.70431 0.71361 0.7175 0.71706 0.70651 0.68843 0.67823 0.69066 0.72701 0.77521 0.81847 0.84487 0.85105 0.83705 0.80034 0.74077
0.75606 0.66566 0.5857 0.52683 0.49356 0.48317 0.49144 0.51622 0.55201 0.58797 0.61767 0.6382 0.65 0.65727 0.66863 0.68146 0.68923 0.6962 0.71584 0.75702 0.81663 0.88177 0.93606 0.96823 0.9756 0.95829 0.914 0.84351
0.84853 0.74209 0.63974 0.55463 0.49722 0.46998 0.46898 0.48781 0.51661 0.54432 0.56463 0.57534 0.5784 0.58163 0.59498 0.61856 0.65083 0.69566 0.75715 0.83296 0.91559 0.99417 1.0551 1.0894 1.0959 1.0753 1.0254 0.94696
0.92085 0.79959 0.67805 0.5717 0.49492 0.45336 0.44291 0.45348 0.47225 0.48927 0.49899 0.49992 0.49468 0.49203 0.50433 0.53878 0.59936 0.6859 0.79012 0.8991 1.0028 1.0922 1.1564 1.1895 1.1933 1.1695 1.1151 1.0297
0.95562 0.82278 0.68867 0.57022 0.48246 0.43117 0.41158 0.41205 0.41992 0.42631 0.42656 0.41969 0.40886 0.40334 0.41799 0.46541 0.55169 0.67151 0.80786 0.94199 1.062 1.1585 1.2224 1.2518 1.2518 1.2245 1.1656 1.0736
0.94414 0.80622 0.66788 0.54643 0.45547 0.39922 0.37257 0.3647 0.3641 0.36254 0.35598 0.34416 0.33174 0.3294 0.35216 0.41322 0.51729 0.65575 0.80871 0.95576 1.0829 1.18 1.2405 1.2653 1.2606 1.2281 1.1638 1.067
0.8842 0.74868 0.615 0.49915 0.41208 0.35643 0.3276 0.31621 0.31171 0.30598 0.29532 0.28114 0.2705 0.27519 0.30845 0.3802 0.49216 0.63471 0.78916 0.93566 1.0596 1.152 1.2084 1.2297 1.2194 1.1788 1.1073 1.0071
0.78163 0.6544 0.53333 0.43093 0.35472 0.30646 0.28255 0.2746 0.27188 0.2655 0.25234 0.23662 0.22816 0.23885 0.27909 0.35459 0.46407 0.59853 0.74268 0.87916 0.9942 1.0801 1.1333 1.1516 1.1344 1.0838 1.0044 0.9016
0.65068 0.53684 0.43414 0.35081 0.29183 0.25913 0.24957 0.25369 0.25852 0.25365 0.23736 0.21758 0.20689 0.21708 0.25602 0.32584 0.42321 0.54087 0.66768 0.78936 0.89339 0.97249 1.0216 1.035 1.0102 0.95158 0.86725 0.76439
0.50886 0.41401 0.33366 0.27352 0.23837 0.23032 0.2442 0.26556 0.27876 0.27486 0.25499 0.22871 0.20907 0.20892 0.23581 0.29037 0.36843 0.46409 0.56935 0.67332 0.7653 0.8371 0.88055 0.88726 0.85522 0.79181 0.70719 0.60992
0.37218 0.30164 0.24713 0.21475 0.21004 0.2312 0.26223 0.28744 0.29913 0.29647 0.28188 0.25829 0.2314 0.21352 0.21871 0.25068 0.30515 0.37595 0.45686 0.54096 0.62125 0.68955 0.73124 0.73153 0.68947 0.61943 0.53756 0.45299
0.25565 0.21311 0.18778 0.18763 0.21529 0.25169 0.27345 0.27532 0.27102 0.2752 0.2856 0.28436 0.26042 0.22578 0.20485 0.21116 0.24061 0.28547 0.34068 0.40505 0.47864 0.5508 0.59536 0.58852 0.53232 0.45289 0.37577 0.31024
0.17375 0.16042 0.16595 0.19957 0.25071 0.28225 0.26755 0.22129 0.19057 0.20829 0.25997 0.29665 0.28517 0.23897 0.19516 0.17786 0.18381 0.20366 0.23378 0.27935 0.34599 0.41971 0.46379 0.44851 0.382 0.30203 0.23952 0.1994
0.13561 0.14829 0.18176 0.24386 0.30882 0.32492 0.26279 0.16124 0.10305 0.13597 0.22933 0.30287 0.3045 0.25142 0.19234 0.15814 0.14563 0.14443 0.15171 0.17742 0.23162 0.29839 0.33568 0.31385 0.24836 0.18295 0.14597 0.13445
0.13797 0.16726 0.21864 0.29698 0.36685 0.36616 0.26511 0.1244 0.05409 0.10666 0.23011 0.32078 0.32289 0.26325 0.19745 0.15609 0.13364 0.11934 0.111 0.12233 0.16583 0.22392 0.25316 0.22793 0.16999 0.12348 0.1099 0.1194
0.163 0.19536 0.24888 0.32576 0.38907 0.37848 0.27242 0.14201 0.096424 0.16958 0.28962 0.35704 0.33792 0.27081 0.20771 0.16932 0.14688 0.13091 0.12109 0.13254 0.17568 0.2295 0.25168 0.22298 0.16948 0.1324 0.12713 0.14133
0.18653 0.20995 0.25097 0.31065 0.36101 0.35992 0.29999 0.23782 0.24083 0.30876 0.37619 0.38534 0.33608 0.2682 0.21772 0.18984 0.1756 0.16863 0.17045 0.19354 0.242 0.29161 0.30513 0.27132 0.21765 0.17974 0.16859 0.1736
0.19208 0.20124 0.22439 0.26275 0.30376 0.32787 0.33463 0.34718 0.38019 0.41391 0.41527 0.37438 0.31133 0.2559 0.22274 0.20839 0.20648 0.21304 0.2292 0.26197 0.30937 0.3484 0.35114 0.31405 0.26208 0.22224 0.20149 0.19279
0.17794 0.17571 0.18639 0.21112 0.24823 0.2921 0.33921 0.3857 0.41869 0.42096 0.38768 0.33274 0.27866 0.24087 0.22202 0.21956 0.22942 0.24756 0.27228 0.30504 0.34126 0.36411 0.35704 0.32175 0.27682 0.23879 0.21096 0.19054
0.15364 0.14802 0.15618 0.17866 0.21543 0.26452 0.31883 0.36491 0.38702 0.37682 0.34066 0.29522 0.25528 0.22862 0.21797 0.22298 0.24072 0.26651 0.29552 0.32424 0.3474 0.35548 0.34159 0.30953 0.27044 0.23275 0.19903 0.17157
0.13234 0.13116 0.14469 0.17244 0.21266 0.26092 0.30876 0.3445 0.35784 0.34592 0.31532 0.27771 0.24398 0.2214 0.21368 0.22152 0.24282 0.27304 0.30592 0.33418 0.35055 0.34956 0.32987 0.29576 0.25442 0.21256 0.17557 0.14775
0.12435 0.13188 0.15392 0.1886 0.23212 0.27841 0.31932 0.34622 0.35303 0.33911 0.30987 0.27439 0.24202 0.21991 0.21211 0.21991 0.24202 0.27439 0.30987 0.33911 0.35303 0.34622 0.31932 0.27841 0.23212 0.1886 0.15392 0.13188
0.1338 0.14992 0.17877 0.21697 0.26004 0.30239 0.3371 0.35687 0.35739 0.34013 0.31075 0.2767 0.2454 0.22323 0.21479 0.22217 0.24467 0.2785 0.3163 0.3472 0.3595 0.34653 0.31097 0.26306 0.2145 0.17389 0.14583 0.13228
0.15792 0.17822 0.20862 0.24551 0.28596 0.32691 0.35987 0.37377 0.36488 0.34005 0.30887 0.27688 0.24814 0.22783 0.2208 0.2299 0.25527 0.294 0.33825 0.37373 0.38423 0.36318 0.31828 0.26481 0.21619 0.17972 0.15776 0.15062
0.18748 0.20477 0.23064 0.26388 0.30612 0.35349 0.38974 0.39674 0.37284 0.33419 0.29735 0.26742 0.24397 0.22942 0.22789 0.24306 0.277 0.327 0.37903 0.41155 0.41087 0.38056 0.33603 0.28966 0.24649 0.21115 0.18898 0.18144
0.20968 0.2177 0.23476 0.26396 0.31045 0.36632 0.40499 0.40215 0.36119 0.30926 0.26927 0.2446 0.23006 0.2251 0.23326 0.26001 0.30864 0.36732 0.40853 0.41229 0.38549 0.35625 0.34141 0.32907 0.3018 0.26269 0.22966 0.21247
0.21443 0.21137 0.21837 0.24229 0.29064 0.35054 0.38679 0.37286 0.31939 0.26252 0.22725 0.21261 0.20887 0.21441 0.23416 0.27609 0.33833 0.39064 0.3955 0.34767 0.2941 0.29097 0.33741 0.37628 0.36454 0.31374 0.26139 0.2291
0.20132 0.19142 0.19227 0.21357 0.26316 0.32332 0.35414 0.33109 0.27205 0.21745 0.19003 0.18409 0.18785 0.2007 0.23004 0.28514 0.35329 0.39029 0.35625 0.26967 0.21298 0.25015 0.34938 0.4175 0.40391 0.33605 0.26681 0.22356
0.18284 0.1758 0.18069 0.20808 0.26316 0.32364 0.34894 0.31953 0.25835 0.20549 0.1798 0.17377 0.17695 0.19031 0.22292 0.28319 0.35135 0.37964 0.3341 0.24817 0.20962 0.26687 0.36944 0.42383 0.39337 0.31548 0.2439 0.2024
0.17898 0.18604 0.20606 0.24786 0.31159 0.3719 0.39146 0.35724 0.29438 0.23907 0.20647 0.19031 0.18365 0.18888 0.21537 0.27016 0.3336 0.36388 0.33501 0.27742 0.25771 0.30293 0.36689 0.38384 0.33811 0.26575 0.20989 0.18424
0.20599 0.23476 0.27515 0.33158 0.39938 0.45429 0.46679 0.43054 0.36888 0.31041 0.26625 0.23335 0.20956 0.199 0.21008 0.24873 0.30085 0.33559 0.33361 0.31125 0.30427 0.32272 0.33829 0.32023 0.27021 0.2174 0.18969 0.18889
0.26945 0.32231 0.38216 0.44724 0.51069 0.55459 0.56025 0.52614 0.46921 0.40769 0.34914 0.29552 0.2506 0.21974 0.20958 0.22492 0.2595 0.29407 0.31374 0.31924 0.31939 0.3146 0.29604 0.26042 0.22012 0.19679 0.20061 0.22713
0.36483 0.43985 0.51589 0.58579 0.64269 0.67615 0.67651 0.64411 0.58852 0.51919 0.44299 0.36751 0.30046 0.24813 0.21586 0.20763 0.2224 0.25007 0.27743 0.29484 0.29667 0.28123 0.25264 0.22197 0.20536 0.21346 0.24597 0.29819
0.48195 0.57388 0.66043 0.73383 0.7877 0.81472 0.80955 0.7733 0.71184 0.63121 0.53814 0.44237 0.35444 0.28229 0.23154 0.20587 0.20462 0.22122 0.24423 0.26079 0.26219 0.24859 0.22953 0.2193 0.22904 0.26302 0.31954 0.39439
0.60902 0.71063 0.8011 0.87414 0.92428 0.94547 0.93436 0.89285 0.82514 0.73497 0.62813 0.5153 0.40953 0.32177 0.2592 0.22464 0.21555 0.2243 0.24014 0.25223 0.25434 0.24859 0.24423 0.25248 0.2818 0.33543 0.4118 0.50581
0.73288 0.83798 0.92684 0.9948 1.0379 1.0525 1.0374 0.99333 0.92165 0.82438 0.70707 0.5814 0.46314 0.36664 0.30023 0.26488 0.25506 0.26127 0.27299 0.28187 0.28464 0.28433 0.289 0.30844 0.3505 0.4186 0.5109 0.61974
0.83734 0.94246 1.0269 1.0869 1.1211 1.13 1.1133 1.0687 0.99435 0.89216 0.76884 0.63735 0.51547 0.41925 0.35656 0.32587 0.31887 0.32445 0.33278 0.33822 0.33988 0.34111 0.34916 0.37351 0.42231 0.49929 0.60172 0.71938
0.9066 1.009 1.0882 1.1405 1.1674 1.1724 1.1548 1.1094 1.0339 0.93173 0.81085 0.68463 0.57053 0.48357 0.42983 0.40567 0.40105 0.40458 0.40813 0.40864 0.40678 0.40589 0.41268 0.43661 0.48622 0.56527 0.67016 0.78921
0.932 1.0282 1.1013 1.1476 1.1699 1.1726 1.1538 1.1086 1.0363 0.94236 0.83538 0.72697 0.63144 0.56026 0.51716 0.49809 0.49309 0.49201 0.48897 0.48269 0.47459 0.46802 0.46954 0.48852 0.5336 0.6083 0.70819 0.82114
0.9135 1.0006 1.067 1.1087 1.1285 1.1298 1.111 1.0686 1.0049 0.92708 0.84345 0.76265 0.69357 0.6419 0.60887 0.59191 0.58349 0.57548 0.56428 0.54959 0.53315 0.51856 0.51231 0.52355 0.56034 0.62524 0.71358 0.81409
0.858 0.93505 0.99476 1.0325 1.0505 1.0518 1.035 0.99843 0.94675 0.88891 0.83316 0.78468 0.74525 0.71392 0.69026 0.67406 0.66052 0.64426 0.62402 0.60046 0.57561 0.55305 0.53885 0.54161 0.56734 0.61759 0.68886 0.77255
0.78005 0.84631 0.89865 0.93209 0.9487 0.95142 0.93897 0.91087 0.87325 0.8362 0.80775 0.78941 0.77652 0.76353 0.74947 0.73498 0.71638 0.69195 0.66306 0.63184 0.60043 0.57171 0.55103 0.54567 0.55924 0.59258 0.64431 0.70948
0.69928 0.75241 0.79503 0.82296 0.83843 0.84395 0.83829 0.82152 0.8 0.78316 0.77744 0.78161 0.78806 0.78987 0.78515 0.77238 0.74941 0.71795 0.68213 0.64562 0.61032 0.57821 0.55346 0.54176 0.54497 0.56337 0.59727 0.64458
0.63168 0.66786 0.69748 0.71839 0.73265 0.74178 0.74469 0.74179 0.7381 0.74031 0.75199 0.77087 0.7898 0.80184 0.80257 0.78939 0.76245 0.72569 0.6855 0.64668 0.61092 0.57948 0.55506 0.5408 0.53758 0.54531 0.5648 0.5951
0.64236 0.66921 0.69222 0.71106 0.72758 0.74261 0.75482 0.76368 0.77166 0.78245 0.79775 0.81538 0.8299 0.83541 0.82807 0.80645 0.77179 0.72901 0.68521 0.64584 0.61283 0.58692 0.5695 0.56159 0.56294 0.57275 0.59053 0.6148
0.5894 0.59576 0.60369 0.61514 0.63098 0.65028 0.67151 0.69404 0.71807 0.7437 0.77049 0.79657 0.8173 0.82632 0.81891 0.79426 0.75553 0.70929 0.66383 0.62578 0.5979 0.58004 0.57066 0.5673 0.56767 0.57084 0.57636 0.58297
0.55732 0.5403 0.53109 0.53421 0.54906 0.5719 0.60068 0.6348 0.67165 0.70841 0.74309 0.77402 0.79713 0.8061 0.79655 0.76894 0.72768 0.68003 0.6356 0.60321 0.5867 0.58394 0.58871 0.59421 0.59662 0.59504 0.58841 0.57529
0.55256 0.51192 0.48594 0.48137 0.49523 0.51913 0.54929 0.5877 0.63193 0.67512 0.71414 0.74661 0.76883 0.77591 0.76489 0.73743 0.69812 0.65231 0.61164 0.58945 0.5904 0.60817 0.63094 0.64781 0.65388 0.64831 0.62919 0.59546
0.58201 0.51977 0.47684 0.46193 0.47089 0.49154 0.51744 0.55214 0.59684 0.64213 0.68176 0.71231 0.73119 0.73626 0.72886 0.71205 0.68181 0.64097 0.6071 0.5992 0.62137 0.66181 0.703 0.73128 0.74113 0.73153 0.70023 0.64743
0.64812 0.56619 0.50307 0.4695 0.46374 0.47407 0.49242 0.52131 0.56271 0.60635 0.64272 0.66786 0.68133 0.6861 0.69056 0.68974 0.67253 0.64406 0.62724 0.6417 0.68777 0.74938 0.80613 0.84349 0.85584 0.84196 0.79995 0.73174
0.7424 0.64254 0.55518 0.49349 0.46215 0.45499 0.46436 0.48877 0.52612 0.56447 0.59368 0.6103 0.61628 0.6216 0.63488 0.64692 0.64854 0.64871 0.66736 0.71526 0.78653 0.86496 0.932 0.97435 0.98696 0.96871 0.91849 0.83943
0.84319 0.72684 0.61463 0.5222 0.46179 0.43473 0.43464 0.45453 0.48574 0.51501 0.53389 0.54007 0.53719 0.53794 0.55085 0.57246 0.6021 0.64811 0.71703 0.80443 0.8995 0.99009 1.0623 1.1053 1.1157 1.0934 1.0374 0.95074
0.92373 0.79233 0.65991 0.54389 0.4611 0.41759 0.4077 0.42008 0.44106 0.45853 0.46592 0.46188 0.4503 0.44313 0.4524 0.48536 0.54876 0.64458 0.76263 0.88564 1.0014 1.1016 1.1755 1.2156 1.222 1.196 1.1355 1.0418
0.965 0.82212 0.67762 0.54971 0.45545 0.40139 0.3818 0.3836 0.39242 0.39813 0.39548 0.38372 0.36682 0.356 0.36737 0.41543 0.50877 0.6418 0.79354 0.94138 1.0729 1.1798 1.2521 1.2866 1.2879 1.2581 1.1931 1.0926
0.95864 0.81135 0.66404 0.53476 0.43825 0.37922 0.35181 0.34388 0.34282 0.33969 0.33018 0.31426 0.29722 0.2909 0.31216 0.37602 0.4884 0.63934 0.8057 0.96496 1.1032 1.2101 1.2775 1.3057 1.3012 1.2661 1.196 1.0909
0.90237 0.75886 0.61803 0.49622 0.40479 0.34644 0.31602 0.30343 0.29751 0.28983 0.27662 0.25952 0.24616 0.24922 0.28308 0.35872 0.47805 0.63038 0.79549 0.95267 1.0867 1.1874 1.2491 1.2724 1.2616 1.2181 1.1412 1.0335
0.80074 0.66724 0.54088 0.43417 0.3546 0.30391 0.27833 0.26908 0.26495 0.25676 0.24149 0.22378 0.21404 0.22476 0.26687 0.34629 0.46157 0.60331 0.75577 0.901 1.0242 1.1166 1.1737 1.1932 1.1749 1.1212 1.0368 0.92755
0.66705 0.54868 0.44233 0.3561 0.29497 0.26101 0.251 0.25497 0.25914 0.25273 0.23442 0.21288 0.20134 0.21195 0.2527 0.32563 0.42718 0.55002 0.68292 0.81117 0.92139 1.0054 1.0576 1.0719 1.0456 0.98355 0.89437 0.78604
0.51937 0.42154 0.33892 0.27731 0.24172 0.23432 0.24912 0.27028 0.28229 0.27687 0.25594 0.22924 0.20932 0.20899 0.23654 0.29276 0.37336 0.47227 0.58151 0.69011 0.78701 0.86331 0.90996 0.91735 0.88308 0.81548 0.72603 0.62422
0.37499 0.30288 0.24738 0.21494 0.21127 0.2327 0.2614 0.28273 0.29125 0.28802 0.27598 0.25642 0.23235 0.21485 0.21931 0.25133 0.30676 0.37911 0.46223 0.54965 0.63495 0.70913 0.75514 0.75575 0.70974 0.63365 0.54633 0.45813
0.25041 0.20771 0.18265 0.18342 0.2109 0.2422 0.25412 0.24593 0.23656 0.24284 0.2618 0.27177 0.25611 0.22431 0.20249 0.20768 0.23673 0.28163 0.33749 0.40433 0.48305 0.56169 0.61072 0.60338 0.54195 0.45575 0.37359 0.30569
0.16205 0.14998 0.15688 0.19143 0.23869 0.25825 0.22615 0.16573 0.13026 0.1526 0.21701 0.27075 0.27298 0.23274 0.18897 0.16997 0.17444 0.19288 0.22184 0.26761 0.33693 0.4149 0.46182 0.44551 0.37481 0.2906 0.22622 0.18648
0.1209 0.13596 0.1716 0.23414 0.29294 0.29368 0.21174 0.096313 0.034496 0.07193 0.17816 0.27051 0.28802 0.24228 0.18371 0.14751 0.13271 0.12876 0.13253 0.15497 0.20774 0.27503 0.31304 0.2906 0.224 0.15902 0.12469 0.11673
0.12418 0.15632 0.2103 0.28929 0.35386 0.33973 0.22151 0.068743 -0.0050608 0.051443 0.18685 0.29423 0.30946 0.25518 0.18904 0.14543 0.12032 0.10242 0.088994 0.094805 0.13419 0.19042 0.21929 0.19438 0.1381 0.095448 0.08725 0.10186
0.15283 0.18777 0.24375 0.32187 0.38244 0.36334 0.2456 0.10647 0.058696 0.13621 0.26589 0.34401 0.33165 0.26613 0.2015 0.16092 0.13599 0.11661 0.10209 0.10845 0.14766 0.19947 0.22125 0.1934 0.14238 0.10953 0.1093 0.12793
0.18068 0.20589 0.24863 0.30957 0.35929 0.35473 0.28971 0.22396 0.22695 0.29809 0.37015 0.38296 0.33499 0.26631 0.21418 0.18466 0.16862 0.15933 0.1582 0.17834 0.22463 0.27317 0.28655 0.25343 0.20143 0.16612 0.15798 0.16567
0.1898 0.19977 0.22367 0.26267 0.30382 0.32737 0.33327 0.34547 0.37899 0.41369 0.41582 0.3751 0.31159 0.25533 0.22136 0.20622 0.20343 0.20894 0.22393 0.25568 0.30241 0.34113 0.34386 0.30702 0.25564 0.21676 0.19716 0.18957
0.17794 0.17571 0.18639 0.21112 0.24823 0.2921 0.33921 0.3857 0.41869 0.42096 0.38768 0.33274 0.27866 0.24087 0.22202 0.21956 0.22942 0.24756 0.27228 0.30504 0.34126 0.36411 0.35704 0.32175 0.27682 0.23879 0.21096 0.19054
0.15472 0.14868 0.15659 0.17894 0.21563 0.26461 0.31871 0.36449 0.38633 0.37605 0.34005 0.29492 0.25528 0.22895 0.21869 0.2242 0.2426 0.26913 0.2989 0.32824 0.35183 0.36011 0.34622 0.31393 0.27436 0.23597 0.20146 0.17325
0.1338 0.13228 0.14583 0.17389 0.2145 0.26306 0.31097 0.34653 0.3595 0.3472 0.3163 0.2785 0.24467 0.22217 0.21479 0.22323 0.2454 0.2767 0.31075 0.34013 0.35739 0.35687 0.3371 0.30239 0.26004 0.21697 0.17877 0.14992
0.12617 0.13397 0.1568 0.19264 0.23743 0.28481 0.3264 0.35337 0.35958 0.34463 0.3142 0.2776 0.2443 0.22159 0.21359 0.22159 0.2443 0.2776 0.3142 0.34463 0.35958 0.35337 0.3264 0.28481 0.23743 0.19264 0.1568 0.13397
0.13664 0.15416 0.18502 0.22559 0.27102 0.31532 0.3512 0.37109 0.37071 0.35172 0.32016 0.28384 0.25043 0.22654 0.21691 0.22365 0.24597 0.27998 0.31817 0.34963 0.36266 0.35038 0.3152 0.26716 0.21803 0.17665 0.14803 0.13445
0.16308 0.18629 0.22027 0.26096 0.30473 0.34791 0.38192 0.3958 0.38593 0.35912 0.32498 0.28941 0.25711 0.23368 0.22417 0.23136 0.25517 0.29242 0.33525 0.36987 0.38065 0.36081 0.31733 0.26491 0.21692 0.18087 0.15957 0.15371
0.1966 0.21845 0.24954 0.28782 0.33385 0.38333 0.42033 0.42725 0.40245 0.36168 0.32117 0.28641 0.25791 0.23882 0.23339 0.24499 0.27519 0.3212 0.37019 0.40172 0.40229 0.37436 0.33173 0.28637 0.24426 0.21089 0.19129 0.18681
0.22427 0.23841 0.2622 0.29775 0.34884 0.40709 0.44656 0.44367 0.40166 0.34684 0.30174 0.27059 0.24961 0.23887 0.24174 0.26303 0.30563 0.35977 0.40005 0.40689 0.385 0.35862 0.34244 0.3268 0.29837 0.26185 0.23367 0.22161
0.23533 0.23963 0.25487 0.28678 0.34091 0.4037 0.4409 0.42691 0.37188 0.31067 0.26817 0.24513 0.23375 0.23264 0.246 0.28094 0.33721 0.38884 0.40067 0.36487 0.32081 0.31758 0.35389 0.3804 0.36274 0.31415 0.2685 0.24318
0.22786 0.22586 0.23577 0.26567 0.32094 0.38332 0.41461 0.39155 0.33097 0.27136 0.23557 0.22037 0.21617 0.22214 0.24461 0.29242 0.35728 0.40043 0.38329 0.31666 0.27075 0.30224 0.38217 0.42974 0.40604 0.33972 0.27811 0.24275
0.21208 0.21214 0.22477 0.25844 0.31605 0.37595 0.40053 0.37184 0.31094 0.25502 0.22267 0.20883 0.20511 0.21222 0.23816 0.29179 0.35917 0.39822 0.37436 0.31017 0.28071 0.32907 0.40926 0.44105 0.39957 0.323 0.25902 0.22495
0.20603 0.2179 0.242 0.28488 0.34566 0.40149 0.41933 0.38768 0.32879 0.27479 0.23958 0.2188 0.20732 0.20765 0.22825 0.27683 0.33957 0.37982 0.37044 0.33174 0.31935 0.35622 0.40084 0.3993 0.3454 0.27529 0.22629 0.20639
0.22555 0.25615 0.29641 0.34887 0.40927 0.45733 0.46822 0.43661 0.38219 0.32882 0.28581 0.25134 0.22512 0.21148 0.21798 0.25069 0.30037 0.3405 0.35127 0.34183 0.33972 0.35219 0.35537 0.32706 0.27445 0.22584 0.20337 0.20598
0.27761 0.32949 0.38646 0.44545 0.50081 0.53847 0.5435 0.51463 0.46533 0.40982 0.35415 0.30141 0.25637 0.22448 0.21164 0.22227 0.25299 0.28793 0.31227 0.32306 0.32494 0.31746 0.2947 0.25746 0.21989 0.20127 0.20783 0.23531
0.36017 0.43189 0.50334 0.56749 0.61819 0.64755 0.64816 0.62007 0.57039 0.5064 0.43446 0.36208 0.29714 0.24593 0.21333 0.20297 0.21435 0.23956 0.26599 0.2832 0.28479 0.26938 0.24202 0.21452 0.20191 0.21217 0.24484 0.29578
0.46544 0.55224 0.63307 0.70063 0.74949 0.77388 0.76949 0.737 0.68091 0.60619 0.519 0.42853 0.34491 0.27601 0.22736 0.20236 0.20017 0.21451 0.23483 0.24928 0.24987 0.23719 0.22047 0.21238 0.22288 0.25602 0.31041 0.38208
0.58353 0.67869 0.76276 0.82988 0.87542 0.89459 0.88483 0.84747 0.78567 0.70255 0.60342 0.49811 0.39883 0.31632 0.2578 0.22589 0.21773 0.22572 0.2397 0.24985 0.25081 0.24475 0.2401 0.24726 0.27436 0.32481 0.39718 0.48625
0.70288 0.80045 0.88243 0.94461 0.98364 0.99689 0.98359 0.9443 0.87971 0.79118 0.6836 0.56764 0.45802 0.36848 0.30718 0.27496 0.26628 0.27187 0.28186 0.28876 0.28979 0.28784 0.29041 0.30692 0.34516 0.40858 0.49519 0.59726
0.80804 0.90435 0.98127 1.0356 1.0665 1.0747 1.0604 1.0217 0.95622 0.86485 0.75333 0.63367 0.52238 0.4343 0.3767 0.34815 0.34087 0.34452 0.35025 0.35322 0.35281 0.35209 0.35782 0.37907 0.42367 0.495 0.59017 0.69924
0.88264 0.97486 1.0455 1.092 1.1162 1.1214 1.1072 1.0695 1.005 0.91555 0.80817 0.69522 0.59284 0.5143 0.4647 0.4407 0.43356 0.43329 0.43304 0.43063 0.42692 0.42478 0.43022 0.45194 0.49762 0.57044 0.66685 0.77587
0.91648 1.0014 1.065 1.1054 1.1255 1.1293 1.1157 1.08 1.0205 0.94066 0.84743 0.75202 0.66757 0.60381 0.56351 0.54269 0.53303 0.52651 0.51878 0.50954 0.50032 0.49382 0.49556 0.51369 0.55551 0.62387 0.71478 0.81708
0.90749 0.98291 1.0395 1.0753 1.0934 1.0972 1.0852 1.054 1.0043 0.94058 0.86945 0.79932 0.73848 0.69181 0.66005 0.64017 0.62564 0.61125 0.59504 0.57782 0.56136 0.54838 0.54409 0.55586 0.5903 0.64957 0.72946 0.81962
0.86064 0.92606 0.97617 1.0085 1.0257 1.0307 1.022 0.99777 0.96058 0.9161 0.87058 0.82893 0.79343 0.76389 0.73981 0.71969 0.69931 0.67648 0.65149 0.62614 0.60237 0.58277 0.57195 0.5763 0.60114 0.64758 0.71205 0.78638
0.78911 0.84425 0.88777 0.91682 0.93374 0.9411 0.93762 0.92224 0.89876 0.87382 0.85295 0.83752 0.82448 0.81014 0.79345 0.77329 0.7476 0.71685 0.68376 0.65142 0.62182 0.59697 0.58063 0.57803 0.59268 0.62475 0.67194 0.72911
0.71141 0.75433 0.78927 0.81402 0.83085 0.84174 0.84537 0.84106 0.83264 0.82629 0.82588 0.83025 0.83385 0.83158 0.82111 0.80082 0.77058 0.73308 0.69349 0.65624 0.62318 0.59562 0.57639 0.56903 0.57528 0.59462 0.62589 0.66647
0.72032 0.75359 0.78167 0.80404 0.82259 0.83851 0.85064 0.85791 0.86197 0.86607 0.87197 0.87797 0.87967 0.87287 0.85562 0.82774 0.79037 0.74712 0.70381 0.66539 0.63402 0.61071 0.59718 0.59504 0.60436 0.62384 0.65162 0.68499
0.64963 0.66782 0.68504 0.70246 0.72154 0.74228 0.76314 0.78287 0.80176 0.82079 0.83999 0.85718 0.86797 0.86742 0.85237 0.82246 0.78031 0.73168 0.68414 0.64374 0.61302 0.59238 0.58178 0.58036 0.58613 0.59728 0.61262 0.63071
0.59069 0.58901 0.59197 0.60291 0.62228 0.64807 0.67792 0.71018 0.74326 0.77514 0.80413 0.82855 0.84477 0.84711 0.83141 0.79794 0.75122 0.6986 0.649 0.61013 0.58553 0.57444 0.57329 0.57735 0.58283 0.58797 0.59166 0.59255
0.55003 0.52528 0.51227 0.51708 0.53777 0.56757 0.60293 0.64419 0.68795 0.72927 0.76529 0.79411 0.81227 0.81426 0.79646 0.76005 0.71034 0.65546 0.60612 0.57318 0.56133 0.56712 0.58175 0.5958 0.60387 0.60438 0.59568 0.57642
0.53704 0.48905 0.46088 0.46096 0.48386 0.51582 0.54974 0.58967 0.63738 0.68397 0.72393 0.75404 0.77104 0.77141 0.75316 0.71978 0.67352 0.61873 0.57067 0.54723 0.55415 0.58241 0.61671 0.64339 0.6557 0.65184 0.62963 0.58882
0.56161 0.49161 0.44645 0.43711 0.4568 0.48638 0.5144 0.54667 0.59095 0.63891 0.67923 0.70713 0.72078 0.72028 0.71152 0.69341 0.65572 0.6023 0.55832 0.54924 0.57924 0.63217 0.68629 0.72538 0.74173 0.73301 0.69725 0.63643
0.62808 0.53735 0.46967 0.43893 0.44189 0.46024 0.48034 0.50612 0.546 0.59179 0.62846 0.65057 0.65886 0.66217 0.67005 0.66884 0.642 0.59938 0.57383 0.59039 0.6471 0.72259 0.7927 0.84098 0.85947 0.84539 0.79788 0.72128
0.72831 0.61884 0.52353 0.45925 0.43128 0.42914 0.44026 0.46327 0.50041 0.54075 0.56957 0.58263 0.58392 0.5899 0.60605 0.61536 0.60718 0.59773 0.61508 0.6712 0.75552 0.84736 0.92662 0.97888 0.99664 0.97724 0.92117 0.83424
0.83805 0.71192 0.58919 0.48906 0.42624 0.40049 0.4019 0.42246 0.45518 0.48597 0.50357 0.50552 0.4978 0.49731 0.50905 0.52598 0.55007 0.59623 0.6739 0.775 0.88341 0.98533 1.0677 1.119 1.1333 1.1091 1.0474 0.95363
0.92665 0.78568 0.64213 0.51612 0.42752 0.38262 0.37362 0.38764 0.41065 0.42863 0.43386 0.4251 0.4078 0.39635 0.4013 0.43053 0.49514 0.60049 0.73405 0.87249 1.0001 1.1097 1.1922 1.2388 1.2477 1.2195 1.1534 1.0526
0.97337 0.82135 0.66682 0.52955 0.42901 0.37247 0.35304 0.35616 0.366 0.37115 0.36579 0.34937 0.32665 0.3105 0.3176 0.36499 0.4647 0.6113 0.77924 0.94086 1.0828 1.1984 1.2782 1.3175 1.32 1.2877 1.2173 1.1093
0.97087 0.81522 0.65967 0.52303 0.42138 0.35986 0.33189 0.32403 0.32261 0.31806 0.30579 0.28598 0.26447 0.25418 0.27344 0.3394 0.45963 0.62287 0.8023 0.97288 1.1209 1.2362 1.3097 1.341 1.3368 1.2992 1.2239 1.1114
0.91751 0.7669 0.61969 0.49254 0.39725 0.33657 0.30486 0.29126 0.28408 0.27461 0.25901 0.23918 0.22323 0.22459 0.25878 0.33782 0.46395 0.6254 0.80025 0.96694 1.1099 1.2179 1.2842 1.3093 1.2981 1.2521 1.1705 1.0561
0.8166 0.67763 0.54665 0.4362 0.35373 0.301 0.27403 0.26364 0.25822 0.24836 0.23113 0.21159 0.20065 0.21132 0.255 0.33787 0.45833 0.60655 0.76634 0.91924 1.0497 1.1477 1.208 1.2284 1.2093 1.1531 1.0644 0.94944
0.68052 0.55832 0.44886 0.36017 0.29722 0.26221 0.2518 0.25552 0.25893 0.25099 0.2309 0.2079 0.19574 0.20678 0.24912 0.32475 0.42994 0.55723 0.69532 0.82919 0.94468 1.0328 1.0875 1.1024 1.075 1.0102 0.91696 0.804
0.52787 0.42762 0.34311 0.28026 0.24428 0.2373 0.25236 0.27271 0.28319 0.27627 0.25465 0.22815 0.20863 0.20853 0.23677 0.29442 0.37717 0.4788 0.5913 0.70372 0.80469 0.88477 0.93412 0.94208 0.90592 0.83478 0.74135 0.6358
0.37721 0.30385 0.24753 0.21497 0.21188 0.2327 0.25835 0.2754 0.28066 0.27688 0.26746 0.2523 0.23171 0.21536 0.21957 0.25174 0.30798 0.38158 0.46643 0.55655 0.64601 0.72513 0.77476 0.77564 0.72632 0.64518 0.55332 0.46218
0.2465 0.20366 0.17872 0.17996 0.20647 0.23244 0.23514 0.21801 0.20429 0.21229 0.23853 0.25852 0.25083 0.22238 0.20049 0.20502 0.23383 0.27876 0.33513 0.40386 0.48654 0.57022 0.62274 0.61502 0.54953 0.45807 0.37201 0.30231
0.15392 0.14271 0.15042 0.18515 0.22856 0.23794 0.19194 0.12087 0.082178 0.10789 0.18161 0.24858 0.26214 0.22741 0.18438 0.16442 0.16793 0.18538 0.21346 0.25924 0.33029 0.41115 0.46002 0.443 0.36942 0.28236 0.21682 0.17747
0.11176 0.12828 0.16513 0.22745 0.28139 0.27112 0.17576 0.051624 -0.012095 0.028059 0.14226 0.24715 0.2759 0.23579 0.17811 0.14085 0.12469 0.11901 0.12043 0.1406 0.19219 0.25958 0.29795 0.27518 0.20806 0.14363 0.11122 0.10566
0.1171 0.15069 0.20591 0.28494 0.34623 0.32446 0.19692 0.038016 -0.03743 0.020961 0.16248 0.27893 0.30162 0.25064 0.18461 0.13993 0.11349 0.093697 0.077538 0.080302 0.11734 0.17245 0.20107 0.17638 0.12112 0.080674 0.075449 0.092815
0.14938 0.18519 0.24198 0.32043 0.37991 0.35772 0.23587 0.093763 0.045257 0.12424 0.25723 0.33916 0.32929 0.26445 0.19937 0.15806 0.1323 0.11175 0.095572 0.10013 0.13792 0.189 0.21061 0.18309 0.13298 0.10165 0.1032 0.12338
0.18068 0.20589 0.24863 0.30957 0.35929 0.35473 0.28971 0.22396 0.22695 0.29809 0.37015 0.38296 0.33499 0.26631 0.21418 0.18466 0.16862 0.15933 0.1582 0.17834 0.22463 0.27317 0.28655 0.25343 0.20143 0.16612 0.15798 0.16567
0.19208 0.20124 0.22439 0.26275 0.30376 0.32787 0.33463 0.34718 0.38019 0.41391 0.41527 0.37438 0.31133 0.2559 0.22274 0.20839 0.20648 0.21304 0.2292 0.26197 0.30937 0.3484 0.35114 0.31405 0.26208 0.22224 0.20149 0.19279
0.18117 0.17766 0.18729 0.21117 0.24771 0.2914 0.3383 0.38413 0.41619 0.41789 0.38483 0.33084 0.27812 0.24164 0.22402 0.2229 0.23434 0.25429 0.28079 0.31496 0.35203 0.37525 0.3682 0.33256 0.28677 0.24729 0.21762 0.19535
0.15792 0.15062 0.15776 0.17972 0.21619 0.26481 0.31828 0.36318 0.38423 0.37373 0.33825 0.294 0.25527 0.2299 0.2208 0.22783 0.24814 0.27688 0.30887 0.34005 0.36488 0.37377 0.35987 0.32691 0.28596 0.24551 0.20862 0.17822
0.13664 0.13445 0.14803 0.17665 0.21803 0.26716 0.3152 0.35038 0.36266 0.34963 0.31817 0.27998 0.24597 0.22365 0.21691 0.22654 0.25043 0.28384 0.32016 0.35172 0.37071 0.37109 0.3512 0.31532 0.27102 0.22559 0.18502 0.15416
0.12906 0.13731 0.16143 0.19913 0.24594 0.29506 0.33772 0.36476 0.37003 0.35344 0.32113 0.28272 0.24794 0.22426 0.21593 0.22426 0.24794 0.28272 0.32113 0.35344 0.37003 0.36476 0.33772 0.29506 0.24594 0.19913 0.16143 0.13731
0.14069 0.16027 0.19408 0.23808 0.28686 0.33394 0.37146 0.39152 0.38983 0.36837 0.33371 0.29413 0.25766 0.23127 0.21989 0.22566 0.24774 0.282 0.32074 0.35299 0.36702 0.35572 0.32108 0.27288 0.22296 0.18051 0.15109 0.13749
0.16996 0.19715 0.23597 0.28175 0.32993 0.37605 0.41141 0.42525 0.41407 0.38463 0.34657 0.30623 0.26915 0.24147 0.22855 0.23314 0.25486 0.29015 0.33112 0.36454 0.37559 0.35728 0.31566 0.26471 0.21761 0.18218 0.16182 0.15773
0.20817 0.23594 0.27364 0.3182 0.36879 0.42063 0.45837 0.46513 0.43936 0.39618 0.35127 0.31053 0.27564 0.25069 0.24019 0.24719 0.27264 0.3135 0.35838 0.38831 0.39012 0.36497 0.32479 0.28105 0.24075 0.21017 0.19395 0.19349
0.24205 0.26376 0.29556 0.33821 0.39395 0.45413 0.494 0.49107 0.44839 0.391 0.3406 0.30214 0.27344 0.25554 0.2518 0.26628 0.30124 0.34897 0.38686 0.39616 0.37928 0.35604 0.33888 0.32069 0.29239 0.26007 0.23817 0.23256
0.25991 0.2729 0.29719 0.33701 0.39599 0.46043 0.49784 0.48403 0.42847 0.36406 0.31484 0.28305 0.26297 0.25388 0.25945 0.28573 0.33347 0.38161 0.39826 0.37374 0.33934 0.33602 0.36237 0.37785 0.35669 0.313 0.27625 0.2595
0.25809 0.26497 0.28409 0.32165 0.38079 0.44358 0.47446 0.45194 0.39144 0.32867 0.28566 0.26131 0.24837 0.24629 0.26043 0.29868 0.35653 0.40149 0.3979 0.35025 0.31538 0.34092 0.40184 0.43152 0.40196 0.34121 0.29009 0.26431
0.24456 0.25229 0.27233 0.31086 0.36893 0.42641 0.44955 0.42234 0.36354 0.30658 0.26888 0.24752 0.23635 0.23623 0.25409 0.29826 0.36011 0.40409 0.39741 0.35363 0.3333 0.37233 0.43125 0.44493 0.39844 0.32819 0.27484 0.24971
0.23561 0.2526 0.2804 0.32328 0.37963 0.42981 0.44559 0.41716 0.36355 0.3122 0.27522 0.2499 0.23319 0.2279 0.24139 0.28099 0.33816 0.38217 0.38709 0.36494 0.35917 0.38774 0.41578 0.4017 0.34617 0.28318 0.24344 0.23042
0.24678 0.27936 0.31947 0.36773 0.42046 0.46149 0.47074 0.4439 0.39693 0.34886 0.30702 0.27088 0.24198 0.22483 0.22591 0.25073 0.29409 0.3344 0.35291 0.35329 0.35502 0.36267 0.3574 0.32457 0.27471 0.23375 0.21776 0.22442
0.28635 0.33719 0.39141 0.44482 0.49271 0.52457 0.52898 0.50489 0.46254 0.41247 0.35946 0.30765 0.26248 0.22939 0.21345 0.21852 0.24305 0.275 0.30046 0.31413 0.31727 0.30873 0.2851 0.25009 0.21833 0.2056 0.21538 0.24403
0.35477 0.42294 0.48976 0.54849 0.59367 0.61935 0.6201 0.59577 0.5513 0.4924 0.42482 0.35576 0.29309 0.243 0.20999 0.19729 0.20464 0.22584 0.24968 0.26566 0.26715 0.25297 0.22866 0.206 0.19785 0.2104 0.24324 0.29284
0.44687 0.52825 0.60332 0.66518 0.70917 0.73096 0.72733 0.69848 0.64758 0.57868 0.49749 0.4126 0.33353 0.26799 0.22153 0.1973 0.19426 0.20634 0.22378 0.23602 0.23613 0.22493 0.2107 0.20459 0.21564 0.24776 0.29985 0.36809
0.55499 0.64354 0.72129 0.78266 0.82364 0.84081 0.83242 0.7992 0.7431 0.66679 0.57534 0.47773 0.38517 0.30809 0.25382 0.22484 0.218 0.22563 0.23806 0.2465 0.24647 0.24004 0.23485 0.24054 0.26508 0.31208 0.3802 0.46398
0.66921 0.75932 0.83472 0.89139 0.92647 0.93837 0.92693 0.8923 0.83436 0.75409 0.65604 0.54989 0.4491 0.36671 0.31077 0.28213 0.27518 0.2807 0.28936 0.29449 0.29384 0.29006 0.29015 0.30327 0.3373 0.39573 0.47636 0.57133
0.77481 0.86258 0.93243 0.98156 1.0093 1.0169 1.005 0.97174 0.91455 0.83349 0.73359 0.62581 0.52515 0.44525 0.39299 0.36713 0.36031 0.36272 0.3663 0.36701 0.36448 0.36149 0.36435 0.38194 0.42192 0.48736 0.57504 0.67528
0.85495 0.93727 0.99994 1.0413 1.063 1.0683 1.0575 1.0268 0.97276 0.89583 0.80185 0.70212 0.61117 0.54078 0.49543 0.47225 0.46342 0.46007 0.4565 0.45136 0.44561 0.44172 0.44513 0.46401 0.50544 0.57199 0.65991 0.75881
0.89779 0.97176 1.0265 1.0614 1.0796 1.0846 1.0758 1.0492 1.0022 0.93634 0.85706 0.77444 0.70056 0.64379 0.60611 0.58386 0.5703 0.55897 0.54695 0.53485 0.52424 0.51723 0.5185 0.53525 0.57371 0.63598 0.71813 0.80981
0.89885 0.96278 1.01 1.0404 1.0572 1.0632 1.0576 1.0374 1.0016 0.95229 0.89406 0.83459 0.78175 0.7398 0.70877 0.68541 0.6652 0.64483 0.62392 0.60418 0.58736 0.57547 0.57262 0.5848 0.6171 0.67106 0.74275 0.82258
0.86077 0.9147 0.95573 0.98332 1.0001 1.0084 1.0073 0.99496 0.97211 0.94155 0.90702 0.87291 0.84185 0.81395 0.78825 0.76281 0.73573 0.70656 0.67704 0.64978 0.62669 0.60964 0.60204 0.60851 0.63274 0.67543 0.73305 0.79788
0.79536 0.8397 0.87509 0.90056 0.91821 0.92987 0.93458 0.9312 0.92148 0.90906 0.89686 0.88575 0.87361 0.85764 0.83652 0.80957 0.77686 0.74006 0.70291 0.66916 0.64088 0.61955 0.60781 0.60887 0.62477 0.65516 0.69727 0.74606
0.79852 0.83285 0.86107 0.8837 0.90237 0.91806 0.93018 0.9378 0.94101 0.94069 0.9377 0.93183 0.92108 0.90302 0.87683 0.84328 0.80388 0.76147 0.72047 0.68504 0.65752 0.63916 0.6316 0.63636 0.6537 0.68226 0.71904 0.75944
0.72598 0.75048 0.77262 0.79326 0.81374 0.83444 0.85431 0.87213 0.88774 0.90174 0.914 0.9223 0.92264 0.91153 0.88788 0.85274 0.80862 0.76002 0.71306 0.67308 0.64283 0.62327 0.61499 0.61784 0.63012 0.64938 0.67331 0.69964
0.65368 0.66411 0.67635 0.69287 0.71473 0.74109 0.76999 0.79955 0.82832 0.85498 0.87803 0.89523 0.90299 0.8971 0.87494 0.83725 0.788 0.73375 0.68235 0.64053 0.6116 0.59577 0.59152 0.59601 0.60571 0.61778 0.63053 0.64274
0.58923 0.58036 0.57906 0.59012 0.61363 0.64591 0.68371 0.72466 0.76563 0.80311 0.83433 0.85756 0.86987 0.86627 0.84306 0.80143 0.74698 0.68786 0.63382 0.59377 0.57206 0.56727 0.57383 0.58478 0.59487 0.60159 0.60332 0.59872
0.54079 0.50919 0.49359 0.50172 0.52991 0.56734 0.60796 0.65356 0.70269 0.7479 0.78529 0.8124 0.82613 0.82193 0.79682 0.75233 0.69478 0.63228 0.57714 0.54297 0.5354 0.5493 0.57328 0.59546 0.60888 0.61116 0.60022 0.57502
0.52037 0.46572 0.43656 0.4434 0.47796 0.51956 0.55635 0.59464 0.64247 0.69174 0.73262 0.76072 0.77309 0.76762 0.7443 0.70719 0.65392 0.5883 0.53079 0.50501 0.51759 0.55616 0.6016 0.6378 0.65614 0.65371 0.6282 0.58051
0.54038 0.46276 0.41593 0.41396 0.4472 0.48799 0.51818 0.54554 0.58599 0.63527 0.67621 0.70184 0.71095 0.70716 0.70026 0.6819 0.63485 0.56549 0.5089 0.49799 0.53634 0.60221 0.66907 0.71869 0.74136 0.73325 0.69292 0.62433
0.60745 0.50757 0.43504 0.40804 0.42197 0.45073 0.47345 0.49481 0.53064 0.57723 0.61416 0.63368 0.63792 0.64291 0.65603 0.65327 0.6132 0.55277 0.51693 0.53638 0.60532 0.69547 0.77875 0.83752 0.86193 0.84745 0.79453 0.70999
0.71416 0.59468 0.49064 0.42383 0.40059 0.40539 0.41943 0.44065 0.47609 0.51759 0.54609 0.55602 0.55426 0.56282 0.58159 0.58528 0.56342 0.54186 0.5581 0.62458 0.72386 0.82955 0.92041 0.98198 1.0046 0.98395 0.92241 0.82846
0.83329 0.69739 0.5635 0.4554 0.39085 0.36764 0.37147 0.39267 0.42614 0.45824 0.47471 0.47281 0.46155 0.46036 0.46942 0.47854 0.4942 0.53959 0.62741 0.74449 0.86745 0.98026 1.0717 1.1305 1.1484 1.1225 1.0556 0.95589
0.92965 0.77975 0.62506 0.48904 0.39502 0.34939 0.34174 0.35734 0.3821 0.40066 0.40396 0.39083 0.36855 0.35273 0.35187 0.37513 0.43932 0.55413 0.70443 0.85947 0.99885 1.1167 1.2064 1.2589 1.2701 1.2397 1.1687 1.0621
0.98084 0.82079 0.65686 0.51067 0.40426 0.34562 0.32649 0.33081 0.34167 0.34639 0.33861 0.3179 0.2898 0.2683 0.2703 0.3158 0.42099 0.58095 0.76522 0.94035 1.0915 1.2144 1.3003 1.3439 1.3475 1.313 1.2377 1.1236
0.9811 0.81833 0.65549 0.51222 0.40593 0.34223 0.31378 0.30603 0.30437 0.2986 0.28387 0.26053 0.23488 0.2208 0.23774 0.30514 0.43246 0.60728 0.79895 0.97963 1.1358 1.2581 1.3368 1.3708 1.3668 1.3271 1.2473 1.1286
0.92983 0.77326 0.62062 0.48888 0.39027 0.32762 0.29482 0.28039 0.27215 0.26112 0.24342 0.22116 0.20289 0.20269 0.237 0.31891 0.45104 0.62058 0.80389 0.97859 1.1289 1.243 1.3131 1.3397 1.3281 1.2802 1.1946 1.0746
0.82926 0.6858 0.55103 0.43747 0.35261 0.29819 0.27008 0.25874 0.25222 0.24091 0.22198 0.20087 0.18892 0.19954 0.24451 0.33028 0.45512 0.60877 0.77461 0.9338 1.0701 1.1726 1.2353 1.2565 1.2368 1.1787 1.0866 0.96703
0.69099 0.56576 0.45385 0.36319 0.29879 0.26291 0.25212 0.25556 0.25818 0.2489 0.22736 0.20328 0.19072 0.20222 0.24589 0.32371 0.43183 0.56267 0.70487 0.84314 0.96274 1.0541 1.1105 1.1259 1.0977 1.0308 0.93451 0.81796
0.5342 0.43214 0.34621 0.28241 0.24609 0.23931 0.25419 0.27352 0.28251 0.27433 0.25231 0.22631 0.20753 0.20787 0.23675 0.29553 0.37993 0.48361 0.59854 0.71379 0.81781 0.90075 0.95215 0.96052 0.92293 0.84912 0.7527 0.64439
0.37877 0.30453 0.24763 0.21493 0.21207 0.23199 0.25485 0.26829 0.27086 0.26663 0.25937 0.24792 0.23047 0.21541 0.21965 0.25198 0.30882 0.38329 0.46935 0.56135 0.65381 0.73648 0.78873 0.78981 0.7381 0.65331 0.55822 0.46499
0.24409 0.20115 0.17625 0.17766 0.20318 0.22514 0.22131 0.19804 0.18139 0.19051 0.22162 0.24853 0.24659 0.2208 0.19914 0.20334 0.23203 0.27699 0.33367 0.40359 0.48876 0.57565 0.63038 0.62243 0.55434 0.45956 0.37105 0.30023
0.14976 0.13897 0.14705 0.18172 0.22275 0.22631 0.17259 0.095837 0.055539 0.083018 0.16163 0.23582 0.25578 0.22433 0.18193 0.16156 0.16458 0.18154 0.20914 0.25488 0.32677 0.40908 0.45894 0.44156 0.36651 0.27802 0.21194 0.17283
0.10866 0.12567 0.1629 0.22505 0.27716 0.2629 0.1628 0.035702 -0.028589 0.012466 0.12934 0.23864 0.27144 0.23345 0.17617 0.13858 0.12197 0.11569 0.1163 0.13564 0.18678 0.25417 0.29265 0.26978 0.20251 0.13831 0.1066 0.10189
0.1171 0.15069 0.20591 0.28494 0.34623 0.32446 0.19692 0.038016 -0.03743 0.020961 0.16248 0.27893 0.30162 0.25064 0.18461 0.13993 0.11349 0.093697 0.077538 0.080302 0.11734 0.17245 0.20107 0.17638 0.12112 0.080674 0.075449 0.092815
0.15283 0.18777 0.24375 0.32187 0.38244 0.36334 0.2456 0.10647 0.058696 0.13621 0.26589 0.34401 0.33165 0.26613 0.2015 0.16092 0.13599 0.11661 0.10209 0.10845 0.14766 0.19947 0.22125 0.1934 0.14238 0.10953 0.1093 0.12793
0.18653 0.20995 0.25097 0.31065 0.36101 0.35992 0.29999 0.23782 0.24083 0.30876 0.37619 0.38534 0.33608 0.2682 0.21772 0.18984 0.1756 0.16863 0.17045 0.19354 0.242 0.29161 0.30513 0.27132 0.21765 0.17974 0.16859 0.1736
0.19881 0.20556 0.22647 0.26286 0.30332 0.32888 0.33799 0.3515 0.38303 0.41398 0.41319 0.37197 0.31044 0.25753 0.2268 0.21479 0.21549 0.22513 0.24464 0.28031 0.32958 0.36944 0.37222 0.33445 0.28084 0.23832 0.21423 0.2023
0.18748 0.18144 0.18898 0.21115 0.24649 0.28966 0.33603 0.38056 0.41087 0.41155 0.37903 0.327 0.277 0.24306 0.22789 0.22942 0.24397 0.26742 0.29735 0.33419 0.37284 0.39674 0.38974 0.35349 0.30612 0.26388 0.23064 0.20477
0.16308 0.15371 0.15957 0.18087 0.21692 0.26491 0.31733 0.36081 0.38065 0.36987 0.33525 0.29242 0.25517 0.23136 0.22417 0.23368 0.25711 0.28941 0.32498 0.35912 0.38593 0.3958 0.38192 0.34791 0.30473 0.26096 0.22027 0.18629
0.14069 0.13749 0.15109 0.18051 0.22296 0.27288 0.32108 0.35572 0.36702 0.35299 0.32074 0.282 0.24774 0.22566 0.21989 0.23127 0.25766 0.29413 0.33371 0.36837 0.38983 0.39152 0.37146 0.33394 0.28686 0.23808 0.19408 0.16027
0.1328 0.14167 0.16753 0.20773 0.25722 0.30862 0.35262 0.37971 0.38374 0.36504 0.33027 0.28947 0.25269 0.22768 0.21889 0.22768 0.25269 0.28947 0.33027 0.36504 0.38374 0.37971 0.35262 0.30862 0.25722 0.20773 0.16753 0.14167
0.14566 0.16795 0.20558 0.25395 0.30696 0.35745 0.39696 0.41717 0.41386 0.38935 0.35084 0.30713 0.26675 0.2371 0.22343 0.22796 0.24974 0.28435 0.32382 0.35703 0.37225 0.36214 0.3282 0.27985 0.22895 0.18517 0.15475 0.14113
0.17822 0.21042 0.25522 0.30717 0.36072 0.41033 0.44723 0.46098 0.44825 0.41566 0.37282 0.32671 0.28376 0.25081 0.23362 0.23497 0.25415 0.28716 0.32598 0.35796 0.36918 0.35256 0.31316 0.26404 0.21805 0.18341 0.16425 0.16238
0.22178 0.25672 0.30225 0.35408 0.40976 0.46402 0.50233 0.50885 0.48215 0.43644 0.38663 0.33899 0.29657 0.26457 0.24792 0.2494 0.26929 0.30418 0.34396 0.37163 0.37442 0.3522 0.31493 0.27352 0.23587 0.20884 0.19673 0.20114
0.2625 0.29306 0.33388 0.38401 0.44403 0.50534 0.54496 0.54203 0.4993 0.44002 0.38452 0.33826 0.30081 0.27452 0.26298 0.26952 0.29555 0.33503 0.36881 0.3794 0.367 0.34697 0.32949 0.31008 0.28365 0.25725 0.24288 0.24492
0.28747 0.31025 0.34406 0.39123 0.45358 0.51797 0.55461 0.54126 0.48652 0.42052 0.36565 0.32518 0.29564 0.27742 0.27396 0.29014 0.32698 0.36849 0.38686 0.37151 0.34592 0.34259 0.36027 0.36744 0.34608 0.3102 0.28427 0.27751
0.29114 0.30764 0.33581 0.37963 0.44043 0.50152 0.531 0.50959 0.45102 0.3873 0.3387 0.30567 0.28346 0.27235 0.27693 0.30371 0.35084 0.39263 0.3977 0.36604 0.34125 0.36117 0.40535 0.42171 0.3915 0.34048 0.30233 0.28757
0.27939 0.29522 0.32217 0.36401 0.42044 0.47374 0.49479 0.46974 0.41479 0.35881 0.31724 0.28881 0.26978 0.26167 0.27028 0.30266 0.35435 0.39696 0.40138 0.37444 0.36217 0.39248 0.43347 0.43522 0.39025 0.33118 0.29093 0.27599
0.26706 0.28939 0.32061 0.36262 0.41351 0.45726 0.47076 0.44596 0.39853 0.35079 0.31269 0.28291 0.26065 0.24919 0.25461 0.2831 0.33024 0.37183 0.38484 0.37522 0.37466 0.39604 0.41186 0.39195 0.34121 0.28976 0.26103 0.25576
0.2693 0.30391 0.344 0.38826 0.43362 0.46788 0.47555 0.45328 0.41341 0.37032 0.32946 0.29159 0.25987 0.23885 0.23391 0.24953 0.28332 0.31907 0.34022 0.34668 0.35101 0.35549 0.34612 0.31433 0.27198 0.24126 0.23268 0.24388
0.2955 0.34519 0.39674 0.44534 0.48677 0.51353 0.51733 0.49733 0.46088 0.41537 0.36489 0.31413 0.26887 0.23444 0.21513 0.21416 0.23093 0.25715 0.28063 0.2949 0.2988 0.29075 0.26926 0.23974 0.21608 0.20986 0.2232 0.25318
0.34861 0.41297 0.47515 0.52879 0.56915 0.59165 0.59243 0.57118 0.53126 0.47719 0.41403 0.34859 0.2884 0.23944 0.20592 0.1908 0.19395 0.21025 0.23036 0.24436 0.24585 0.23386 0.21394 0.19699 0.19336 0.2082 0.24125 0.28942
0.42641 0.50207 0.57137 0.62782 0.66724 0.68657 0.6836 0.65815 0.6121 0.54884 0.47375 0.39473 0.32042 0.2583 0.21401 0.19064 0.18698 0.19709 0.21192 0.22217 0.22204 0.2124 0.20046 0.19602 0.20735 0.23832 0.28801 0.35258
0.5237 0.60547 0.67702 0.73294 0.76963 0.78492 0.77788 0.74856 0.6978 0.62797 0.54411 0.4543 0.36863 0.29706 0.24709 0.22126 0.21615 0.22392 0.23528 0.24235 0.24143 0.23448 0.22838 0.23223 0.25396 0.29739 0.36109 0.43929
0.63226 0.71495 0.78409 0.83564 0.86706 0.87778 0.86817 0.83784 0.78593 0.71334 0.62454 0.52821 0.43636 0.36119 0.31074 0.28602 0.28135 0.28746 0.29531 0.29897 0.29664 0.29079 0.288 0.29736 0.32693 0.38026 0.45475 0.54234
0.73807 0.81753 0.88082 0.92522 0.95016 0.95727 0.94762 0.91936 0.86959 0.79816 0.70963 0.61367 0.52358 0.45182 0.40503 0.38232 0.37668 0.37864 0.38067 0.37937 0.37464 0.36899 0.36848 0.38193 0.41703 0.47648 0.55661 0.64785
0.82375 0.89663 0.95205 0.98873 1.0083 1.0139 1.0062 0.98195 0.93744 0.87237 0.79156 0.70491 0.6251 0.56256 0.52152 0.49968 0.49001 0.48445 0.47819 0.47053 0.46253 0.45632 0.45702 0.47253 0.50953 0.56987 0.6494 0.73816
0.87579 0.93942 0.98619 1.0164 1.0329 1.0389 1.0346 1.0164 0.98114 0.92873 0.86324 0.79339 0.72966 0.67932 0.64404 0.62088 0.60424 0.5889 0.57316 0.55834 0.546 0.5378 0.53787 0.55275 0.58779 0.64421 0.71784 0.799
0.88712 0.94022 0.97905 1.0048 1.0205 1.0287 1.0289 1.0187 0.99613 0.96094 0.91587 0.86727 0.82225 0.78443 0.75345 0.72685 0.70157 0.67585 0.65065 0.62842 0.61085 0.59939 0.59733 0.60953 0.63981 0.68879 0.75252 0.82214
0.85789 0.90104 0.93388 0.95748 0.97421 0.98568 0.99143 0.99004 0.9808 0.96388 0.94088 0.91497 0.8886 0.8618 0.83344 0.80271 0.76931 0.7343 0.70055 0.67127 0.64839 0.6333 0.62841 0.63686 0.66074 0.69986 0.75067 0.80602
0.85193 0.88544 0.91125 0.93157 0.94843 0.96288 0.97484 0.98331 0.98643 0.98225 0.97048 0.95296 0.93127 0.90528 0.87438 0.83886 0.79981 0.75958 0.72198 0.6906 0.66744 0.65361 0.65076 0.6607 0.68411 0.71978 0.764 0.81029
0.79865 0.82416 0.84626 0.86665 0.88647 0.90596 0.92482 0.94231 0.9572 0.96809 0.97393 0.97344 0.96432 0.94439 0.91361 0.87399 0.8285 0.78102 0.73641 0.6991 0.67178 0.65573 0.65169 0.6596 0.67812 0.7048 0.73639 0.76889
0.72864 0.7455 0.76261 0.78195 0.80445 0.82975 0.85673 0.88399 0.90992 0.93294 0.95122 0.96195 0.96143 0.94669 0.91734 0.87556 0.82526 0.77172 0.7212 0.6794 0.64974 0.63329 0.62961 0.63679 0.65155 0.67035 0.69056 0.71037
0.65497 0.65866 0.66668 0.68265 0.70743 0.73935 0.77576 0.81406 0.85146 0.88489 0.91156 0.92905 0.9344 0.92396 0.89554 0.8508 0.79496 0.73527 0.67996 0.63646 0.60889 0.59727 0.59866 0.60837 0.62141 0.63408 0.64432 0.65113
0.58568 0.57051 0.56575 0.57781 0.6062 0.64505 0.68965 0.73788 0.78547 0.82771 0.86101 0.8834 0.89241 0.88366 0.85391 0.80493 0.74309 0.67737 0.61866 0.57721 0.55803 0.55895 0.5725 0.58968 0.60388 0.61189 0.61166 0.60199
0.53038 0.49287 0.4759 0.48897 0.5264 0.57229 0.61704 0.6641 0.71615 0.7645 0.80314 0.82888 0.83875 0.82922 0.79782 0.74664 0.68202 0.61139 0.54948 0.51337 0.50964 0.53113 0.56381 0.59357 0.61194 0.61573 0.60249 0.57172
0.50325 0.44253 0.41336 0.42882 0.47742 0.53033 0.56954 0.6035 0.64798 0.6986 0.74026 0.76667 0.77509 0.7648 0.7392 0.70018 0.63954 0.56116 0.49228 0.46324 0.4814 0.53019 0.58626 0.63148 0.6555 0.65424 0.62542 0.57123
0.51896 0.43369 0.38545 0.3922 0.44131 0.49545 0.52835 0.54912 0.58279 0.63144 0.67285 0.6966 0.70198 0.69769 0.69517 0.67677 0.61814 0.52981 0.45864 0.44575 0.49329 0.57266 0.65203 0.71157 0.74018 0.73248 0.68771 0.61178
0.58686 0.47736 0.39953 0.3768 0.40341 0.44465 0.47121 0.48763 0.51751 0.5632 0.60028 0.61767 0.61951 0.62865 0.6477 0.64147 0.58473 0.50363 0.45669 0.48021 0.56313 0.66876 0.76489 0.83342 0.86328 0.84831 0.79038 0.6985
0.70037 0.57051 0.45706 0.38772 0.37025 0.3836 0.40186 0.42145 0.45421 0.49589 0.52409 0.53137 0.52833 0.54052 0.56077 0.55579 0.51701 0.48163 0.49731 0.57619 0.69224 0.81216 0.91389 0.98389 1.0109 0.98904 0.92263 0.82254
0.82893 0.68344 0.53814 0.42212 0.35649 0.33688 0.34404 0.36611 0.39985 0.43291 0.44842 0.44318 0.42957 0.42766 0.43229 0.43092 0.43596 0.4799 0.57882 0.71352 0.85192 0.9752 1.0746 1.1401 1.1611 1.1335 1.0622 0.95768
0.93254 0.77454 0.6092 0.46365 0.36483 0.31908 0.31318 0.33037 0.35658 0.37574 0.37741 0.36039 0.3339 0.31354 0.30566 0.32133 0.3838 0.50753 0.67477 0.84674 0.99757 1.1225 1.2182 1.2757 1.2889 1.2565 1.1813 1.0703
0.98729 0.82052 0.64823 0.49399 0.38238 0.32204 0.30329 0.30868 0.32049 0.32495 0.31511 0.29061 0.25778 0.23109 0.2276 0.27039 0.38003 0.55235 0.75206 0.93973 1.0988 1.2273 1.3184 1.3656 1.3701 1.3336 1.2543 1.1354
0.98934 0.82089 0.652 0.50308 0.39285 0.3273 0.29843 0.29079 0.28898 0.28225 0.26546 0.2391 0.20989 0.1924 0.20699 0.27526 0.40861 0.59359 0.79595 0.98513 1.1477 1.2754 1.3582 1.3945 1.3906 1.3491 1.2658 1.1422
0.93932 0.77813 0.62122 0.4858 0.3845 0.32026 0.28658 0.27148 0.26242 0.25016 0.23075 0.2065 0.18631 0.18481 0.21915 0.30331 0.44034 0.61651 0.80664 0.98757 1.1435 1.2622 1.3352 1.3629 1.3511 1.3017 1.2132 1.0889
0.83859 0.69179 0.55418 0.43826 0.35158 0.29588 0.26688 0.25483 0.24747 0.23503 0.21479 0.19246 0.17974 0.19034 0.23631 0.3243 0.45249 0.61027 0.78064 0.94448 1.0851 1.1908 1.2553 1.277 1.2568 1.1975 1.1029 0.97999
0.69819 0.5709 0.45727 0.36522 0.29978 0.26327 0.25217 0.25535 0.25732 0.24705 0.22449 0.1997 0.18693 0.19881 0.24345 0.32284 0.43304 0.56637 0.71141 0.8527 0.97511 1.0685 1.1262 1.1419 1.1131 1.0448 0.94654 0.82756
0.53813 0.43495 0.34813 0.28372 0.24717 0.24044 0.25504 0.27354 0.28147 0.27243 0.25022 0.22469 0.20657 0.20733 0.23666 0.29618 0.38163 0.48658 0.60301 0.72001 0.8259 0.91063 0.96329 0.97193 0.93344 0.85795 0.75969 0.6497
0.37958 0.30489 0.24768 0.21489 0.21209 0.23138 0.25258 0.26396 0.26503 0.26053 0.2545 0.24516 0.22956 0.21533 0.21965 0.2521 0.30924 0.38417 0.47085 0.56383 0.65784 0.74238 0.79599 0.79717 0.74421 0.65752 0.56074 0.46643
0.24328 0.2003 0.17541 0.17686 0.20197 0.22245 0.21625 0.19079 0.17311 0.18262 0.21545 0.24483 0.24498 0.22019 0.19867 0.20277 0.23142 0.27639 0.33317 0.4035 0.48953 0.57751 0.633 0.62497 0.556 0.46007 0.37072 0.29952
0.14976 0.13897 0.14705 0.18172 0.22275 0.22631 0.17259 0.095837 0.055539 0.083018 0.16163 0.23582 0.25578 0.22433 0.18193 0.16156 0.16458 0.18154 0.20914 0.25488 0.32677 0.40908 0.45894 0.44156 0.36651 0.27802 0.21194 0.17283
0.11176 0.12828 0.16513 0.22745 0.28139 0.27112 0.17576 0.051624 -0.012095 0.028059 0.14226 0.24715 0.2759 0.23579 0.17811 0.14085 0.12469 0.11901 0.12043 0.1406 0.19219 0.25958 0.29795 0.27518 0.20806 0.14363 0.11122 0.10566
0.12418 0.15632 0.2103 0.28929 0.35386 0.33973 0.22151 0.068743 -0.0050608 0.051443 0.18685 0.29423 0.30946 0.25518 0.18904 0.14543 0.12032 0.10242 0.088994 0.094805 0.13419 0.19042 0.21929 0.19438 0.1381 0.095448 0.08725 0.10186
0.163 0.19536 0.24888 0.32576 0.38907 0.37848 0.27242 0.14201 0.096424 0.16958 0.28962 0.35704 0.33792 0.27081 0.20771 0.16932 0.14688 0.13091 0.12109 0.13254 0.17568 0.2295 0.25168 0.22298 0.16948 0.1324 0.12713 0.14133
0.19795 0.21784 0.25537 0.31231 0.36335 0.36824 0.31757 0.26213 0.26518 0.32702 0.38595 0.38868 0.33757 0.27165 0.22454 0.19993 0.18922 0.18671 0.19402 0.22246 0.27474 0.32618 0.33992 0.30494 0.24838 0.2058 0.18912 0.18907
0.20968 0.21247 0.22966 0.26269 0.3018 0.32907 0.34141 0.35625 0.38549 0.41229 0.40853 0.36732 0.30864 0.26001 0.23326 0.2251 0.23006 0.2446 0.26927 0.30926 0.36119 0.40215 0.40499 0.36632 0.31045 0.26396 0.23476 0.2177
0.1966 0.18681 0.19129 0.21089 0.24426 0.28637 0.33173 0.37436 0.40229 0.40172 0.37019 0.3212 0.27519 0.24499 0.23339 0.23882 0.25791 0.28641 0.32117 0.36168 0.40245 0.42725 0.42033 0.38333 0.33385 0.28782 0.24954 0.21845
0.16996 0.15773 0.16182 0.18218 0.21761 0.26471 0.31566 0.35728 0.37559 0.36454 0.33112 0.29015 0.25486 0.23314 0.22855 0.24147 0.26915 0.30623 0.34657 0.38463 0.41407 0.42525 0.41141 0.37605 0.32993 0.28175 0.23597 0.19715
0.14566 0.14113 0.15475 0.18517 0.22895 0.27985 0.3282 0.36214 0.37225 0.35703 0.32382 0.28435 0.24974 0.22796 0.22343 0.2371 0.26675 0.30713 0.35084 0.38935 0.41386 0.41717 0.39696 0.35745 0.30696 0.25395 0.20558 0.16795
0.13706 0.14672 0.17476 0.21803 0.27078 0.32486 0.37035 0.39743 0.40002 0.37888 0.3412 0.29748 0.25819 0.23148 0.22209 0.23148 0.25819 0.29748 0.3412 0.37888 0.40002 0.39743 0.37035 0.32486 0.27078 0.21803 0.17476 0.14672
0.15119 0.1768 0.21906 0.27265 0.33063 0.38498 0.42663 0.44695 0.44179 0.41386 0.3709 0.32231 0.2772 0.24358 0.22709 0.23016 0.25165 0.28679 0.32719 0.36154 0.37806 0.36927 0.33616 0.28768 0.23565 0.19028 0.15865 0.14502
0.18745 0.22561 0.27744 0.3365 0.39616 0.44972 0.48824 0.50181 0.48735 0.45122 0.4029 0.35016 0.30037 0.26117 0.23892 0.2365 0.25284 0.28343 0.32003 0.3505 0.36176 0.34687 0.30991 0.26283 0.21806 0.1843 0.16652 0.16729
0.23699 0.28021 0.33461 0.39454 0.45571 0.51233 0.55095 0.55715 0.52962 0.48137 0.42627 0.37093 0.32002 0.2799 0.25613 0.25134 0.26509 0.29357 0.32759 0.35239 0.35576 0.33639 0.30236 0.26392 0.22969 0.20674 0.19933 0.20938
0.28509 0.3256 0.37626 0.43409 0.4979 0.55944 0.59812 0.59518 0.55307 0.49267 0.43238 0.378 0.33095 0.29522 0.27484 0.27251 0.28876 0.31856 0.34662 0.35704 0.34819 0.33119 0.31422 0.2952 0.27244 0.25345 0.24757 0.25828
0.31732 0.35079 0.39443 0.44828 0.5125 0.57517 0.61005 0.5974 0.54478 0.47879 0.4194 0.37048 0.33087 0.30257 0.28907 0.29408 0.31825 0.35025 0.367 0.35793 0.33954 0.33633 0.34742 0.34966 0.33154 0.30608 0.29239 0.29672
0.32621 0.35292 0.38989 0.43866 0.4991 0.55663 0.58384 0.564 0.50895 0.44626 0.39357 0.35241 0.32057 0.29966 0.29374 0.30776 0.34113 0.37514 0.38354 0.36362 0.34703 0.36215 0.39321 0.40164 0.37583 0.33812 0.31463 0.31195
0.31584 0.34004 0.3735 0.41744 0.47067 0.51855 0.53703 0.5146 0.46472 0.41121 0.36693 0.33182 0.3047 0.28801 0.28653 0.30565 0.34349 0.37912 0.38824 0.37328 0.36718 0.3902 0.41799 0.41434 0.37672 0.33273 0.30712 0.30325
0.2998 0.32757 0.36208 0.40287 0.44797 0.48511 0.49631 0.47522 0.43414 0.39033 0.35138 0.3172 0.28925 0.27119 0.26791 0.2841 0.31788 0.35188 0.36698 0.36518 0.36804 0.384 0.39254 0.37306 0.33239 0.29562 0.2789 0.28202
0.29275 0.32934 0.36953 0.41038 0.44921 0.47739 0.48361 0.46538 0.43174 0.39287 0.35263 0.31315 0.27857 0.25347 0.24211 0.24795 0.27003 0.29758 0.31696 0.32592 0.33163 0.33466 0.3252 0.29902 0.26777 0.24866 0.24804 0.26413
0.30496 0.35326 0.4021 0.44664 0.48279 0.50531 0.50851 0.49176 0.45997 0.41819 0.37024 0.32079 0.27562 0.23978 0.21691 0.2097 0.21811 0.23673 0.25596 0.26899 0.27323 0.26693 0.24987 0.22821 0.21369 0.21424 0.23134 0.26275
0.34186 0.40203 0.45952 0.50839 0.54443 0.56416 0.56486 0.54616 0.5103 0.4608 0.40222 0.34079 0.28335 0.2355 0.20134 0.18376 0.18283 0.1942 0.20999 0.22163 0.22324 0.21404 0.19924 0.18794 0.18866 0.2058 0.23909 0.28574
0.4044 0.47399 0.5375 0.58884 0.62413 0.6412 0.63878 0.61634 0.57476 0.51695 0.44812 0.37525 0.30595 0.24723 0.20498 0.18249 0.17846 0.18705 0.19977 0.20843 0.20822 0.19999 0.18993 0.18676 0.19817 0.22797 0.27526 0.33593
0.49014 0.56492 0.63037 0.68122 0.71406 0.72769 0.72187 0.69605 0.65017 0.5865 0.51014 0.42834 0.3498 0.2837 0.23781 0.21515 0.2121 0.22057 0.23143 0.23752 0.23577 0.22806 0.22067 0.22238 0.24123 0.28128 0.34059 0.41281
0.59264 0.66787 0.73099 0.77786 0.8061 0.81586 0.80795 0.78141 0.73485 0.6694 0.58958 0.503 0.4201 0.35213 0.30717 0.28657 0.28465 0.29199 0.29965 0.30216 0.29811 0.28991 0.28392 0.28928 0.3144 0.36275 0.43107 0.51098
0.69848 0.76981 0.82696 0.86713 0.8897 0.89653 0.88897 0.86504 0.8218 0.7593 0.68176 0.59736 0.51766 0.45398 0.41282 0.39361 0.38976 0.39205 0.39321 0.3902 0.38311 0.37442 0.37012 0.37917 0.40928 0.46278 0.53536 0.61757
0.78965 0.85354 0.90239 0.93505 0.95284 0.95879 0.95392 0.93534 0.89934 0.84538 0.77742 0.70355 0.63457 0.57967 0.54296 0.52279 0.513 0.50614 0.4979 0.48795 0.47744 0.46837 0.4658 0.47762 0.5101 0.56437 0.63565 0.7144
0.85078 0.90485 0.9446 0.97072 0.98588 0.99311 0.9928 0.98203 0.95736 0.91761 0.86559 0.80828 0.75437 0.71002 0.67705 0.6534 0.63446 0.61601 0.5972 0.5798 0.56537 0.55531 0.55353 0.56616 0.5978 0.64864 0.714 0.78482
0.87229 0.91558 0.94712 0.96893 0.98389 0.99414 0.99968 0.99851 0.98789 0.96592 0.93365 0.89592 0.85849 0.82432 0.79333 0.76398 0.73439 0.70408 0.67511 0.65043 0.63168 0.61996 0.61799 0.62978 0.65799 0.70224 0.75829 0.818
0.8548 0.88952 0.91494 0.9335 0.94791 0.96014 0.9705 0.97721 0.97708 0.96715 0.94706 0.91992 0.88983 0.8591 0.82819 0.79659 0.76352 0.72947 0.69725 0.67017 0.64987 0.63724 0.63472 0.64568 0.67178 0.7115 0.76016 0.8104
0.84324 0.86854 0.8885 0.9061 0.9232 0.94049 0.95813 0.97523 0.98916 0.99643 0.99516 0.98572 0.96865 0.94357 0.91057 0.87099 0.82713 0.78241 0.74133 0.70782 0.68394 0.67067 0.66908 0.67992 0.7026 0.73493 0.77287 0.81074
0.79618 0.81425 0.83124 0.84977 0.87075 0.89389 0.91892 0.94511 0.9702 0.99105 1.005 1.0097 1.0023 0.98103 0.94636 0.90149 0.85067 0.79869 0.75071 0.7114 0.68385 0.66941 0.66807 0.67842 0.6977 0.72246 0.74918 0.77454
0.72887 0.73927 0.75212 0.77041 0.79492 0.82466 0.85824 0.89384 0.92874 0.95966 0.98336 0.99648 0.99551 0.97787 0.94368 0.8961 0.84028 0.78218 0.72822 0.68446 0.655 0.64103 0.64114 0.65188 0.66855 0.68673 0.7035 0.71755
0.65417 0.65213 0.65658 0.67224 0.7 0.73738 0.78079 0.82675 0.87149 0.9107 0.94058 0.95851 0.962 0.94781 0.91407 0.86315 0.80127 0.73634 0.67711 0.63182 0.60527 0.59725 0.60349 0.61763 0.63343 0.64648 0.65442 0.65647
0.58075 0.56017 0.55287 0.56686 0.60089 0.64641 0.69665 0.75015 0.80307 0.84918 0.88433 0.90614 0.9124 0.8993 0.86401 0.80855 0.73972 0.66748 0.60398 0.56099 0.54403 0.55003 0.56978 0.59247 0.61028 0.61935 0.61726 0.60303
0.51951 0.47699 0.45974 0.47918 0.52738 0.58245 0.63044 0.67644 0.72859 0.7792 0.81891 0.84355 0.85016 0.83617 0.79959 0.74351 0.67252 0.59329 0.52375 0.48509 0.48478 0.51333 0.55395 0.59064 0.61353 0.61858 0.60309 0.56721
0.48635 0.42004 0.39158 0.41697 0.48138 0.54692 0.58844 0.61613 0.65441 0.7046 0.74682 0.77186 0.77704 0.76335 0.73797 0.69833 0.62984 0.53713 0.45547 0.42256 0.44628 0.50523 0.57137 0.6249 0.65413 0.65381 0.6218 0.56161
0.4981 0.40515 0.35555 0.37173 0.43809 0.50707 0.5434 0.55681 0.58166 0.62767 0.6693 0.69155 0.69423 0.69196 0.69533 0.67647 0.60438 0.49506 0.40828 0.39359 0.4511 0.54434 0.63583 0.70444 0.73839 0.73097 0.68212 0.59942
0.5671 0.44776 0.36427 0.34598 0.38605 0.44099 0.47251 0.48418 0.50704 0.55031 0.58739 0.60311 0.60423 0.61905 0.64372 0.63201 0.55628 0.45311 0.39505 0.42378 0.52192 0.64341 0.75179 0.82904 0.86372 0.84827 0.78592 0.68746
0.68747 0.54727 0.42425 0.35248 0.34125 0.36398 0.38747 0.40593 0.43557 0.47657 0.5045 0.50967 0.50678 0.52284 0.54307 0.52717 0.46979 0.4201 0.43579 0.52825 0.66195 0.79597 0.90762 0.98492 1.0157 0.99277 0.92225 0.81693
0.82504 0.67054 0.51432 0.39092 0.32478 0.30935 0.32041 0.34363 0.3774 0.41106 0.42582 0.41788 0.40278 0.39987 0.39878 0.3855 0.37904 0.42117 0.5312 0.6837 0.83746 0.97049 1.0767 1.1478 1.1714 1.1423 1.0674 0.95906
0.93505 0.7701 0.59529 0.44132 0.33851 0.2931 0.28912 0.30785 0.33525 0.35499 0.35536 0.33512 0.30514 0.28032 0.26508 0.27266 0.33268 0.46422 0.64714 0.83494 0.9962 1.127 1.2274 1.2891 1.3038 1.2698 1.1911 1.0769
0.99247 0.82045 0.64132 0.4804 0.36456 0.30292 0.28459 0.29088 0.30351 0.30783 0.29638 0.26877 0.23205 0.20076 0.19209 0.23196 0.34496 0.52768 0.74065 0.939 1.1045 1.2372 1.3321 1.3821 1.3874 1.3492 1.2668 1.1444
0.99546 0.82289 0.64944 0.49619 0.3829 0.31593 0.28673 0.27917 0.27729 0.26988 0.25153 0.22283 0.19084 0.17061 0.18315 0.25189 0.38985 0.58282 0.79357 0.98921 1.1564 1.2879 1.3737 1.4116 1.4079 1.3651 1.2791 1.1521
0.94584 0.7815 0.62163 0.48361 0.38041 0.31502 0.28071 0.26515 0.25554 0.24243 0.22181 0.19612 0.17457 0.17213 0.20645 0.29218 0.4327 0.6136 0.80852 0.99372 1.1535 1.2752 1.3501 1.3786 1.3666 1.3163 1.2258 1.0986
0.84433 0.69549 0.55612 0.43872 0.35089 0.29437 0.26481 0.2523 0.24441 0.23127 0.21018 0.18708 0.17388 0.18448 0.23109 0.32049 0.4508 0.61116 0.78434 0.95103 1.0942 1.2019 1.2674 1.2894 1.269 1.2089 1.1129 0.98796
0.70188 0.57353 0.45902 0.36624 0.30027 0.26342 0.25214 0.25516 0.25677 0.24596 0.22287 0.19774 0.18489 0.19699 0.24215 0.32236 0.43364 0.56826 0.71475 0.85757 0.9814 1.0759 1.1341 1.1499 1.1209 1.052 0.95266 0.83246
0.53946 0.4359 0.34878 0.28417 0.24752 0.2408 0.25527 0.27346 0.281 0.27166 0.24939 0.22406 0.20619 0.20713 0.23662 0.29639 0.3822 0.48759 0.60453 0.72211 0.82863 0.91397 0.96707 0.97579 0.93699 0.86094 0.76206 0.6515
0.37958 0.30489 0.24768 0.21489 0.21209 0.23138 0.25258 0.26396 0.26503 0.26053 0.2545 0.24516 0.22956 0.21533 0.21965 0.2521 0.30924 0.38417 0.47085 0.56383 0.65784 0.74238 0.79599 0.79717 0.74421 0.65752 0.56074 0.46643
0.24409 0.20115 0.17625 0.17766 0.20318 0.22514 0.22131 0.19804 0.18139 0.19051 0.22162 0.24853 0.24659 0.2208 0.19914 0.20334 0.23203 0.27699 0.33367 0.40359 0.48876 0.57565 0.63038 0.62243 0.55434 0.45956 0.37105 0.30023
0.15392 0.14271 0.15042 0.18515 0.22856 0.23794 0.19194 0.12087 0.082178 0.10789 0.18161 0.24858 0.26214 0.22741 0.18438 0.16442 0.16793 0.18538 0.21346 0.25924 0.33029 0.41115 0.46002 0.443 0.36942 0.28236 0.21682 0.17747
0.1209 0.13596 0.1716 0.23414 0.29294 0.29368 0.21174 0.096313 0.034496 0.07193 0.17816 0.27051 0.28802 0.24228 0.18371 0.14751 0.13271 0.12876 0.13253 0.15497 0.20774 0.27503 0.31304 0.2906 0.224 0.15902 0.12469 0.11673
0.13797 0.16726 0.21864 0.29698 0.36685 0.36616 0.26511 0.1244 0.05409 0.10666 0.23011 0.32078 0.32289 0.26325 0.19745 0.15609 0.13364 0.11934 0.111 0.12233 0.16583 0.22392 0.25316 0.22793 0.16999 0.12348 0.1099 0.1194
0.17941 0.20751 0.25681 0.33097 0.3973 0.39853 0.30991 0.19324 0.15125 0.2173 0.32242 0.37421 0.34603 0.27755 0.21747 0.18282 0.16443 0.15381 0.15111 0.16999 0.21867 0.27518 0.29786 0.26804 0.21117 0.16808 0.15539 0.16284
0.21443 0.2291 0.26139 0.31374 0.36454 0.37628 0.33741 0.29097 0.2941 0.34767 0.3955 0.39064 0.33833 0.27609 0.23416 0.21441 0.20887 0.21261 0.22725 0.26252 0.31939 0.37286 0.38679 0.35054 0.29064 0.24229 0.21837 0.21137
0.22427 0.22161 0.23367 0.26185 0.29837 0.3268 0.34244 0.35862 0.385 0.40689 0.40005 0.35977 0.30563 0.26303 0.24174 0.23887 0.24961 0.27059 0.30174 0.34684 0.40166 0.44367 0.44656 0.40709 0.34884 0.29775 0.2622 0.23841
0.20817 0.19349 0.19395 0.21017 0.24075 0.28105 0.32479 0.36497 0.39012 0.38831 0.35838 0.3135 0.27264 0.24719 0.24019 0.25069 0.27564 0.31053 0.35127 0.39618 0.43936 0.46513 0.45837 0.42063 0.36879 0.3182 0.27364 0.23594
0.17822 0.16238 0.16425 0.18341 0.21805 0.26404 0.31316 0.35256 0.36918 0.35796 0.32598 0.28716 0.25415 0.23497 0.23362 0.25081 0.28376 0.32671 0.37282 0.41566 0.44825 0.46098 0.44723 0.41033 0.36072 0.30717 0.25522 0.21042
0.15119 0.14502 0.15865 0.19028 0.23565 0.28768 0.33616 0.36927 0.37806 0.36154 0.32719 0.28679 0.25165 0.23016 0.22709 0.24358 0.2772 0.32231 0.3709 0.41386 0.44179 0.44695 0.42663 0.38498 0.33063 0.27265 0.21906 0.1768
0.14139 0.152 0.18267 0.22957 0.28608 0.34314 0.39017 0.41712 0.41816 0.3944 0.35345 0.30629 0.26396 0.23515 0.22501 0.23515 0.26396 0.30629 0.35345 0.3944 0.41816 0.41712 0.39017 0.34314 0.28608 0.22957 0.18267 0.152
0.15677 0.18632 0.23399 0.2936 0.35714 0.41566 0.45943 0.47974 0.47264 0.4411 0.39323 0.33903 0.28841 0.25009 0.23031 0.23172 0.25305 0.28901 0.33065 0.36632 0.38421 0.37678 0.34461 0.29603 0.24271 0.19546 0.16238 0.14867
0.19716 0.24219 0.30198 0.36896 0.43529 0.49313 0.53327 0.54657 0.53027 0.4903 0.43593 0.37581 0.31828 0.27195 0.2439 0.23726 0.25064 0.27891 0.31349 0.34255 0.35381 0.34059 0.30612 0.2611 0.21751 0.18458 0.16825 0.17201
0.2533 0.30581 0.36995 0.43863 0.50569 0.56463 0.60331 0.60909 0.58083 0.52999 0.46918 0.4055 0.34526 0.29608 0.26435 0.25267 0.26001 0.28205 0.31017 0.33163 0.33513 0.31837 0.28775 0.25276 0.22242 0.20381 0.20148 0.21782
0.30926 0.36067 0.4218 0.48757 0.55486 0.61594 0.65308 0.6501 0.6091 0.54812 0.48322 0.42037 0.36308 0.31702 0.28694 0.2751 0.28117 0.30059 0.32165 0.33052 0.32407 0.3098 0.29413 0.27702 0.25948 0.24882 0.25208 0.27226
0.34884 0.39369 0.44743 0.5075 0.57253 0.63225 0.66461 0.65279 0.60317 0.53832 0.47519 0.41795 0.36785 0.32874 0.30442 0.29758 0.30823 0.32854 0.34075 0.3349 0.32174 0.31881 0.32565 0.32635 0.31438 0.3012 0.30049 0.31674
0.36264 0.39993 0.44558 0.49842 0.55722 0.61004 0.6344 0.61637 0.56576 0.50531 0.44955 0.40063 0.35897 0.32772 0.31064 0.3112 0.32903 0.35172 0.35867 0.34589 0.33515 0.34657 0.36867 0.3743 0.35699 0.33505 0.32698 0.33706
0.35333 0.38601 0.42574 0.47116 0.52053 0.56254 0.57829 0.55857 0.51413 0.46372 0.41733 0.37583 0.34055 0.31491 0.30283 0.30808 0.32982 0.3543 0.36254 0.35446 0.35233 0.36991 0.38953 0.38624 0.36035 0.33381 0.32342 0.33113
0.33339 0.36654 0.40428 0.44402 0.48377 0.51479 0.52383 0.50611 0.47084 0.43057 0.39066 0.35226 0.31863 0.29374 0.28141 0.28493 0.30354 0.32634 0.33864 0.3402 0.34476 0.35727 0.36312 0.34899 0.32201 0.30135 0.29704 0.30889
0.31686 0.35523 0.39544 0.43366 0.46717 0.49028 0.49523 0.48027 0.45159 0.41591 0.3761 0.33528 0.29801 0.26872 0.25075 0.24666 0.25629 0.27333 0.28772 0.29625 0.30234 0.30547 0.29904 0.28167 0.26355 0.25629 0.26386 0.28504
0.31473 0.36127 0.40725 0.44807 0.48005 0.4992 0.50181 0.48744 0.45916 0.4207 0.37543 0.32773 0.28297 0.24571 0.21911 0.20562 0.20577 0.21604 0.22961 0.24019 0.2445 0.24079 0.22966 0.21708 0.21166 0.219 0.24002 0.27289
0.33483 0.39033 0.44295 0.4873 0.51945 0.53668 0.53723 0.5207 0.48845 0.44336 0.38964 0.33273 0.2784 0.23165 0.19665 0.17654 0.17172 0.17856 0.19027 0.19953 0.20137 0.19519 0.18529 0.1792 0.18406 0.20352 0.23717 0.28218
0.3814 0.44446 0.50207 0.5486 0.58021 0.59531 0.59329 0.57343 0.53591 0.48344 0.42106 0.35498 0.29136 0.23599 0.19511 0.17308 0.16887 0.17644 0.18768 0.19522 0.19502 0.18789 0.17924 0.17698 0.18844 0.21755 0.26275 0.31908
0.45513 0.52242 0.58183 0.62801 0.65755 0.66982 0.66503 0.64219 0.60068 0.54291 0.47415 0.40086 0.32982 0.26907 0.22673 0.20678 0.20596 0.21563 0.2266 0.23212 0.22956 0.22079 0.21179 0.2112 0.22761 0.26489 0.31996 0.3857
0.55106 0.61867 0.67593 0.71861 0.74423 0.75335 0.74691 0.72355 0.68168 0.62288 0.55171 0.47477 0.40082 0.33998 0.30042 0.28403 0.28519 0.2943 0.30236 0.30408 0.29827 0.28744 0.278 0.27934 0.30025 0.3439 0.40605 0.47801
0.6567 0.72014 0.77146 0.80792 0.82859 0.8354 0.8297 0.80941 0.77185 0.71759 0.65034 0.57703 0.50751 0.45186 0.4165 0.40123 0.39964 0.40292 0.40384 0.39941 0.38984 0.37778 0.36945 0.37395 0.39905 0.4467 0.51181 0.585
0.75341 0.80881 0.8517 0.88089 0.8973 0.90378 0.90148 0.88772 0.85915 0.81546 0.75966 0.69808 0.63961 0.59219 0.55994 0.54178 0.53241 0.52504 0.5155 0.50349 0.49022 0.47785 0.47169 0.47962 0.50755 0.55588 0.61913 0.68811
0.82345 0.86881 0.90247 0.9252 0.93933 0.94775 0.9511 0.94678 0.93135 0.90326 0.8642 0.81909 0.77464 0.73604 0.70529 0.68141 0.66087 0.64018 0.61892 0.59909 0.58225 0.5698 0.56569 0.57585 0.6041 0.64958 0.70695 0.76779
0.79476 0.83224 0.86064 0.88052 0.89388 0.90354 0.91023 0.91143 0.90394 0.88639 0.85942 0.82596 0.79067 0.75762 0.72914 0.70523 0.68362 0.66139 0.63825 0.61613 0.59666 0.58148 0.5748 0.58238 0.60727 0.64759 0.6973 0.74862
0.83554 0.86291 0.88327 0.89912 0.91311 0.92728 0.94206 0.95555 0.96433 0.96504 0.95632 0.93935 0.91631 0.88886 0.85812 0.82479 0.78905 0.75203 0.71702 0.68762 0.66549 0.65149 0.64791 0.65771 0.68164 0.71703 0.75869 0.80006
0.83258 0.8511 0.8663 0.88159 0.89892 0.91896 0.94181 0.9664 0.98947 1.0066 1.0149 1.013 1.0004 0.97644 0.94186 0.89906 0.85131 0.80281 0.7586 0.72296 0.69806 0.68477 0.68369 0.69481 0.71651 0.74558 0.7777 0.80795
0.79182 0.8038 0.81655 0.83345 0.85548 0.88211 0.91287 0.94667 0.98042 1.0098 1.0309 1.0403 1.0348 1.0126 0.97492 0.92575 0.87043 0.81444 0.76331 0.72201 0.69395 0.6805 0.68105 0.69308 0.71268 0.73551 0.75783 0.77697
0.72737 0.73241 0.74166 0.75903 0.78542 0.81942 0.8591 0.90204 0.94458 0.98219 1.0106 1.0259 1.0248 1.005 0.96686 0.91439 0.85368 0.79134 0.73407 0.68838 0.65892 0.64686 0.64994 0.66345 0.68152 0.69898 0.71272 0.72185
0.65201 0.64512 0.64658 0.66212 0.69286 0.73546 0.78528 0.8379 0.88876 0.93276 0.96539 0.98383 0.98591 0.96871 0.93059 0.87435 0.80694 0.737 0.67396 0.62691 0.6012 0.59621 0.6065 0.6243 0.64233 0.65562 0.66153 0.6595
0.57514 0.55 0.54107 0.55782 0.59812 0.65027 0.70507 0.76182 0.81861 0.86779 0.90451 0.92594 0.92993 0.91323 0.87336 0.81226 0.73707 0.65863 0.59033 0.54566 0.53064 0.54111 0.56627 0.59377 0.6147 0.62463 0.62084 0.60259
0.50883 0.46212 0.44547 0.47229 0.53218 0.59683 0.64734 0.6904 0.74025 0.79207 0.83263 0.85641 0.86032 0.84268 0.80224 0.74289 0.66619 0.57815 0.50046 0.45877 0.46151 0.49657 0.54435 0.58725 0.61416 0.62024 0.60262 0.56215
0.47034 0.3989 0.3716 0.4075 0.48839 0.56713 0.611 0.63147 0.66167 0.70974 0.75229 0.77624 0.77888 0.76331 0.73994 0.70044 0.62383 0.5161 0.42107 0.38403 0.41322 0.48205 0.55759 0.61854 0.65237 0.65279 0.61784 0.55226
0.47869 0.37831 0.32734 0.35292 0.43659 0.52073 0.56104 0.56721 0.58235 0.62424 0.66578 0.68689 0.688 0.68942 0.69914 0.67915 0.59272 0.46203 0.35977 0.34368 0.41142 0.51833 0.62115 0.69771 0.73628 0.72903 0.67664 0.58792
0.54918 0.42037 0.33128 0.31723 0.37037 0.43891 0.47596 0.48356 0.49929 0.53923 0.57606 0.59054 0.59231 0.61327 0.64259 0.62406 0.52891 0.40424 0.33593 0.37044 0.48387 0.62062 0.74011 0.82481 0.86351 0.84766 0.78164 0.67752
0.67618 0.52642 0.3945 0.32059 0.31533 0.3472 0.37618 0.39409 0.42073 0.46052 0.48819 0.49186 0.48996 0.50949 0.52846 0.50095 0.4255 0.36245 0.37857 0.4843 0.63489 0.78191 0.90211 0.98537 1.0193 0.9954 0.92159 0.81205
0.82176 0.6595 0.49382 0.36418 0.29792 0.28657 0.30149 0.326 0.35971 0.3937 0.40789 0.39797 0.38195 0.37784 0.37074 0.346 0.32881 0.36913 0.48905 0.65757 0.82508 0.96648 1.0781 1.1535 1.1792 1.1489 1.0712 0.96006
0.93696 0.76662 0.58428 0.42368 0.31788 0.27299 0.27078 0.29086 0.31918 0.33939 0.33882 0.31616 0.28351 0.25483 0.23305 0.23343 0.29099 0.42863 0.62433 0.82516 0.9949 1.1302 1.2341 1.2988 1.3147 1.2793 1.1982 1.0817
0.9961 0.82049 0.63648 0.47076 0.3519 0.2894 0.27143 0.27838 0.29162 0.29589 0.28333 0.25351 0.21399 0.1792 0.16647 0.2039 0.31913 0.50941 0.73213 0.93831 1.1084 1.2439 1.3413 1.3933 1.399 1.3597 1.2752 1.1505
0.99925 0.82419 0.6479 0.4919 0.37668 0.30881 0.27938 0.27188 0.26997 0.26216 0.24284 0.21265 0.17889 0.15687 0.168 0.23695 0.37782 0.57591 0.79202 0.99172 1.1617 1.2955 1.383 1.422 1.4184 1.3747 1.2872 1.1581
0.94916 0.78324 0.62185 0.48249 0.37829 0.31231 0.27765 0.26185 0.25197 0.23843 0.21718 0.19074 0.16848 0.16554 0.19984 0.28637 0.42872 0.61208 0.80949 0.99685 1.1585 1.2818 1.3577 1.3865 1.3744 1.3236 1.2321 1.1035
0.84627 0.69675 0.55677 0.43887 0.35064 0.29384 0.26409 0.25142 0.24336 0.22997 0.20859 0.18522 0.17187 0.18246 0.2293 0.31918 0.45022 0.61146 0.78559 0.95323 1.0973 1.2056 1.2715 1.2935 1.2731 1.2127 1.1163 0.99064
0.70188 0.57353 0.45902 0.36624 0.30027 0.26342 0.25214 0.25516 0.25677 0.24596 0.22287 0.19774 0.18489 0.19699 0.24215 0.32236 0.43364 0.56826 0.71475 0.85757 0.9814 1.0759 1.1341 1.1499 1.1209 1.052 0.95266 0.83246
0.53813 0.43495 0.34813 0.28372 0.24717 0.24044 0.25504 0.27354 0.28147 0.27243 0.25022 0.22469 0.20657 0.20733 0.23666 0.29618 0.38163 0.48658 0.60301 0.72001 0.8259 0.91063 0.96329 0.97193 0.93344 0.85795 0.75969 0.6497
0.37877 0.30453 0.24763 0.21493 0.21207 0.23199 0.25485 0.26829 0.27086 0.26663 0.25937 0.24792 0.23047 0.21541 0.21965 0.25198 0.30882 0.38329 0.46935 0.56135 0.65381 0.73648 0.78873 0.78981 0.7381 0.65331 0.55822 0.46499
0.2465 0.20366 0.17872 0.17996 0.20647 0.23244 0.23514 0.21801 0.20429 0.21229 0.23853 0.25852 0.25083 0.22238 0.20049 0.20502 0.23383 0.27876 0.33513 0.40386 0.48654 0.57022 0.62274 0.61502 0.54953 0.45807 0.37201 0.30231
0.16205 0.14998 0.15688 0.19143 0.23869 0.25825 0.22615 0.16573 0.13026 0.1526 0.21701 0.27075 0.27298 0.23274 0.18897 0.16997 0.17444 0.19288 0.22184 0.26761 0.33693 0.4149 0.46182 0.44551 0.37481 0.2906 0.22622 0.18648
0.13561 0.14829 0.18176 0.24386 0.30882 0.32492 0.26279 0.16124 0.10305 0.13597 0.22933 0.30287 0.3045 0.25142 0.19234 0.15814 0.14563 0.14443 0.15171 0.17742 0.23162 0.29839 0.33568 0.31385 0.24836 0.18295 0.14597 0.13445
0.15782 0.18288 0.23015 0.30632 0.38139 0.39676 0.31813 0.19464 0.12988 0.17638 0.28283 0.35177 0.3382 0.27319 0.20905 0.17132 0.1528 0.14352 0.14192 0.16027 0.20865 0.26866 0.29817 0.27272 0.21312 0.16209 0.14173 0.14446
0.20132 0.22356 0.26681 0.33605 0.40391 0.4175 0.34938 0.25015 0.21298 0.26967 0.35625 0.39029 0.35329 0.28514 0.23004 0.2007 0.18785 0.18409 0.19003 0.21745 0.27205 0.33109 0.35414 0.32332 0.26316 0.21357 0.19227 0.19142
0.23533 0.24318 0.2685 0.31415 0.36274 0.3804 0.35389 0.31758 0.32081 0.36487 0.40067 0.38884 0.33721 0.28094 0.246 0.23264 0.23375 0.24513 0.26817 0.31067 0.37188 0.42691 0.4409 0.4037 0.34091 0.28678 0.25487 0.23963
0.24205 0.23256 0.23817 0.26007 0.29239 0.32069 0.33888 0.35604 0.37928 0.39616 0.38686 0.34897 0.30124 0.26628 0.2518 0.25554 0.27344 0.30214 0.3406 0.391 0.44839 0.49107 0.494 0.45413 0.39395 0.33821 0.29556 0.26376
0.22178 0.20114 0.19673 0.20884 0.23587 0.27352 0.31493 0.3522 0.37442 0.37163 0.34396 0.30418 0.26929 0.2494 0.24792 0.26457 0.29657 0.33899 0.38663 0.43644 0.48215 0.50885 0.50233 0.46402 0.40976 0.35408 0.30225 0.25672
0.18745 0.16729 0.16652 0.1843 0.21806 0.26283 0.30991 0.34687 0.36176 0.3505 0.32003 0.28343 0.25284 0.2365 0.23892 0.26117 0.30037 0.35016 0.4029 0.45122 0.48735 0.50181 0.48824 0.44972 0.39616 0.3365 0.27744 0.22561
0.15677 0.14867 0.16238 0.19546 0.24271 0.29603 0.34461 0.37678 0.38421 0.36632 0.33065 0.28901 0.25305 0.23172 0.23031 0.25009 0.28841 0.33903 0.39323 0.4411 0.47264 0.47974 0.45943 0.41566 0.35714 0.2936 0.23399 0.18632
0.14522 0.15698 0.19075 0.24186 0.30262 0.36288 0.41138 0.43808 0.43752 0.41106 0.36653 0.31541 0.26944 0.23804 0.22695 0.23804 0.26944 0.31541 0.36653 0.41106 0.43752 0.43808 0.41138 0.36288 0.30262 0.24186 0.19075 0.15698
0.16184 0.19593 0.24978 0.31614 0.38579 0.44864 0.4944 0.51456 0.50552 0.4703 0.41711 0.35661 0.29968 0.25594 0.23238 0.23204 0.25344 0.29067 0.33399 0.37124 0.39053 0.38448 0.35331 0.30461 0.24979 0.2003 0.16544 0.15157
0.20684 0.25955 0.32814 0.40373 0.47716 0.53947 0.58119 0.5941 0.5759 0.53185 0.47101 0.40282 0.33674 0.28247 0.24798 0.23677 0.24722 0.27352 0.30653 0.3345 0.3458 0.33416 0.30205 0.25893 0.21629 0.18396 0.16905 0.17607
0.27024 0.33289 0.40747 0.48538 0.55875 0.6201 0.65868 0.66392 0.63493 0.58135 0.51433 0.44176 0.37151 0.31251 0.27208 0.25307 0.25396 0.26992 0.29259 0.31059 0.31381 0.29933 0.27208 0.24075 0.21426 0.19994 0.2029 0.22607
0.33452 0.39754 0.46958 0.54362 0.61443 0.67476 0.71 0.70692 0.66722 0.60577 0.53608 0.46442 0.39641 0.33933 0.29888 0.27712 0.27304 0.28226 0.29563 0.30182 0.29669 0.28476 0.27102 0.257 0.24567 0.24356 0.25625 0.28651
0.38146 0.43817 0.50216 0.5684 0.63388 0.69017 0.71961 0.7086 0.66228 0.5989 0.53224 0.46666 0.40584 0.3554 0.31972 0.30076 0.29789 0.30545 0.31095 0.30562 0.29573 0.29322 0.29802 0.3 0.29626 0.29606 0.30857 0.33722
0.39993 0.44796 0.50216 0.5588 0.61564 0.6635 0.68482 0.66855 0.62247 0.56451 0.50601 0.44955 0.39806 0.35616 0.32755 0.31449 0.3164 0.3256 0.32743 0.31765 0.31043 0.31932 0.33634 0.34337 0.33731 0.33204 0.33946 0.36262
0.39144 0.43252 0.47828 0.52516 0.57095 0.60749 0.62064 0.60336 0.56389 0.51629 0.46784 0.42024 0.37692 0.34216 0.31927 0.31063 0.31574 0.32656 0.32975 0.32408 0.32389 0.33788 0.35381 0.35519 0.34369 0.33517 0.33994 0.35943
0.3675 0.40579 0.4465 0.48573 0.52117 0.54708 0.55425 0.53926 0.50865 0.47099 0.42989 0.38768 0.34856 0.31677 0.29529 0.28628 0.28958 0.29917 0.30525 0.30663 0.31149 0.32231 0.3291 0.32362 0.31219 0.30748 0.31551 0.33625
0.34147 0.38123 0.42113 0.45727 0.4868 0.50595 0.50981 0.49724 0.47215 0.43871 0.39953 0.35784 0.31822 0.28475 0.26008 0.24624 0.24377 0.24933 0.25676 0.26285 0.26864 0.27301 0.27172 0.26494 0.26017 0.26446 0.28024 0.30662
0.32497 0.36919 0.41198 0.44919 0.47756 0.49401 0.49605 0.48339 0.45801 0.42273 0.3805 0.33518 0.2913 0.25265 0.22215 0.20239 0.19463 0.19685 0.20423 0.21174 0.21599 0.21536 0.21086 0.20717 0.21043 0.22447 0.24954 0.28389
0.32799 0.3782 0.42563 0.46557 0.4942 0.50922 0.50955 0.49484 0.46586 0.42515 0.37671 0.32508 0.27478 0.22925 0.19265 0.16952 0.16098 0.16381 0.17204 0.17935 0.18151 0.17803 0.17246 0.17108 0.1799 0.20204 0.2365 0.27961
0.35861 0.41403 0.46557 0.50754 0.53594 0.54936 0.5476 0.52986 0.49601 0.44881 0.39345 0.3356 0.27872 0.22666 0.18603 0.16316 0.15848 0.16547 0.17585 0.18273 0.18259 0.17622 0.16853 0.16695 0.17921 0.20881 0.25241 0.3038
0.41964 0.47867 0.53197 0.57391 0.60078 0.61202 0.60801 0.58755 0.54987 0.49781 0.43706 0.37299 0.30998 0.25446 0.21492 0.19688 0.198 0.20926 0.22089 0.22623 0.22288 0.21279 0.20191 0.1993 0.21414 0.24947 0.30046 0.35912
0.50804 0.56795 0.61956 0.65856 0.6822 0.69097 0.68571 0.66486 0.62703 0.57435 0.51142 0.444 0.37903 0.32527 0.29098 0.27878 0.28327 0.29455 0.30354 0.30479 0.29717 0.28351 0.27051 0.268 0.28504 0.32426 0.38024 0.44395
0.61324 0.6692 0.71508 0.7483 0.76761 0.77463 0.77052 0.7532 0.72056 0.67363 0.61571 0.55294 0.49341 0.4458 0.41642 0.40547 0.40663 0.41135 0.41258 0.407 0.39483 0.37919 0.36674 0.36662 0.38673 0.42859 0.4863 0.55054
0.71576 0.76337 0.80081 0.82703 0.84243 0.84961 0.84961 0.83992 0.81778 0.78333 0.73863 0.68873 0.6405 0.6005 0.57281 0.55705 0.54848 0.54117 0.53089 0.51704 0.50084 0.48493 0.47507 0.479 0.50238 0.54493 0.60035 0.65986
0.67738 0.71806 0.75064 0.77434 0.78911 0.7971 0.79914 0.79283 0.77625 0.74967 0.71489 0.676 0.63779 0.60516 0.58213 0.56903 0.56161 0.55466 0.54406 0.52855 0.50936 0.48987 0.47635 0.47626 0.49513 0.532 0.57979 0.63021
0.76563 0.79616 0.81996 0.83744 0.85025 0.86119 0.87092 0.87683 0.87612 0.86788 0.85183 0.82936 0.80292 0.77526 0.74907 0.72539 0.70299 0.67974 0.65512 0.63086 0.60867 0.59067 0.58144 0.5864 0.60801 0.6434 0.68579 0.72817
0.81556 0.83668 0.85286 0.86642 0.88008 0.89616 0.91498 0.93428 0.95051 0.96045 0.96208 0.95459 0.93825 0.91398 0.88355 0.84891 0.81116 0.7718 0.7344 0.70277 0.67871 0.66307 0.65814 0.66658 0.6883 0.71958 0.75473 0.78801
0.82089 0.83394 0.84526 0.85853 0.87605 0.89871 0.92638 0.95741 0.98806 1.0136 1.0302 1.0353 1.0268 1.0041 0.96846 0.92328 0.87247 0.82076 0.77372 0.73604 0.71 0.69627 0.69512 0.706 0.7265 0.7525 0.77934 0.80291
0.78637 0.79345 0.80269 0.81807 0.841 0.87093 0.90698 0.94741 0.9884 1.0248 1.052 1.0656 1.062 1.0394 0.99943 0.94689 0.88778 0.8282 0.77415 0.73097 0.7023 0.68941 0.69113 0.70418 0.72373 0.74471 0.76317 0.77707
0.72487 0.72548 0.73168 0.7482 0.77629 0.81428 0.85954 0.90888 0.95785 1.001 1.0333 1.0506 1.0496 1.0282 0.98701 0.93046 0.86541 0.79912 0.73875 0.69131 0.66179 0.65122 0.65658 0.67214 0.69118 0.7079 0.71905 0.7241
0.64914 0.63819 0.63718 0.65285 0.68658 0.73397 0.78931 0.8476 0.90352 0.95147 0.9864 1.0054 1.0064 0.98682 0.94512 0.88434 0.81195 0.7373 0.6707 0.62206 0.59706 0.59463 0.60826 0.62906 0.64888 0.6623 0.66648 0.66101
0.56944 0.54058 0.5308 0.55093 0.59777 0.65625 0.71459 0.77294 0.83211 0.88367 0.92172 0.94292 0.94508 0.92544 0.88178 0.81588 0.73524 0.65112 0.5782 0.53179 0.51839 0.53274 0.56257 0.59419 0.61778 0.6284 0.62308 0.60134
0.49893 0.44875 0.43331 0.46787 0.53952 0.61353 0.66602 0.70505 0.75104 0.80302 0.84423 0.86736 0.8691 0.84851 0.80554 0.74418 0.66248 0.56593 0.48011 0.4352 0.44055 0.48152 0.5356 0.58391 0.61427 0.62117 0.6016 0.55711
0.45597 0.38 0.35402 0.40008 0.49677 0.58819 0.63438 0.64765 0.66918 0.71399 0.75664 0.77974 0.78047 0.76434 0.74391 0.70489 0.62041 0.49818 0.39031 0.34926 0.38357 0.46157 0.54556 0.61285 0.65055 0.65151 0.61402 0.54378
0.46183 0.35473 0.30247 0.3366 0.43606 0.53422 0.57858 0.57838 0.58422 0.62143 0.66256 0.68284 0.68336 0.6891 0.70472 0.68306 0.5829 0.4325 0.31624 0.29916 0.37652 0.4959 0.60867 0.69186 0.73415 0.72702 0.67174 0.57796
0.53426 0.3972 0.30317 0.29278 0.35726 0.43779 0.48012 0.48459 0.49402 0.5305 0.5669 0.58053 0.5837 0.61026 0.64296 0.61749 0.50484 0.36145 0.28454 0.32456 0.45169 0.60177 0.73056 0.82116 0.86298 0.84683 0.77798 0.66935
0.6673 0.50973 0.37054 0.29494 0.29468 0.33418 0.36802 0.38581 0.40999 0.44851 0.47593 0.47865 0.47798 0.50017 0.51734 0.47953 0.38893 0.31499 0.33168 0.44862 0.6133 0.77094 0.89781 0.98551 1.0216 0.99714 0.92095 0.80825
0.81935 0.65135 0.47866 0.34449 0.27829 0.27017 0.28821 0.31384 0.34751 0.38165 0.39546 0.38424 0.3677 0.36246 0.35037 0.31659 0.29111 0.32998 0.45732 0.63799 0.81592 0.96355 1.079 1.1574 1.1845 1.1533 1.0737 0.9607
0.93813 0.76436 0.57717 0.41231 0.30466 0.26022 0.25926 0.28026 0.30917 0.32971 0.32856 0.30441 0.27006 0.23873 0.21242 0.20785 0.2636 0.40514 0.60919 0.81862 0.99395 1.1321 1.2381 1.3047 1.3213 1.285 1.2025 1.0846
0.99797 0.82053 0.63398 0.46575 0.34532 0.28239 0.26462 0.27192 0.2855 0.28976 0.27663 0.24566 0.20466 0.16798 0.15301 0.18905 0.3054 0.49965 0.72755 0.93789 1.1103 1.2472 1.3459 1.3989 1.4049 1.3649 1.2793 1.1536
1.0005 0.82464 0.64739 0.49045 0.37456 0.30638 0.27687 0.26939 0.26748 0.25953 0.23988 0.20918 0.17481 0.15216 0.1628 0.23181 0.37367 0.57352 0.79149 0.99257 1.1635 1.298 1.3862 1.4254 1.4219 1.3779 1.2899 1.1601
0.94916 0.78324 0.62185 0.48249 0.37829 0.31231 0.27765 0.26185 0.25197 0.23843 0.21718 0.19074 0.16848 0.16554 0.19984 0.28637 0.42872 0.61208 0.80949 0.99685 1.1585 1.2818 1.3577 1.3865 1.3744 1.3236 1.2321 1.1035
0.84433 0.69549 0.55612 0.43872 0.35089 0.29437 0.26481 0.2523 0.24441 0.23127 0.21018 0.18708 0.17388 0.18448 0.23109 0.32049 0.4508 0.61116 0.78434 0.95103 1.0942 1.2019 1.2674 1.2894 1.269 1.2089 1.1129 0.98796
0.69819 0.5709 0.45727 0.36522 0.29978 0.26327 0.25217 0.25535 0.25732 0.24705 0.22449 0.1997 0.18693 0.19881 0.24345 0.32284 0.43304 0.56637 0.71141 0.8527 0.97511 1.0685 1.1262 1.1419 1.1131 1.0448 0.94654 0.82756
0.5342 0.43214 0.34621 0.28241 0.24609 0.23931 0.25419 0.27352 0.28251 0.27433 0.25231 0.22631 0.20753 0.20787 0.23675 0.29553 0.37993 0.48361 0.59854 0.71379 0.81781 0.90075 0.95215 0.96052 0.92293 0.84912 0.7527 0.64439
0.37721 0.30385 0.24753 0.21497 0.21188 0.2327 0.25835 0.2754 0.28066 0.27688 0.26746 0.2523 0.23171 0.21536 0.21957 0.25174 0.30798 0.38158 0.46643 0.55655 0.64601 0.72513 0.77476 0.77564 0.72632 0.64518 0.55332 0.46218
0.25041 0.20771 0.18265 0.18342 0.2109 0.2422 0.25412 0.24593 0.23656 0.24284 0.2618 0.27177 0.25611 0.22431 0.20249 0.20768 0.23673 0.28163 0.33749 0.40433 0.48305 0.56169 0.61072 0.60338 0.54195 0.45575 0.37359 0.30569
0.17375 0.16042 0.16595 0.19957 0.25071 0.28225 0.26755 0.22129 0.19057 0.20829 0.25997 0.29665 0.28517 0.23897 0.19516 0.17786 0.18381 0.20366 0.23378 0.27935 0.34599 0.41971 0.46379 0.44851 0.382 0.30203 0.23952 0.1994
0.15524 0.16463 0.1948 0.25492 0.3251 0.35736 0.31811 0.23438 0.18179 0.20862 0.28519 0.33647 0.32102 0.26131 0.20317 0.17216 0.16284 0.16523 0.17679 0.20609 0.26134 0.32676 0.36284 0.34195 0.27846 0.21329 0.17361 0.1579
0.18284 0.2024 0.2439 0.31548 0.39337 0.42383 0.36944 0.26687 0.20962 0.24817 0.3341 0.37964 0.35135 0.28319 0.22292 0.19031 0.17695 0.17377 0.1798 0.20549 0.25835 0.31953 0.34894 0.32364 0.26316 0.20808 0.18069 0.1758
0.22786 0.24275 0.27811 0.33972 0.40604 0.42974 0.38217 0.30224 0.27075 0.31666 0.38329 0.40043 0.35728 0.29242 0.24461 0.22214 0.21617 0.22037 0.23557 0.27136 0.33097 0.39155 0.41461 0.38332 0.32094 0.26567 0.23577 0.22586
0.25991 0.2595 0.27625 0.313 0.35669 0.37785 0.36237 0.33602 0.33934 0.37374 0.39826 0.38161 0.33347 0.28573 0.25945 0.25388 0.26297 0.28305 0.31484 0.36406 0.42847 0.48403 0.49784 0.46043 0.39599 0.33701 0.29719 0.2729
0.2625 0.24492 0.24288 0.25725 0.28365 0.31008 0.32949 0.34697 0.367 0.3794 0.36881 0.33503 0.29555 0.26952 0.26298 0.27452 0.30081 0.33826 0.38452 0.44002 0.4993 0.54203 0.54496 0.50534 0.44403 0.38401 0.33388 0.29306
0.23699 0.20938 0.19933 0.20674 0.22969 0.26392 0.30236 0.33639 0.35576 0.35239 0.32759 0.29357 0.26509 0.25134 0.25613 0.2799 0.32002 0.37093 0.42627 0.48137 0.52962 0.55715 0.55095 0.51233 0.45571 0.39454 0.33461 0.28021
0.19716 0.17201 0.16825 0.18458 0.21751 0.2611 0.30612 0.34059 0.35381 0.34255 0.31349 0.27891 0.25064 0.23726 0.2439 0.27195 0.31828 0.37581 0.43593 0.4903 0.53027 0.54657 0.53327 0.49313 0.43529 0.36896 0.30198 0.24219
0.16184 0.15157 0.16544 0.2003 0.24979 0.30461 0.35331 0.38448 0.39053 0.37124 0.33399 0.29067 0.25344 0.23204 0.23238 0.25594 0.29968 0.35661 0.41711 0.4703 0.50552 0.51456 0.4944 0.44864 0.38579 0.31614 0.24978 0.19593
0.14795 0.16107 0.19847 0.2544 0.31987 0.38353 0.43341 0.45973 0.45757 0.42839 0.37997 0.32428 0.27397 0.23943 0.22718 0.23943 0.27397 0.32428 0.37997 0.42839 0.45757 0.45973 0.43341 0.38353 0.31987 0.2544 0.19847 0.16107
0.16584 0.20505 0.26584 0.33964 0.41586 0.48315 0.53072 0.55057 0.53963 0.50069 0.44182 0.37434 0.31028 0.26041 0.23263 0.2305 0.25232 0.2914 0.33698 0.37615 0.39694 0.39225 0.36209 0.31319 0.25658 0.20441 0.16736 0.15315
0.216 0.27715 0.35526 0.44003 0.52084 0.58762 0.63083 0.64327 0.62311 0.57486 0.50722 0.43034 0.35499 0.29209 0.25058 0.23455 0.24226 0.26714 0.29926 0.32662 0.33814 0.32794 0.29795 0.2564 0.21429 0.18219 0.16854 0.17904
0.28737 0.36086 0.4464 0.53384 0.61386 0.67783 0.71627 0.72089 0.69105 0.63437 0.56066 0.4788 0.39803 0.32859 0.27887 0.25222 0.24686 0.25741 0.27545 0.29039 0.29311 0.28053 0.25642 0.22849 0.20544 0.1951 0.20335 0.2338
0.36041 0.43555 0.51875 0.6013 0.67603 0.73579 0.76908 0.76576 0.72719 0.66489 0.58992 0.50921 0.4302 0.36164 0.31031 0.27843 0.26458 0.26442 0.27025 0.27308 0.26834 0.25833 0.2469 0.23667 0.23173 0.23785 0.25997 0.30076
0.41472 0.48353 0.55772 0.63035 0.69665 0.74975 0.77631 0.76593 0.72256 0.66023 0.58969 0.51576 0.44419 0.38216 0.33479 0.30371 0.28789 0.28295 0.28052 0.27365 0.26538 0.26337 0.2679 0.27314 0.27866 0.29109 0.31662 0.35793
0.43769 0.49641 0.55886 0.61947 0.67487 0.71833 0.73686 0.72203 0.67981 0.62372 0.56223 0.49852 0.4374 0.38474 0.34446 0.318 0.3047 0.29974 0.29413 0.28414 0.27849 0.28583 0.30093 0.31227 0.31882 0.32968 0.35215 0.38846
0.42988 0.47907 0.5304 0.57907 0.62222 0.6543 0.66524 0.64985 0.61423 0.56851 0.51775 0.46458 0.41355 0.36966 0.33594 0.31383 0.30311 0.29938 0.29491 0.28836 0.28848 0.30047 0.3161 0.32492 0.32878 0.33737 0.35678 0.38805
0.40191 0.44489 0.48806 0.52718 0.55961 0.58167 0.58732 0.57425 0.54688 0.51074 0.46855 0.42312 0.37892 0.3403 0.30969 0.28863 0.27754 0.27352 0.27146 0.27026 0.27444 0.28497 0.29515 0.30007 0.3041 0.31439 0.33439 0.36403
0.36656 0.40709 0.44621 0.48026 0.50679 0.52302 0.52597 0.51496 0.49229 0.46078 0.42264 0.3808 0.33937 0.30184 0.2704 0.24709 0.23329 0.2278 0.22742 0.22993 0.23503 0.24139 0.24638 0.25052 0.25818 0.27346 0.29739 0.32899
0.33597 0.37712 0.4162 0.44976 0.47476 0.48877 0.49026 0.47904 0.45632 0.42427 0.38562 0.34351 0.30116 0.26127 0.22653 0.20041 0.1851 0.17995 0.18158 0.18596 0.19014 0.19269 0.19446 0.1989 0.21033 0.23103 0.26038 0.29614
0.32252 0.3661 0.40789 0.44341 0.46878 0.48182 0.48191 0.46874 0.4428 0.4066 0.36407 0.31963 0.27506 0.23093 0.19142 0.16357 0.15094 0.15019 0.15558 0.16139 0.16392 0.16274 0.16091 0.16382 0.17696 0.20315 0.23926 0.27997
0.33752 0.38369 0.42858 0.4662 0.49185 0.50388 0.50224 0.48616 0.45561 0.41372 0.36674 0.31902 0.27029 0.2215 0.17968 0.15408 0.14773 0.15434 0.16438 0.17102 0.17096 0.16505 0.15798 0.15744 0.17201 0.20367 0.24626 0.29192
0.38449 0.43442 0.48144 0.51965 0.54449 0.55503 0.55152 0.53276 0.49837 0.45192 0.39971 0.34575 0.29148 0.24109 0.20348 0.1863 0.18877 0.20173 0.21445 0.21996 0.21584 0.20424 0.19142 0.18746 0.2018 0.23605 0.28309 0.33395
0.46391 0.51619 0.56259 0.5985 0.62083 0.62953 0.62512 0.60606 0.57161 0.52433 0.46911 0.41109 0.35522 0.30857 0.27941 0.27131 0.27928 0.29304 0.30334 0.30439 0.29497 0.27835 0.26183 0.25568 0.26918 0.30416 0.35385 0.40899
0.56845 0.61759 0.6587 0.6892 0.70766 0.7151 0.71228 0.69727 0.66879 0.62795 0.57827 0.52543 0.47575 0.43629 0.41305 0.40672 0.41108 0.41756 0.41949 0.41298 0.39818 0.37891 0.3623 0.35753 0.37263 0.40868 0.45896 0.51437
0.52264 0.56588 0.60323 0.63167 0.64981 0.65782 0.65595 0.64261 0.61733 0.58115 0.53852 0.49498 0.45506 0.42391 0.407 0.40547 0.41333 0.42184 0.42468 0.41745 0.40007 0.37722 0.35645 0.34699 0.357 0.38709 0.42984 0.47658
0.63892 0.67365 0.70221 0.72385 0.73832 0.74719 0.75095 0.74743 0.73549 0.71532 0.68919 0.6606 0.63217 0.6069 0.58855 0.57819 0.57217 0.56571 0.55502 0.53802 0.51591 0.49302 0.47592 0.47188 0.48631 0.51755 0.55789 0.59969
0.73701 0.76153 0.78133 0.79681 0.80927 0.82148 0.83391 0.84382 0.84892 0.84863 0.8423 0.83007 0.81208 0.78963 0.76568 0.74237 0.71935 0.69531 0.66952 0.64327 0.61845 0.59776 0.58612 0.58856 0.60705 0.63776 0.67325 0.70734
0.79597 0.81176 0.82445 0.83607 0.84947 0.86736 0.88985 0.91411 0.93656 0.95446 0.96522 0.96634 0.95623 0.935 0.90503 0.8694 0.83008 0.78883 0.74933 0.71563 0.68968 0.67237 0.66602 0.67304 0.6926 0.72008 0.74929 0.77532
0.80917 0.81778 0.82594 0.83743 0.85507 0.88016 0.91222 0.9488 0.9857 1.0182 1.0419 1.0531 1.0485 1.0271 0.99083 0.94392 0.89069 0.83623 0.78663 0.74708 0.71992 0.70555 0.70396 0.71429 0.73351 0.75671 0.77891 0.79672
0.78064 0.78377 0.79006 0.80404 0.8277 0.86065 0.90149 0.94765 0.99467 1.0369 1.0691 1.0863 1.0845 1.0618 1.0202 0.96503 0.9027 0.83987 0.78313 0.7383 0.7091 0.69651 0.69891 0.71248 0.73176 0.75104 0.76624 0.77582
0.722 0.71897 0.72258 0.73834 0.76793 0.80949 0.85968 0.91453 0.96889 1.0167 1.0522 1.0711 1.0703 1.0478 1.0042 0.94429 0.8754 0.80547 0.74229 0.69336 0.66386 0.65449 0.66159 0.67868 0.69835 0.71439 0.7234 0.72513
0.64611 0.6318 0.62881 0.64491 0.68151 0.7331 0.79291 0.85583 0.9159 0.96706 1.0039 1.0234 1.0237 1.0022 0.95758 0.89295 0.81618 0.7373 0.66753 0.61754 0.59319 0.59291 0.6093 0.63251 0.65375 0.66725 0.66999 0.66165
0.56417 0.53235 0.52234 0.5461 0.59922 0.6634 0.72437 0.78313 0.84341 0.89683 0.93598 0.95707 0.95778 0.93575 0.88903 0.81922 0.73417 0.64509 0.56797 0.51988 0.50779 0.5254 0.55914 0.59421 0.62001 0.63117 0.62452 0.5998
0.49038 0.43744 0.42346 0.46534 0.54776 0.63016 0.68414 0.71892 0.76048 0.81188 0.85358 0.87623 0.87629 0.85341 0.809 0.74651 0.66066 0.55651 0.46328 0.41527 0.42278 0.46881 0.52821 0.58099 0.61419 0.62169 0.60045 0.55261
0.4441 0.36438 0.33965 0.39453 0.50482 0.60718 0.65547 0.66247 0.67604 0.7173 0.75986 0.78234 0.78171 0.76587 0.7485 0.70996 0.61861 0.48382 0.36486 0.32033 0.35902 0.44483 0.53585 0.6082 0.64892 0.65027 0.61073 0.53674
0.44866 0.33615 0.28284 0.32386 0.436 0.54551 0.59339 0.58825 0.58643 0.61937 0.65994 0.67968 0.68021 0.68989 0.71021 0.68679 0.57522 0.40885 0.28141 0.2637 0.34899 0.47848 0.59911 0.68729 0.73234 0.72528 0.66786 0.57023
0.52352 0.3803 0.28259 0.27491 0.34778 0.43724 0.4837 0.4861 0.49084 0.52448 0.56045 0.57357 0.57816 0.60895 0.64378 0.61263 0.48674 0.32952 0.24639 0.29072 0.42823 0.58824 0.72377 0.81848 0.86243 0.84608 0.77532 0.66351
0.6616 0.49889 0.35494 0.27828 0.28131 0.3259 0.36307 0.38094 0.40351 0.44109 0.46832 0.47055 0.47084 0.49466 0.51031 0.4654 0.36474 0.28368 0.30082 0.42525 0.59931 0.76395 0.89508 0.98552 1.023 0.99813 0.92049 0.80585
0.81806 0.64699 0.47057 0.33402 0.2679 0.26156 0.28134 0.30763 0.34129 0.37547 0.38909 0.37725 0.36046 0.35454 0.33962 0.30084 0.27085 0.30892 0.44024 0.62747 0.81104 0.96199 1.0794 1.1593 1.1872 1.1555 1.075 0.96101
0.93853 0.76358 0.5747 0.40838 0.3001 0.25583 0.25533 0.27666 0.30578 0.32642 0.32509 0.30043 0.26549 0.23321 0.20529 0.19895 0.25404 0.39692 0.60388 0.81631 0.99359 1.1327 1.2395 1.3067 1.3235 1.287 1.2039 1.0856
0.99797 0.82053 0.63398 0.46575 0.34532 0.28239 0.26462 0.27192 0.2855 0.28976 0.27663 0.24566 0.20466 0.16798 0.15301 0.18905 0.3054 0.49965 0.72755 0.93789 1.1103 1.2472 1.3459 1.3989 1.4049 1.3649 1.2793 1.1536
0.99925 0.82419 0.6479 0.4919 0.37668 0.30881 0.27938 0.27188 0.26997 0.26216 0.24284 0.21265 0.17889 0.15687 0.168 0.23695 0.37782 0.57591 0.79202 0.99172 1.1617 1.2955 1.383 1.422 1.4184 1.3747 1.2872 1.1581
0.94584 0.7815 0.62163 0.48361 0.38041 0.31502 0.28071 0.26515 0.25554 0.24243 0.22181 0.19612 0.17457 0.17213 0.20645 0.29218 0.4327 0.6136 0.80852 0.99372 1.1535 1.2752 1.3501 1.3786 1.3666 1.3163 1.2258 1.0986
0.83859 0.69179 0.55418 0.43826 0.35158 0.29588 0.26688 0.25483 0.24747 0.23503 0.21479 0.19246 0.17974 0.19034 0.23631 0.3243 0.45249 0.61027 0.78064 0.94448 1.0851 1.1908 1.2553 1.277 1.2568 1.1975 1.1029 0.97999
0.69099 0.56576 0.45385 0.36319 0.29879 0.26291 0.25212 0.25556 0.25818 0.2489 0.22736 0.20328 0.19072 0.20222 0.24589 0.32371 0.43183 0.56267 0.70487 0.84314 0.96274 1.0541 1.1105 1.1259 1.0977 1.0308 0.93451 0.81796
0.52787 0.42762 0.34311 0.28026 0.24428 0.2373 0.25236 0.27271 0.28319 0.27627 0.25465 0.22815 0.20863 0.20853 0.23677 0.29442 0.37717 0.4788 0.5913 0.70372 0.80469 0.88477 0.93412 0.94208 0.90592 0.83478 0.74135 0.6358
0.37499 0.30288 0.24738 0.21494 0.21127 0.2327 0.2614 0.28273 0.29125 0.28802 0.27598 0.25642 0.23235 0.21485 0.21931 0.25133 0.30676 0.37911 0.46223 0.54965 0.63495 0.70913 0.75514 0.75575 0.70974 0.63365 0.54633 0.45813
0.25565 0.21311 0.18778 0.18763 0.21529 0.25169 0.27345 0.27532 0.27102 0.2752 0.2856 0.28436 0.26042 0.22578 0.20485 0.21116 0.24061 0.28547 0.34068 0.40505 0.47864 0.5508 0.59536 0.58852 0.53232 0.45289 0.37577 0.31024
0.18857 0.17355 0.17707 0.20851 0.26193 0.30443 0.30744 0.27686 0.25205 0.26444 0.30148 0.31999 0.29534 0.24467 0.20236 0.18767 0.19566 0.21731 0.24876 0.2938 0.35679 0.42499 0.46547 0.45148 0.39031 0.31588 0.25604 0.21567
0.17898 0.18424 0.20989 0.26575 0.33811 0.38384 0.36689 0.30293 0.25771 0.27742 0.33501 0.36388 0.3336 0.27016 0.21537 0.18888 0.18365 0.19031 0.20647 0.23907 0.29438 0.35724 0.39146 0.3719 0.31159 0.24786 0.20606 0.18604
0.21208 0.22495 0.25902 0.323 0.39957 0.44105 0.40926 0.32907 0.28071 0.31017 0.37436 0.39822 0.35917 0.29179 0.23816 0.21222 0.20511 0.20883 0.22267 0.25502 0.31094 0.37184 0.40053 0.37595 0.31605 0.25844 0.22477 0.21214
0.25809 0.26431 0.29009 0.34121 0.40196 0.43152 0.40184 0.34092 0.31538 0.35025 0.3979 0.40149 0.35653 0.29868 0.26043 0.24629 0.24837 0.26131 0.28566 0.32867 0.39144 0.45194 0.47446 0.44358 0.38079 0.32165 0.28409 0.26497
0.28747 0.27751 0.28427 0.3102 0.34608 0.36744 0.36027 0.34259 0.34592 0.37151 0.38686 0.36849 0.32698 0.29014 0.27396 0.27742 0.29564 0.32518 0.36565 0.42052 0.48652 0.54126 0.55461 0.51797 0.45358 0.39123 0.34406 0.31025
0.28509 0.25828 0.24757 0.25345 0.27244 0.2952 0.31422 0.33119 0.34819 0.35704 0.34662 0.31856 0.28876 0.27251 0.27484 0.29522 0.33095 0.378 0.43238 0.49267 0.55307 0.59518 0.59812 0.55944 0.4979 0.43409 0.37626 0.3256
0.2533 0.21782 0.20148 0.20381 0.22242 0.25276 0.28775 0.31837 0.33513 0.33163 0.31017 0.28205 0.26001 0.25267 0.26435 0.29608 0.34526 0.4055 0.46918 0.52999 0.58083 0.60909 0.60331 0.56463 0.50569 0.43863 0.36995 0.30581
0.20684 0.17607 0.16905 0.18396 0.21629 0.25893 0.30205 0.33416 0.3458 0.3345 0.30653 0.27352 0.24722 0.23677 0.24798 0.28247 0.33674 0.40282 0.47101 0.53185 0.5759 0.5941 0.58119 0.53947 0.47716 0.40373 0.32814 0.25955
0.16584 0.15315 0.16736 0.20441 0.25658 0.31319 0.36209 0.39225 0.39694 0.37615 0.33698 0.2914 0.25232 0.2305 0.23263 0.26041 0.31028 0.37434 0.44182 0.50069 0.53963 0.55057 0.53072 0.48315 0.41586 0.33964 0.26584 0.20505
0.14902 0.16373 0.20531 0.2667 0.33738 0.40461 0.45581 0.48166 0.4779 0.44593 0.39328 0.33236 0.27696 0.23865 0.225 0.23865 0.27696 0.33236 0.39328 0.44593 0.4779 0.48166 0.45581 0.40461 0.33738 0.2667 0.20531 0.16373
0.16829 0.21322 0.28166 0.36352 0.4467 0.51848 0.5677 0.58713 0.57429 0.53157 0.46664 0.39154 0.31961 0.26291 0.23048 0.22655 0.24924 0.29084 0.33937 0.38091 0.40337 0.40004 0.37083 0.32156 0.26279 0.20744 0.16773 0.15298
0.22431 0.2946 0.38279 0.47713 0.56551 0.63665 0.68114 0.69299 0.67088 0.61842 0.54368 0.45763 0.37245 0.30032 0.25128 0.23025 0.23548 0.25962 0.29167 0.31909 0.33109 0.32224 0.294 0.25354 0.21143 0.17907 0.16643 0.18058
0.30442 0.38931 0.4861 0.5832 0.66989 0.73674 0.77512 0.77901 0.74805 0.68787 0.60724 0.51582 0.42421 0.34391 0.28442 0.24989 0.23861 0.24463 0.25911 0.27173 0.27405 0.26303 0.24155 0.21638 0.1961 0.18923 0.20266 0.24078
0.38659 0.47414 0.56854 0.65956 0.73872 0.79846 0.83001 0.82629 0.78834 0.72448 0.64373 0.55391 0.46382 0.38356 0.32099 0.27894 0.2559 0.24751 0.2468 0.24611 0.24113 0.23263 0.22361 0.21727 0.21813 0.23183 0.26317 0.3148
0.44828 0.52916 0.61333 0.69241 0.76032 0.81106 0.83509 0.82504 0.78381 0.72157 0.64659 0.5645 0.48238 0.4087 0.34948 0.30649 0.27863 0.26241 0.25187 0.24215 0.23427 0.23279 0.23823 0.24787 0.26245 0.28657 0.32464 0.37871
0.47565 0.54476 0.61495 0.67964 0.73459 0.77476 0.79097 0.77711 0.73761 0.68229 0.61745 0.54698 0.47664 0.41331 0.36135 0.32196 0.29461 0.27639 0.26223 0.2499 0.2444 0.25097 0.26635 0.28368 0.30264 0.32833 0.36515 0.41452
0.46848 0.52526 0.58149 0.63197 0.67365 0.70258 0.7118 0.69762 0.66448 0.61949 0.56652 0.50846 0.45025 0.39737 0.3529 0.31795 0.29273 0.27525 0.26192 0.25237 0.25174 0.26289 0.28048 0.29807 0.31647 0.3407 0.37404 0.41697
0.4365 0.48351 0.52846 0.56727 0.59775 0.61717 0.62164 0.6097 0.58424 0.54902 0.50623 0.45836 0.40971 0.36443 0.32477 0.29223 0.268 0.25143 0.24058 0.23545 0.23843 0.24959 0.26456 0.28017 0.2982 0.32226 0.35379 0.39227
0.3922 0.43269 0.47036 0.5021 0.52587 0.53974 0.54189 0.53193 0.51127 0.48181 0.44533 0.40426 0.36173 0.32031 0.28204 0.2495 0.22517 0.2097 0.20183 0.20035 0.20464 0.2134 0.22482 0.23888 0.25782 0.28351 0.31554 0.35234
0.34817 0.3853 0.42001 0.44966 0.4714 0.48316 0.48412 0.47418 0.45403 0.42547 0.39112 0.3534 0.31414 0.27343 0.23351 0.20009 0.17742 0.16553 0.16211 0.16381 0.16797 0.17336 0.18066 0.19245 0.21164 0.23936 0.27367 0.31068
0.32019 0.35495 0.39018 0.42114 0.44343 0.45471 0.45453 0.4427 0.41969 0.3882 0.35318 0.31869 0.28201 0.23955 0.19541 0.16037 0.14197 0.13783 0.14091 0.14564 0.14856 0.14931 0.1507 0.15777 0.17675 0.20897 0.24781 0.28548
0.31947 0.35454 0.39177 0.42521 0.44853 0.45949 0.45783 0.44298 0.41536 0.37919 0.34229 0.30698 0.26808 0.22261 0.17793 0.14726 0.13749 0.14329 0.15338 0.16011 0.16016 0.15446 0.14787 0.14947 0.16829 0.20382 0.24603 0.28499
0.35019 0.39035 0.431 0.466 0.48947 0.49963 0.49633 0.47862 0.44689 0.40594 0.3628 0.31994 0.27523 0.23 0.19342 0.17589 0.1789 0.1934 0.20752 0.21347 0.20861 0.19539 0.18086 0.17638 0.19136 0.22538 0.26846 0.3107
0.4188 0.46388 0.50581 0.53941 0.5611 0.56998 0.56604 0.54806 0.51616 0.47328 0.42513 0.37639 0.32982 0.29045 0.26631 0.26215 0.27364 0.29011 0.30198 0.30307 0.29188 0.2723 0.25233 0.24276 0.25295 0.28371 0.32685 0.3731
0.37296 0.41161 0.45016 0.48241 0.50408 0.51334 0.50952 0.49193 0.46153 0.42187 0.37996 0.3403 0.30329 0.27144 0.25228 0.25183 0.26677 0.28615 0.29973 0.30103 0.28818 0.26571 0.24238 0.22957 0.23656 0.26296 0.29918 0.33626
0.47629 0.51483 0.54969 0.57696 0.59526 0.60392 0.60263 0.59035 0.56708 0.53405 0.49718 0.46227 0.43203 0.40938 0.39893 0.40221 0.41369 0.42448 0.42832 0.42053 0.40073 0.37445 0.34952 0.33536 0.34016 0.36403 0.39909 0.43744
0.60111 0.63099 0.65654 0.67665 0.69115 0.7009 0.70602 0.70469 0.69637 0.68119 0.66247 0.6434 0.62444 0.60648 0.59272 0.585 0.58044 0.57451 0.56385 0.54553 0.52071 0.49468 0.47416 0.46635 0.47641 0.50205 0.53514 0.56891
0.70978 0.7292 0.74564 0.7595 0.77181 0.7852 0.79995 0.81322 0.82328 0.82965 0.83184 0.82897 0.81894 0.80141 0.77952 0.75657 0.73301 0.70824 0.68144 0.6534 0.62616 0.60309 0.58929 0.58943 0.60504 0.63137 0.66048 0.687
0.77772 0.78895 0.79872 0.80872 0.82195 0.84148 0.86719 0.89567 0.92338 0.94807 0.96672 0.97548 0.97099 0.95256 0.9231 0.88666 0.84601 0.80313 0.76177 0.72622 0.69855 0.67973 0.67208 0.67774 0.69534 0.71942 0.74336 0.76302
0.79828 0.80327 0.80882 0.81877 0.8365 0.86375 0.89969 0.94098 0.98305 1.0213 1.051 1.0675 1.0662 1.046 1.0094 0.96124 0.90604 0.84915 0.79726 0.75607 0.72795 0.71295 0.71079 0.72045 0.73846 0.75921 0.77746 0.79042
0.77526 0.7752 0.77905 0.79179 0.81602 0.85159 0.8966 0.94764 0.99964 1.0467 1.0829 1.1031 1.1028 1.0802 1.0375 0.98021 0.91513 0.84939 0.79026 0.74406 0.71448 0.7021 0.7049 0.7187 0.73761 0.75545 0.76797 0.77406
0.71926 0.71323 0.71473 0.72987 0.76072 0.80529 0.85962 0.91906 0.97787 1.0294 1.0675 1.0879 1.0873 1.064 1.0185 0.95577 0.88354 0.81038 0.74478 0.69469 0.6653 0.65694 0.66539 0.68363 0.70374 0.71918 0.72648 0.72554
0.64335 0.62633 0.62187 0.63862 0.67779 0.73282 0.79603 0.86245 0.92584 0.97959 1.0181 1.038 1.0377 1.0147 0.96777 0.89999 0.81954 0.7371 0.6647 0.61365 0.58987 0.59135 0.60995 0.63509 0.65744 0.67098 0.67256 0.66188
0.55978 0.52572 0.51585 0.543 0.60159 0.67044 0.73322 0.79172 0.85228 0.90707 0.94712 0.96818 0.96778 0.94391 0.8948 0.82206 0.73365 0.64059 0.55996 0.5104 0.4993 0.51949 0.55633 0.59413 0.62167 0.63322 0.62548 0.59837
0.48373 0.42876 0.41617 0.46408 0.55518 0.64424 0.69927 0.73036 0.76793 0.81843 0.86047 0.8828 0.88165 0.85712 0.81202 0.74897 0.65998 0.54981 0.4506 0.40002 0.40913 0.4591 0.5226 0.57876 0.61408 0.622 0.59946 0.54905
0.43557 0.35316 0.3294 0.39081 0.5111 0.6215 0.67138 0.67377 0.68129 0.7196 0.76197 0.78404 0.78256 0.76729 0.75238 0.71421 0.61774 0.4737 0.34656 0.29944 0.34136 0.4329 0.52901 0.60491 0.64772 0.6493 0.60833 0.53168
0.44025 0.32423 0.27023 0.31572 0.43609 0.55298 0.60325 0.595 0.58815 0.61812 0.65823 0.67765 0.6784 0.69082 0.71414 0.68938 0.57025 0.39348 0.25881 0.24076 0.3313 0.46739 0.59307 0.68439 0.73111 0.7241 0.66537 0.56531
0.51788 0.37137 0.27169 0.26547 0.34279 0.43702 0.48575 0.48711 0.48936 0.52142 0.55711 0.57001 0.57547 0.60852 0.64436 0.61002 0.47701 0.31242 0.22603 0.27273 0.41583 0.58115 0.72024 0.81707 0.86209 0.84564 0.77391 0.66048
0.65963 0.49512 0.34952 0.2725 0.27668 0.32305 0.36141 0.37933 0.40135 0.43858 0.46574 0.46782 0.46846 0.49284 0.5079 0.46046 0.35627 0.27273 0.29005 0.41711 0.59447 0.76155 0.89414 0.98551 1.0235 0.99846 0.92033 0.80502
0.81806 0.64699 0.47057 0.33402 0.2679 0.26156 0.28134 0.30763 0.34129 0.37547 0.38909 0.37725 0.36046 0.35454 0.33962 0.30084 0.27085 0.30892 0.44024 0.62747 0.81104 0.96199 1.0794 1.1593 1.1872 1.1555 1.075 0.96101
0.93813 0.76436 0.57717 0.41231 0.30466 0.26022 0.25926 0.28026 0.30917 0.32971 0.32856 0.30441 0.27006 0.23873 0.21242 0.20785 0.2636 0.40514 0.60919 0.81862 0.99395 1.1321 1.2381 1.3047 1.3213 1.285 1.2025 1.0846
0.9961 0.82049 0.63648 0.47076 0.3519 0.2894 0.27143 0.27838 0.29162 0.29589 0.28333 0.25351 0.21399 0.1792 0.16647 0.2039 0.31913 0.50941 0.73213 0.93831 1.1084 1.2439 1.3413 1.3933 1.399 1.3597 1.2752 1.1505
0.99546 0.82289 0.64944 0.49619 0.3829 0.31593 0.28673 0.27917 0.27729 0.26988 0.25153 0.22283 0.19084 0.17061 0.18315 0.25189 0.38985 0.58282 0.79357 0.98921 1.1564 1.2879 1.3737 1.4116 1.4079 1.3651 1.2791 1.1521
0.93932 0.77813 0.62122 0.4858 0.3845 0.32026 0.28658 0.27148 0.26242 0.25016 0.23075 0.2065 0.18631 0.18481 0.21915 0.30331 0.44034 0.61651 0.80664 0.98757 1.1435 1.2622 1.3352 1.3629 1.3511 1.3017 1.2132 1.0889
0.82926 0.6858 0.55103 0.43747 0.35261 0.29819 0.27008 0.25874 0.25222 0.24091 0.22198 0.20087 0.18892 0.19954 0.24451 0.33028 0.45512 0.60877 0.77461 0.9338 1.0701 1.1726 1.2353 1.2565 1.2368 1.1787 1.0866 0.96703
0.68052 0.55832 0.44886 0.36017 0.29722 0.26221 0.2518 0.25552 0.25893 0.25099 0.2309 0.2079 0.19574 0.20678 0.24912 0.32475 0.42994 0.55723 0.69532 0.82919 0.94468 1.0328 1.0875 1.1024 1.075 1.0102 0.91696 0.804
0.51937 0.42154 0.33892 0.27731 0.24172 0.23432 0.24912 0.27028 0.28229 0.27687 0.25594 0.22924 0.20932 0.20899 0.23654 0.29276 0.37336 0.47227 0.58151 0.69011 0.78701 0.86331 0.90996 0.91735 0.88308 0.81548 0.72603 0.62422
0.37218 0.30164 0.24713 0.21475 0.21004 0.2312 0.26223 0.28744 0.29913 0.29647 0.28188 0.25829 0.2314 0.21352 0.21871 0.25068 0.30515 0.37595 0.45686 0.54096 0.62125 0.68955 0.73124 0.73153 0.68947 0.61943 0.53756 0.45299
0.26206 0.21966 0.19385 0.19219 0.21857 0.25833 0.28851 0.2998 0.30048 0.30243 0.30427 0.29262 0.26192 0.22611 0.20728 0.21524 0.24529 0.29015 0.3446 0.40612 0.47383 0.53857 0.57804 0.57176 0.52154 0.44988 0.3786 0.31583
0.20599 0.18889 0.18969 0.2174 0.27021 0.32023 0.33829 0.32272 0.30427 0.31125 0.33361 0.33559 0.30085 0.24873 0.21008 0.199 0.20956 0.23335 0.26625 0.31041 0.36888 0.43054 0.46679 0.45429 0.39938 0.33158 0.27515 0.23476
0.20603 0.20639 0.22629 0.27529 0.3454 0.3993 0.40084 0.35622 0.31935 0.33174 0.37044 0.37982 0.33957 0.27683 0.22825 0.20765 0.20732 0.2188 0.23958 0.27479 0.32879 0.38768 0.41933 0.40149 0.34566 0.28488 0.242 0.2179
0.24456 0.24971 0.27484 0.32819 0.39844 0.44493 0.43125 0.37233 0.3333 0.35363 0.39741 0.40409 0.36011 0.29826 0.25409 0.23623 0.23635 0.24752 0.26888 0.30658 0.36354 0.42234 0.44955 0.42641 0.36893 0.31086 0.27233 0.25229
0.29114 0.28757 0.30233 0.34048 0.3915 0.42171 0.40535 0.36117 0.34125 0.36604 0.3977 0.39263 0.35084 0.30371 0.27693 0.27235 0.28346 0.30567 0.3387 0.3873 0.45102 0.50959 0.531 0.50152 0.44043 0.37963 0.33581 0.30764
0.31732 0.29672 0.29239 0.30608 0.33154 0.34966 0.34742 0.33633 0.33954 0.35793 0.367 0.35025 0.31825 0.29408 0.28907 0.30257 0.33087 0.37048 0.4194 0.47879 0.54478 0.5974 0.61005 0.57517 0.5125 0.44828 0.39443 0.35079
0.30926 0.27226 0.25208 0.24882 0.25948 0.27702 0.29413 0.3098 0.32407 0.33052 0.32165 0.30059 0.28117 0.2751 0.28694 0.31702 0.36308 0.42037 0.48322 0.54812 0.6091 0.6501 0.65308 0.61594 0.55486 0.48757 0.4218 0.36067
0.27024 0.22607 0.2029 0.19994 0.21426 0.24075 0.27208 0.29933 0.31381 0.31059 0.29259 0.26992 0.25396 0.25307 0.27208 0.31251 0.37151 0.44176 0.51433 0.58135 0.63493 0.66392 0.65868 0.6201 0.55875 0.48538 0.40747 0.33289
0.216 0.17904 0.16854 0.18219 0.21429 0.2564 0.29795 0.32794 0.33814 0.32662 0.29926 0.26714 0.24226 0.23455 0.25058 0.29209 0.35499 0.43034 0.50722 0.57486 0.62311 0.64327 0.63083 0.58762 0.52084 0.44003 0.35526 0.27715
0.16829 0.15298 0.16773 0.20744 0.26279 0.32156 0.37083 0.40004 0.40337 0.38091 0.33937 0.29084 0.24924 0.22655 0.23048 0.26291 0.31961 0.39154 0.46664 0.53157 0.57429 0.58713 0.5677 0.51848 0.4467 0.36352 0.28166 0.21322
0.148 0.16456 0.21093 0.2784 0.35474 0.42574 0.47826 0.50359 0.4982 0.46331 0.40602 0.33923 0.27797 0.23525 0.21994 0.23525 0.27797 0.33923 0.40602 0.46331 0.4982 0.50359 0.47826 0.42574 0.35474 0.2784 0.21093 0.16456
0.16891 0.22019 0.29697 0.38738 0.47774 0.55403 0.60479 0.62371 0.60893 0.5623 0.491 0.40776 0.32732 0.26312 0.22561 0.21993 0.24393 0.28875 0.34093 0.38539 0.4098 0.40786 0.37943 0.32952 0.2682 0.20917 0.16629 0.15075
0.23165 0.31176 0.41047 0.51452 0.61042 0.68578 0.73136 0.74252 0.71843 0.66169 0.57968 0.48421 0.38885 0.30698 0.24993 0.2237 0.22676 0.25087 0.28373 0.31195 0.3248 0.31722 0.29033 0.25038 0.20764 0.17447 0.16258 0.18056
0.32132 0.41805 0.52616 0.63277 0.72595 0.79556 0.83395 0.83703 0.80469 0.74085 0.65325 0.55225 0.44976 0.35833 0.28864 0.24604 0.22921 0.23163 0.24368 0.25486 0.25708 0.24732 0.22784 0.20468 0.18637 0.18235 0.20081 0.24698
0.41293 0.51296 0.61832 0.71757 0.80124 0.86156 0.89173 0.88744 0.84946 0.78331 0.69665 0.59788 0.49691 0.4049 0.33085 0.27863 0.24709 0.23172 0.22576 0.22213 0.21664 0.2093 0.20242 0.19938 0.20512 0.2256 0.26587 0.32861
0.48192 0.5746 0.66828 0.75355 0.8237 0.87308 0.8951 0.88506 0.84498 0.78175 0.70216 0.61228 0.52003 0.43486 0.36376 0.30916 0.27029 0.24428 0.22658 0.21349 0.20517 0.20419 0.21122 0.2254 0.24799 0.28263 0.33266 0.3995
0.51362 0.59257 0.66982 0.73823 0.79358 0.83165 0.84609 0.83272 0.79472 0.7391 0.67104 0.59446 0.51551 0.44177 0.37822 0.32645 0.28638 0.25651 0.23409 0.21825 0.21199 0.21831 0.23532 0.25908 0.28909 0.3281 0.37846 0.44073
0.50704 0.57071 0.63101 0.68284 0.72374 0.75067 0.75862 0.74504 0.71317 0.66833 0.61363 0.55153 0.48684 0.42526 0.37019 0.32306 0.28481 0.25523 0.23324 0.21962 0.21764 0.22874 0.24954 0.27577 0.30695 0.34521 0.39172 0.44613
0.47117 0.52139 0.56727 0.60535 0.63403 0.65151 0.65506 0.64369 0.61954 0.58533 0.5426 0.49326 0.44093 0.38927 0.34066 0.29717 0.26104 0.23344 0.21447 0.20498 0.20656 0.21893 0.23904 0.26421 0.29453 0.33115 0.37376 0.42099
0.41849 0.45803 0.4934 0.52244 0.54345 0.55511 0.55649 0.54746 0.52876 0.50164 0.46761 0.42838 0.38555 0.34049 0.29528 0.25361 0.21944 0.19502 0.18056 0.17545 0.17902 0.19009 0.20722 0.22999 0.25917 0.29478 0.33492 0.37686
0.36278 0.39407 0.42359 0.44896 0.46741 0.47705 0.4775 0.46879 0.45124 0.42659 0.39745 0.36653 0.33263 0.29165 0.24526 0.2025 0.17167 0.15353 0.1457 0.14515 0.14936 0.15721 0.16934 0.18783 0.21483 0.25098 0.29135 0.32929
0.32259 0.34598 0.37302 0.39923 0.41855 0.42824 0.42781 0.41718 0.39704 0.37076 0.34568 0.32433 0.29801 0.25758 0.20685 0.16156 0.13495 0.12681 0.12796 0.13193 0.13524 0.13761 0.14187 0.15378 0.18074 0.22136 0.26414 0.298
0.30538 0.32751 0.35602 0.38528 0.40669 0.41683 0.41505 0.40103 0.37597 0.34626 0.32127 0.30074 0.2735 0.23147 0.18219 0.14389 0.12862 0.13267 0.143 0.15005 0.15022 0.14458 0.13872 0.14391 0.1691 0.21037 0.25277 0.28399
0.31707 0.34705 0.38153 0.41389 0.43662 0.44668 0.44331 0.42601 0.39631 0.3606 0.32687 0.29605 0.26183 0.22189 0.1855 0.16637 0.169 0.18473 0.20038 0.20695 0.20141 0.18656 0.17074 0.16661 0.18329 0.21775 0.25675 0.28952
0.28541 0.30516 0.33395 0.36433 0.38689 0.39708 0.39344 0.37599 0.34764 0.31669 0.29248 0.27441 0.25151 0.21706 0.18015 0.15828 0.1596 0.17615 0.19333 0.20063 0.19447 0.17812 0.16146 0.15846 0.17772 0.21314 0.24781 0.27039
0.32698 0.36029 0.39678 0.42879 0.45101 0.46078 0.45676 0.43893 0.40884 0.37108 0.33442 0.30351 0.27628 0.25218 0.23794 0.24094 0.25915 0.28148 0.29689 0.29852 0.28416 0.25894 0.23237 0.21645 0.22028 0.2421 0.27101 0.29879
0.4303 0.46554 0.4993 0.5264 0.54528 0.55463 0.55355 0.5417 0.51917 0.4878 0.45539 0.42833 0.40759 0.39355 0.38957 0.39753 0.41256 0.42575 0.43063 0.42244 0.40044 0.37091 0.34191 0.32311 0.32259 0.33999 0.36728 0.39765
0.56494 0.59111 0.6147 0.63393 0.64875 0.6593 0.66538 0.66568 0.65989 0.6484 0.63588 0.62543 0.61548 0.60462 0.59524 0.58991 0.58669 0.58131 0.57067 0.55124 0.524 0.49516 0.47149 0.46014 0.46597 0.4861 0.51227 0.53871
0.68484 0.70004 0.71379 0.72645 0.73879 0.75322 0.76982 0.78584 0.80003 0.81189 0.82143 0.82694 0.82417 0.81114 0.79105 0.76828 0.74418 0.71864 0.69096 0.66136 0.63202 0.60697 0.59132 0.58948 0.60252 0.62487 0.6482 0.66803
0.76161 0.76901 0.77634 0.78507 0.79822 0.81915 0.84757 0.87956 0.91168 0.94208 0.96739 0.98272 0.98313 0.96712 0.93809 0.90094 0.85906 0.81472 0.77174 0.73458 0.70547 0.68541 0.67672 0.68122 0.69715 0.71833 0.73775 0.75197
0.78889 0.79093 0.79436 0.80305 0.82085 0.84992 0.88911 0.9343 0.98061 1.0235 1.0582 1.079 1.0805 1.0614 1.0246 0.97534 0.91848 0.85948 0.8056 0.76306 0.73421 0.71869 0.71601 0.72506 0.74203 0.76078 0.77581 0.78481
0.77072 0.76812 0.77 0.78172 0.8064 0.8441 0.8925 0.94751 1.0035 1.0544 1.0939 1.1164 1.1173 1.0948 1.0513 0.99237 0.92496 0.85671 0.79557 0.74833 0.71856 0.70638 0.70943 0.72336 0.74193 0.75861 0.76904 0.77238
0.71698 0.70861 0.70847 0.72316 0.75501 0.8019 0.85945 0.92247 0.98479 1.0393 1.0795 1.1009 1.1005 1.0766 1.0297 0.9647 0.88972 0.81391 0.74638 0.69547 0.66627 0.65874 0.66823 0.68732 0.70774 0.72272 0.72873 0.72573
0.64117 0.62212 0.61669 0.6341 0.67534 0.73292 0.79849 0.86731 0.93316 0.98887 1.0286 1.0489 1.0482 1.0241 0.9754 0.90522 0.82196 0.7368 0.66244 0.61063 0.58732 0.59014 0.61039 0.63696 0.66013 0.67369 0.6744 0.66196
0.55662 0.52105 0.51146 0.54125 0.60388 0.67605 0.73994 0.79797 0.85843 0.91413 0.95482 0.97589 0.97475 0.94958 0.89882 0.82412 0.73345 0.6376 0.55446 0.50379 0.49334 0.51534 0.55437 0.59409 0.62282 0.63463 0.6261 0.59729
0.4795 0.42328 0.41167 0.46356 0.56031 0.65364 0.7093 0.7379 0.77271 0.82245 0.86471 0.88685 0.88496 0.85944 0.81406 0.75078 0.65983 0.54579 0.4427 0.3904 0.4005 0.45299 0.51909 0.57738 0.61401 0.62217 0.59879 0.54676
0.4311 0.34728 0.32405 0.38894 0.51452 0.62918 0.67992 0.67987 0.68414 0.72078 0.76301 0.78488 0.78298 0.76814 0.75458 0.7166 0.6174 0.46844 0.33696 0.28847 0.33209 0.42667 0.52547 0.6032 0.64707 0.64877 0.60706 0.52902
0.43736 0.32011 0.26587 0.31292 0.43614 0.55559 0.6067 0.5974 0.58879 0.61771 0.65764 0.67695 0.67781 0.69121 0.71556 0.6903 0.56852 0.38815 0.25097 0.23281 0.32519 0.46358 0.59101 0.68339 0.73068 0.72369 0.66451 0.56362
0.51788 0.37137 0.27169 0.26547 0.34279 0.43702 0.48575 0.48711 0.48936 0.52142 0.55711 0.57001 0.57547 0.60852 0.64436 0.61002 0.47701 0.31242 0.22603 0.27273 0.41583 0.58115 0.72024 0.81707 0.86209 0.84564 0.77391 0.66048
0.6616 0.49889 0.35494 0.27828 0.28131 0.3259 0.36307 0.38094 0.40351 0.44109 0.46832 0.47055 0.47084 0.49466 0.51031 0.4654 0.36474 0.28368 0.30082 0.42525 0.59931 0.76395 0.89508 0.98552 1.023 0.99813 0.92049 0.80585
0.81935 0.65135 0.47866 0.34449 0.27829 0.27017 0.28821 0.31384 0.34751 0.38165 0.39546 0.38424 0.3677 0.36246 0.35037 0.31659 0.29111 0.32998 0.45732 0.63799 0.81592 0.96355 1.079 1.1574 1.1845 1.1533 1.0737 0.9607
0.93696 0.76662 0.58428 0.42368 0.31788 0.27299 0.27078 0.29086 0.31918 0.33939 0.33882 0.31616 0.28351 0.25483 0.23305 0.23343 0.29099 0.42863 0.62433 0.82516 0.9949 1.1302 1.2341 1.2988 1.3147 1.2793 1.1982 1.0817
0.99247 0.82045 0.64132 0.4804 0.36456 0.30292 0.28459 0.29088 0.30351 0.30783 0.29638 0.26877 0.23205 0.20076 0.19209 0.23196 0.34496 0.52768 0.74065 0.939 1.1045 1.2372 1.3321 1.3821 1.3874 1.3492 1.2668 1.1444
0.98934 0.82089 0.652 0.50308 0.39285 0.3273 0.29843 0.29079 0.28898 0.28225 0.26546 0.2391 0.20989 0.1924 0.20699 0.27526 0.40861 0.59359 0.79595 0.98513 1.1477 1.2754 1.3582 1.3945 1.3906 1.3491 1.2658 1.1422
0.92983 0.77326 0.62062 0.48888 0.39027 0.32762 0.29482 0.28039 0.27215 0.26112 0.24342 0.22116 0.20289 0.20269 0.237 0.31891 0.45104 0.62058 0.80389 0.97859 1.1289 1.243 1.3131 1.3397 1.3281 1.2802 1.1946 1.0746
0.8166 0.67763 0.54665 0.4362 0.35373 0.301 0.27403 0.26364 0.25822 0.24836 0.23113 0.21159 0.20065 0.21132 0.255 0.33787 0.45833 0.60655 0.76634 0.91924 1.0497 1.1477 1.208 1.2284 1.2093 1.1531 1.0644 0.94944
0.66705 0.54868 0.44233 0.3561 0.29497 0.26101 0.251 0.25497 0.25914 0.25273 0.23442 0.21288 0.20134 0.21195 0.2527 0.32563 0.42718 0.55002 0.68292 0.81117 0.92139 1.0054 1.0576 1.0719 1.0456 0.98355 0.89437 0.78604
0.50886 0.41401 0.33366 0.27352 0.23837 0.23032 0.2442 0.26556 0.27876 0.27486 0.25499 0.22871 0.20907 0.20892 0.23581 0.29037 0.36843 0.46409 0.56935 0.67332 0.7653 0.8371 0.88055 0.88726 0.85522 0.79181 0.70719 0.60992
0.3688 0.3001 0.2467 0.2143 0.20809 0.22765 0.25948 0.28731 0.30145 0.29927 0.28277 0.2564 0.22816 0.21115 0.21761 0.24967 0.30309 0.37211 0.45044 0.53075 0.60559 0.66753 0.70457 0.70452 0.66674 0.60326 0.52733 0.44688
0.26945 0.22713 0.20061 0.19679 0.22012 0.26042 0.29604 0.3146 0.31939 0.31924 0.31374 0.29407 0.2595 0.22492 0.20958 0.21974 0.2506 0.29552 0.34914 0.40769 0.46921 0.52614 0.56025 0.55459 0.51069 0.44724 0.38216 0.32231
0.22555 0.20598 0.20337 0.22584 0.27445 0.32706 0.35537 0.35219 0.33972 0.34183 0.35127 0.3405 0.30037 0.25069 0.21798 0.21148 0.22512 0.25134 0.28581 0.32882 0.38219 0.43661 0.46822 0.45733 0.40927 0.34887 0.29641 0.25615
0.23561 0.23042 0.24344 0.28318 0.34617 0.4017 0.41578 0.38774 0.35917 0.36494 0.38709 0.38217 0.33816 0.28099 0.24139 0.2279 0.23319 0.2499 0.27522 0.3122 0.36355 0.41716 0.44559 0.42981 0.37963 0.32328 0.2804 0.2526
0.27939 0.27599 0.29093 0.33118 0.39025 0.43522 0.43347 0.39248 0.36217 0.37444 0.40138 0.39696 0.35435 0.30266 0.27028 0.26167 0.26978 0.28881 0.31724 0.35881 0.41479 0.46974 0.49479 0.47374 0.42044 0.36401 0.32217 0.29522
0.32621 0.31195 0.31463 0.33812 0.37583 0.40164 0.39321 0.36215 0.34703 0.36362 0.38354 0.37514 0.34113 0.30776 0.29374 0.29966 0.32057 0.35241 0.39357 0.44626 0.50895 0.564 0.58384 0.55663 0.4991 0.43866 0.38989 0.35292
0.34884 0.31674 0.30049 0.3012 0.31438 0.32635 0.32565 0.31881 0.32174 0.3349 0.34075 0.32854 0.30823 0.29758 0.30442 0.32874 0.36785 0.41795 0.47519 0.53832 0.60317 0.65279 0.66461 0.63225 0.57253 0.5075 0.44743 0.39369
0.33452 0.28651 0.25625 0.24356 0.24567 0.257 0.27102 0.28476 0.29669 0.30182 0.29563 0.28226 0.27304 0.27712 0.29888 0.33933 0.39641 0.46442 0.53608 0.60577 0.66722 0.70692 0.71 0.67476 0.61443 0.54362 0.46958 0.39754
0.28737 0.2338 0.20335 0.1951 0.20544 0.22849 0.25642 0.28053 0.29311 0.29039 0.27545 0.25741 0.24686 0.25222 0.27887 0.32859 0.39803 0.4788 0.56066 0.63437 0.69105 0.72089 0.71627 0.67783 0.61386 0.53384 0.4464 0.36086
0.22431 0.18058 0.16643 0.17907 0.21143 0.25354 0.294 0.32224 0.33109 0.31909 0.29167 0.25962 0.23548 0.23025 0.25128 0.30032 0.37245 0.45763 0.54368 0.61842 0.67088 0.69299 0.68114 0.63665 0.56551 0.47713 0.38279 0.2946
0.16891 0.15075 0.16629 0.20917 0.2682 0.32952 0.37943 0.40786 0.4098 0.38539 0.34093 0.28875 0.24393 0.21993 0.22561 0.26312 0.32732 0.40776 0.491 0.5623 0.60893 0.62371 0.60479 0.55403 0.47774 0.38738 0.29697 0.22019
0.14467 0.16338 0.21519 0.28933 0.37168 0.44661 0.50053 0.52536 0.51826 0.4802 0.41788 0.34466 0.27685 0.22909 0.21183 0.22909 0.27685 0.34466 0.41788 0.4802 0.51826 0.52536 0.50053 0.44661 0.37168 0.28933 0.21519 0.16338
0.16761 0.226 0.31179 0.41107 0.50861 0.58931 0.64158 0.65994 0.6431 0.59238 0.51452 0.42287 0.33343 0.26113 0.21803 0.21059 0.23638 0.28506 0.34153 0.38947 0.41618 0.4157 0.38786 0.33698 0.27273 0.20953 0.16298 0.14632
0.23818 0.32886 0.43839 0.55198 0.65503 0.73432 0.78085 0.79124 0.76506 0.70399 0.61479 0.50998 0.40434 0.31234 0.24668 0.21502 0.21618 0.24091 0.2754 0.30518 0.3193 0.31294 0.28696 0.24691 0.20294 0.16845 0.15702 0.17902
0.33828 0.44723 0.56649 0.68211 0.78131 0.85339 0.89166 0.89383 0.86 0.79254 0.69816 0.58791 0.47474 0.37201 0.29169 0.24079 0.21875 0.21844 0.22915 0.23979 0.24225 0.23355 0.21545 0.19348 0.17636 0.17459 0.19793 0.25256
0.43949 0.55192 0.66772 0.77466 0.86253 0.92352 0.95256 0.94754 0.90906 0.84044 0.74804 0.64075 0.52935 0.42569 0.33999 0.27761 0.2382 0.21707 0.20714 0.20138 0.1955 0.18899 0.18373 0.1832 0.19284 0.21927 0.26818 0.3423
0.51554 0.61955 0.72201 0.81293 0.88528 0.93396 0.95443 0.94412 0.90436 0.83971 0.75572 0.65863 0.55692 0.46057 0.37763 0.31174 0.26287 0.22858 0.20499 0.18889 0.17983 0.17925 0.18788 0.20596 0.23532 0.27932 0.34074 0.42031
0.55139 0.63948 0.7229 0.79443 0.8502 0.88693 0.90005 0.88676 0.84942 0.79325 0.72241 0.64053 0.55376 0.46999 0.39502 0.33143 0.27994 0.24009 0.21057 0.19111 0.18368 0.19004 0.20912 0.23863 0.27811 0.32893 0.39206 0.46702
0.54536 0.61507 0.67847 0.73103 0.77101 0.79636 0.80332 0.78997 0.75894 0.71443 0.65866 0.59347 0.52314 0.45324 0.38776 0.32909 0.27917 0.23918 0.20967 0.192 0.1885 0.19997 0.22413 0.25787 0.3 0.35078 0.40976 0.47543
0.50579 0.5583 0.60417 0.64093 0.66766 0.68325 0.6859 0.67503 0.65219 0.61933 0.57744 0.52769 0.47253 0.41487 0.35741 0.30341 0.25647 0.21926 0.19327 0.17985 0.18016 0.19379 0.21849 0.25186 0.29291 0.34101 0.39432 0.45013
0.44545 0.48313 0.5153 0.5411 0.55921 0.56871 0.56935 0.56122 0.54457 0.52025 0.48956 0.45325 0.41129 0.36318 0.3106 0.2595 0.21596 0.18348 0.16328 0.15507 0.15804 0.17114 0.1932 0.22362 0.26216 0.30737 0.35578 0.40276
0.38109 0.40415 0.42719 0.44784 0.46292 0.47051 0.47051 0.46301 0.4482 0.42792 0.40565 0.3846 0.35861 0.31804 0.26368 0.20904 0.1681 0.14379 0.13205 0.12965 0.13395 0.1439 0.16027 0.18501 0.2209 0.26734 0.31502 0.35351
0.33071 0.34015 0.35714 0.37816 0.39462 0.4029 0.40225 0.39269 0.37537 0.3553 0.3428 0.33789 0.32448 0.28645 0.22711 0.16836 0.13075 0.11723 0.11666 0.12011 0.1238 0.12753 0.13448 0.15257 0.18993 0.24143 0.2893 0.31855
0.29565 0.30326 0.32217 0.34714 0.36703 0.37662 0.37463 0.3611 0.33836 0.31583 0.30438 0.30085 0.28701 0.2486 0.19311 0.14469 0.12179 0.12293 0.1334 0.14091 0.1412 0.13555 0.13102 0.1413 0.17489 0.22362 0.26665 0.28912
0.29015 0.28219 0.29097 0.31158 0.33031 0.33956 0.33733 0.32398 0.30342 0.28857 0.29189 0.30703 0.30794 0.27331 0.21034 0.14975 0.11735 0.11449 0.12477 0.13279 0.13322 0.12756 0.12505 0.14172 0.18537 0.24287 0.28684 0.29977
0.25559 0.26551 0.28933 0.31844 0.34131 0.35181 0.34776 0.32973 0.30206 0.27521 0.26025 0.25526 0.24424 0.21542 0.17745 0.1519 0.15111 0.16807 0.18666 0.19474 0.18806 0.17038 0.15329 0.15202 0.17449 0.21118 0.24134 0.25328
0.28206 0.31131 0.34709 0.37992 0.40315 0.41351 0.40907 0.39043 0.35955 0.32238 0.28989 0.2672 0.24971 0.23346 0.22398 0.23007 0.25126 0.27649 0.29377 0.2958 0.28012 0.25233 0.22267 0.20381 0.20454 0.22165 0.24305 0.26164
0.38621 0.41953 0.45351 0.4814 0.50119 0.51119 0.51001 0.49798 0.47503 0.444 0.41481 0.39471 0.38304 0.37744 0.37972 0.39204 0.41037 0.42593 0.43188 0.42342 0.39953 0.36699 0.33412 0.31085 0.30508 0.31596 0.33559 0.3586
0.5317 0.55527 0.57789 0.59688 0.61223 0.62347 0.6301 0.63147 0.62722 0.61829 0.6108 0.60792 0.60622 0.60198 0.59661 0.5933 0.59119 0.58633 0.5757 0.55535 0.5261 0.49481 0.46832 0.45377 0.45564 0.47053 0.4903 0.51033
0.66313 0.67496 0.68672 0.69857 0.7111 0.72635 0.74434 0.76251 0.77997 0.79627 0.81197 0.82466 0.82822 0.81911 0.80045 0.77767 0.75298 0.72667 0.6982 0.66732 0.63627 0.60966 0.59251 0.58906 0.59992 0.61881 0.63714 0.65128
0.7483 0.7526 0.758 0.76579 0.77895 0.801 0.83152 0.86631 0.90204 0.93707 0.96779 0.9885 0.99292 0.97886 0.9501 0.91229 0.86926 0.82363 0.77928 0.74083 0.71061 0.68964 0.68016 0.68378 0.69841 0.71727 0.73302 0.74279
0.78149 0.78121 0.78301 0.79075 0.80862 0.8391 0.88079 0.92903 0.97867 1.0252 1.0638 1.0879 1.0916 1.0732 1.0362 0.98618 0.92794 0.86719 0.8117 0.76814 0.73878 0.72291 0.71985 0.72845 0.74464 0.76187 0.77443 0.78037
0.76731 0.76281 0.76324 0.77422 0.79923 0.83848 0.88939 0.94735 1.0064 1.0601 1.102 1.1262 1.128 1.1057 1.0615 1.0013 0.93209 0.86186 0.7992 0.75124 0.7214 0.70942 0.71268 0.72669 0.74502 0.76087 0.76978 0.7711
0.71536 0.70536 0.70411 0.71851 0.75105 0.79952 0.85925 0.92476 0.98953 1.0461 1.0877 1.1099 1.1097 1.0854 1.0375 0.97083 0.89388 0.81617 0.7473 0.69586 0.66685 0.65993 0.67017 0.68985 0.71048 0.72515 0.73027 0.72585
0.63977 0.61947 0.61348 0.6314 0.67398 0.73312 0.80007 0.87028 0.93767 0.99462 1.0351 1.0557 1.0547 1.03 0.98014 0.90844 0.82341 0.73655 0.66098 0.60871 0.58572 0.58937 0.61067 0.63814 0.66182 0.67539 0.67554 0.66199
0.55496 0.51863 0.50924 0.54048 0.60527 0.67916 0.74356 0.80127 0.8616 0.91774 0.95877 0.97986 0.97833 0.9525 0.90088 0.82521 0.73339 0.63611 0.55165 0.50039 0.49027 0.5132 0.55336 0.59407 0.62343 0.63536 0.62642 0.59672
0.47804 0.4214 0.41014 0.46343 0.56213 0.65694 0.71281 0.74053 0.77436 0.82381 0.86614 0.88821 0.88608 0.86023 0.81478 0.75144 0.65982 0.54445 0.44001 0.3871 0.39754 0.4509 0.51789 0.57691 0.61399 0.62223 0.59856 0.54598
0.4311 0.34728 0.32405 0.38894 0.51452 0.62918 0.67992 0.67987 0.68414 0.72078 0.76301 0.78488 0.78298 0.76814 0.75458 0.7166 0.6174 0.46844 0.33696 0.28847 0.33209 0.42667 0.52547 0.6032 0.64707 0.64877 0.60706 0.52902
0.44025 0.32423 0.27023 0.31572 0.43609 0.55298 0.60325 0.595 0.58815 0.61812 0.65823 0.67765 0.6784 0.69082 0.71414 0.68938 0.57025 0.39348 0.25881 0.24076 0.3313 0.46739 0.59307 0.68439 0.73111 0.7241 0.66537 0.56531
0.52352 0.3803 0.28259 0.27491 0.34778 0.43724 0.4837 0.4861 0.49084 0.52448 0.56045 0.57357 0.57816 0.60895 0.64378 0.61263 0.48674 0.32952 0.24639 0.29072 0.42823 0.58824 0.72377 0.81848 0.86243 0.84608 0.77532 0.66351
0.6673 0.50973 0.37054 0.29494 0.29468 0.33418 0.36802 0.38581 0.40999 0.44851 0.47593 0.47865 0.47798 0.50017 0.51734 0.47953 0.38893 0.31499 0.33168 0.44862 0.6133 0.77094 0.89781 0.98551 1.0216 0.99714 0.92095 0.80825
0.82176 0.6595 0.49382 0.36418 0.29792 0.28657 0.30149 0.326 0.35971 0.3937 0.40789 0.39797 0.38195 0.37784 0.37074 0.346 0.32881 0.36913 0.48905 0.65757 0.82508 0.96648 1.0781 1.1535 1.1792 1.1489 1.0712 0.96006
0.93505 0.7701 0.59529 0.44132 0.33851 0.2931 0.28912 0.30785 0.33525 0.35499 0.35536 0.33512 0.30514 0.28032 0.26508 0.27266 0.33268 0.46422 0.64714 0.83494 0.9962 1.127 1.2274 1.2891 1.3038 1.2698 1.1911 1.0769
0.98729 0.82052 0.64823 0.49399 0.38238 0.32204 0.30329 0.30868 0.32049 0.32495 0.31511 0.29061 0.25778 0.23109 0.2276 0.27039 0.38003 0.55235 0.75206 0.93973 1.0988 1.2273 1.3184 1.3656 1.3701 1.3336 1.2543 1.1354
0.9811 0.81833 0.65549 0.51222 0.40593 0.34223 0.31378 0.30603 0.30437 0.2986 0.28387 0.26053 0.23488 0.2208 0.23774 0.30514 0.43246 0.60728 0.79895 0.97963 1.1358 1.2581 1.3368 1.3708 1.3668 1.3271 1.2473 1.1286
0.91751 0.7669 0.61969 0.49254 0.39725 0.33657 0.30486 0.29126 0.28408 0.27461 0.25901 0.23918 0.22323 0.22459 0.25878 0.33782 0.46395 0.6254 0.80025 0.96694 1.1099 1.2179 1.2842 1.3093 1.2981 1.2521 1.1705 1.0561
0.80074 0.66724 0.54088 0.43417 0.3546 0.30391 0.27833 0.26908 0.26495 0.25676 0.24149 0.22378 0.21404 0.22476 0.26687 0.34629 0.46157 0.60331 0.75577 0.901 1.0242 1.1166 1.1737 1.1932 1.1749 1.1212 1.0368 0.92755
0.65068 0.53684 0.43414 0.35081 0.29183 0.25913 0.24957 0.25369 0.25852 0.25365 0.23736 0.21758 0.20689 0.21708 0.25602 0.32584 0.42321 0.54087 0.66768 0.78936 0.89339 0.97249 1.0216 1.035 1.0102 0.95158 0.86725 0.76439
0.4964 0.40499 0.32724 0.26881 0.23418 0.2253 0.23758 0.25825 0.27204 0.26952 0.25112 0.22607 0.20757 0.20797 0.23426 0.28699 0.3622 0.45417 0.5549 0.65363 0.74009 0.80687 0.84681 0.85277 0.82318 0.76439 0.68521 0.59311
0.36483 0.29819 0.24597 0.21346 0.20536 0.22197 0.25264 0.28123 0.29667 0.29484 0.27743 0.25007 0.2224 0.20763 0.21586 0.24813 0.30046 0.36751 0.44299 0.51919 0.58852 0.64411 0.67651 0.67615 0.64269 0.58579 0.51589 0.43985
0.27761 0.23531 0.20783 0.20127 0.21989 0.25746 0.2947 0.31746 0.32494 0.32306 0.31227 0.28793 0.25299 0.22227 0.21164 0.22448 0.25637 0.30141 0.35415 0.40982 0.46533 0.51463 0.5435 0.53847 0.50081 0.44545 0.38646 0.32949
0.24678 0.22442 0.21776 0.23375 0.27471 0.32457 0.3574 0.36267 0.35502 0.35329 0.35291 0.3344 0.29409 0.25073 0.22591 0.22483 0.24198 0.27088 0.30702 0.34886 0.39693 0.4439 0.47074 0.46149 0.42046 0.36773 0.31947 0.27936
0.26706 0.25576 0.26103 0.28976 0.34121 0.39195 0.41186 0.39604 0.37466 0.37522 0.38484 0.37183 0.33024 0.2831 0.25461 0.24919 0.26065 0.28291 0.31269 0.35079 0.39853 0.44596 0.47076 0.45726 0.41351 0.36262 0.32061 0.28939
0.31584 0.30325 0.30712 0.33273 0.37672 0.41434 0.41799 0.3902 0.36718 0.37328 0.38824 0.37912 0.34349 0.30565 0.28653 0.28801 0.3047 0.33182 0.36693 0.41121 0.46472 0.5146 0.53703 0.51855 0.47067 0.41744 0.3735 0.34004
0.36264 0.33706 0.32698 0.33505 0.35699 0.3743 0.36867 0.34657 0.33515 0.34589 0.35867 0.35172 0.32903 0.3112 0.31064 0.32772 0.35897 0.40063 0.44955 0.50531 0.56576 0.61637 0.6344 0.61004 0.55722 0.49842 0.44558 0.39993
0.38146 0.33722 0.30857 0.29606 0.29626 0.3 0.29802 0.29322 0.29573 0.30562 0.31095 0.30545 0.29789 0.30076 0.31972 0.3554 0.40584 0.46666 0.53224 0.5989 0.66228 0.7086 0.71961 0.69017 0.63388 0.5684 0.50216 0.43817
0.36041 0.30076 0.25997 0.23785 0.23173 0.23667 0.2469 0.25833 0.26834 0.27308 0.27025 0.26442 0.26458 0.27843 0.31031 0.36164 0.4302 0.50921 0.58992 0.66489 0.72719 0.76576 0.76908 0.73579 0.67603 0.6013 0.51875 0.43555
0.30442 0.24078 0.20266 0.18923 0.1961 0.21638 0.24155 0.26303 0.27405 0.27173 0.25911 0.24463 0.23861 0.24989 0.28442 0.34391 0.42421 0.51582 0.60724 0.68787 0.74805 0.77901 0.77512 0.73674 0.66989 0.5832 0.4861 0.38931
0.23165 0.18056 0.16258 0.17447 0.20764 0.25038 0.29033 0.31722 0.3248 0.31195 0.28373 0.25087 0.22676 0.2237 0.24993 0.30698 0.38885 0.48421 0.57968 0.66169 0.71843 0.74252 0.73136 0.68578 0.61042 0.51452 0.41047 0.31176
0.16761 0.14632 0.16298 0.20953 0.27273 0.33698 0.38786 0.4157 0.41618 0.38947 0.34153 0.28506 0.23638 0.21059 0.21803 0.26113 0.33343 0.42287 0.51452 0.59238 0.6431 0.65994 0.64158 0.58931 0.50861 0.41107 0.31179 0.226
0.13881 0.1601 0.21817 0.29955 0.38812 0.46706 0.5225 0.54692 0.53795 0.49643 0.42875 0.34872 0.27382 0.22034 0.20082 0.22034 0.27382 0.34872 0.42875 0.49643 0.53795 0.54692 0.5225 0.46706 0.38812 0.29955 0.21817 0.1601
0.16448 0.23104 0.3266 0.43478 0.5392 0.62403 0.67775 0.69554 0.67646 0.62151 0.53714 0.43714 0.3386 0.25754 0.20813 0.19878 0.22681 0.27993 0.3412 0.3931 0.42252 0.4236 0.3961 0.34389 0.27639 0.20864 0.15779 0.13961
0.24447 0.34677 0.46714 0.58965 0.69906 0.78175 0.82908 0.83861 0.81022 0.74488 0.64892 0.53533 0.41981 0.31727 0.24211 0.20452 0.20401 0.22993 0.26673 0.29872 0.31455 0.3094 0.2839 0.24318 0.19745 0.16118 0.14984 0.17613
0.35594 0.47747 0.60734 0.73107 0.83541 0.90948 0.94748 0.94864 0.91325 0.84231 0.74173 0.623 0.49974 0.38568 0.29409 0.23449 0.20748 0.20518 0.21549 0.22637 0.22944 0.22162 0.20435 0.18286 0.1662 0.16616 0.19425 0.25789
0.4665 0.59113 0.71659 0.83029 0.92174 0.98317 1.011 1.0052 0.9661 0.89511 0.79746 0.68243 0.56129 0.44618 0.34865 0.2761 0.22936 0.20351 0.19075 0.18362 0.17757 0.17166 0.16748 0.1687 0.18134 0.21299 0.27032 0.35609
0.5491 0.66381 0.77408 0.86985 0.94401 0.99195 1.011 1.0003 0.96063 0.89465 0.80673 0.70328 0.59291 0.48583 0.39117 0.31431 0.25634 0.21509 0.1868 0.1683 0.15857 0.15825 0.16816 0.18937 0.22436 0.27664 0.34894 0.44119
0.58871 0.6851 0.77366 0.84757 0.90339 0.93874 0.9506 0.93729 0.90055 0.84408 0.77106 0.6848 0.5911 0.4978 0.41169 0.33683 0.27509 0.22677 0.19133 0.16875 0.16019 0.16664 0.1876 0.22191 0.26939 0.33069 0.40587 0.49325
0.58307 0.65795 0.72345 0.77601 0.8147 0.83835 0.84428 0.83117 0.80112 0.7573 0.7012 0.63392 0.55883 0.48109 0.40551 0.33591 0.2755 0.2266 0.19075 0.16956 0.16471 0.1766 0.20373 0.24378 0.29526 0.35725 0.42802 0.50463
0.54008 0.594 0.63892 0.67371 0.69817 0.71179 0.71356 0.7032 0.68184 0.6508 0.61057 0.56143 0.50431 0.4411 0.37502 0.31089 0.25399 0.20836 0.1764 0.15963 0.15885 0.17365 0.20226 0.2426 0.29304 0.35175 0.41537 0.47949
0.47324 0.50789 0.53605 0.55805 0.57305 0.58039 0.58033 0.57312 0.5587 0.53769 0.51119 0.47915 0.43994 0.3896 0.32907 0.26742 0.21453 0.17467 0.14946 0.13861 0.14113 0.15597 0.18225 0.21944 0.26668 0.32163 0.37886 0.43065
0.4038 0.41624 0.43103 0.44657 0.4582 0.46384 0.46342 0.45712 0.44518 0.42974 0.41663 0.40857 0.39304 0.35359 0.2898 0.22063 0.16728 0.13611 0.12086 0.1169 0.12131 0.13307 0.15322 0.18421 0.23054 0.28926 0.34542 0.38402
0.3447 0.33793 0.3432 0.35842 0.37218 0.37924 0.37838 0.36977 0.35518 0.34259 0.3451 0.35958 0.36129 0.32603 0.25632 0.18117 0.12986 0.10939 0.10698 0.11004 0.1141 0.11902 0.12882 0.15452 0.20454 0.26911 0.32308 0.34696
0.36365 0.33918 0.3316 0.34047 0.35176 0.35777 0.35673 0.34892 0.33704 0.33297 0.35228 0.3882 0.40659 0.37436 0.29304 0.19934 0.13226 0.10349 0.098881 0.10165 0.10605 0.11201 0.12501 0.15951 0.22384 0.303 0.36371 0.3817
0.28826 0.26443 0.26306 0.27944 0.29729 0.30638 0.3039 0.29049 0.27203 0.26499 0.28355 0.31812 0.33449 0.3037 0.23246 0.1584 0.11528 0.10756 0.11728 0.12582 0.12638 0.12082 0.12086 0.14476 0.19943 0.26645 0.31154 0.31454
0.22829 0.22919 0.24894 0.27743 0.30095 0.31187 0.30736 0.28846 0.26088 0.23738 0.23101 0.23881 0.23972 0.2165 0.17707 0.14727 0.14381 0.16081 0.18066 0.1895 0.18238 0.1636 0.14639 0.14721 0.1732 0.21134 0.23698 0.23828
0.24011 0.26656 0.30279 0.33722 0.36178 0.37275 0.36776 0.34791 0.3154 0.27772 0.2483 0.23303 0.22488 0.2162 0.21114 0.21987 0.24364 0.27156 0.29068 0.29315 0.27635 0.24623 0.21374 0.19219 0.19 0.2025 0.21655 0.22645
0.34617 0.37878 0.41395 0.44331 0.46422 0.47478 0.47328 0.46059 0.43641 0.40473 0.37766 0.36347 0.36002 0.36225 0.37026 0.38642 0.40762 0.42537 0.43236 0.42375 0.3983 0.36309 0.32673 0.29939 0.2887 0.2934 0.3059 0.32244
0.50303 0.52497 0.54739 0.56663 0.58263 0.59439 0.60125 0.60317 0.59969 0.59242 0.58881 0.59221 0.59762 0.59917 0.59721 0.59551 0.59423 0.58982 0.57918 0.55814 0.5273 0.49399 0.46513 0.44785 0.44622 0.45644 0.47065 0.48538
0.64563 0.65494 0.66535 0.67674 0.68953 0.70539 0.72431 0.74405 0.76395 0.78365 0.80419 0.82264 0.83131 0.82534 0.80774 0.78478 0.7595 0.73248 0.70336 0.67149 0.63916 0.61139 0.59312 0.58846 0.59759 0.61368 0.62801 0.63764
0.73834 0.74033 0.74432 0.75149 0.76471 0.78756 0.81957 0.8564 0.89486 0.93336 0.96814 0.99287 1.0003 0.98764 0.95901 0.9206 0.8766 0.82992 0.78451 0.74512 0.71413 0.69254 0.68255 0.68559 0.6993 0.71647 0.7295 0.73594
0.7764 0.77448 0.77517 0.78229 0.80022 0.83165 0.87504 0.92538 0.97735 1.0265 1.0677 1.0941 1.0993 1.0815 1.0443 0.99358 0.93431 0.8723 0.81567 0.77142 0.74176 0.7257 0.72241 0.73073 0.74641 0.76263 0.77352 0.77736
0.76521 0.75951 0.75905 0.76958 0.79479 0.83499 0.88744 0.94724 1.0082 1.0636 1.107 1.1323 1.1347 1.1124 1.0679 1.0068 0.9364 0.86491 0.80129 0.75291 0.72308 0.71124 0.71465 0.72872 0.74692 0.76227 0.77026 0.77034
0.71453 0.70367 0.70186 0.71613 0.74903 0.7983 0.85913 0.92591 0.99196 1.0496 1.092 1.1145 1.1145 1.0899 1.0415 0.97396 0.89596 0.81726 0.7477 0.69601 0.66713 0.66054 0.67116 0.69114 0.71189 0.72641 0.73107 0.72592
0.63929 0.61856 0.6124 0.6305 0.67355 0.73321 0.80061 0.87128 0.93919 0.99656 1.0373 1.058 1.0569 1.032 0.98175 0.90953 0.82389 0.73646 0.66047 0.60806 0.58517 0.58911 0.61077 0.63854 0.6624 0.67597 0.67594 0.662
0.55496 0.51863 0.50924 0.54048 0.60527 0.67916 0.74356 0.80127 0.8616 0.91774 0.95877 0.97986 0.97833 0.9525 0.90088 0.82521 0.73339 0.63611 0.55165 0.50039 0.49027 0.5132 0.55336 0.59407 0.62343 0.63536 0.62642 0.59672
0.4795 0.42328 0.41167 0.46356 0.56031 0.65364 0.7093 0.7379 0.77271 0.82245 0.86471 0.88685 0.88496 0.85944 0.81406 0.75078 0.65983 0.54579 0.4427 0.3904 0.4005 0.45299 0.51909 0.57738 0.61401 0.62217 0.59879 0.54676
0.43557 0.35316 0.3294 0.39081 0.5111 0.6215 0.67138 0.67377 0.68129 0.7196 0.76197 0.78404 0.78256 0.76729 0.75238 0.71421 0.61774 0.4737 0.34656 0.29944 0.34136 0.4329 0.52901 0.60491 0.64772 0.6493 0.60833 0.53168
0.44866 0.33615 0.28284 0.32386 0.436 0.54551 0.59339 0.58825 0.58643 0.61937 0.65994 0.67968 0.68021 0.68989 0.71021 0.68679 0.57522 0.40885 0.28141 0.2637 0.34899 0.47848 0.59911 0.68729 0.73234 0.72528 0.66786 0.57023
0.53426 0.3972 0.30317 0.29278 0.35726 0.43779 0.48012 0.48459 0.49402 0.5305 0.5669 0.58053 0.5837 0.61026 0.64296 0.61749 0.50484 0.36145 0.28454 0.32456 0.45169 0.60177 0.73056 0.82116 0.86298 0.84683 0.77798 0.66935
0.67618 0.52642 0.3945 0.32059 0.31533 0.3472 0.37618 0.39409 0.42073 0.46052 0.48819 0.49186 0.48996 0.50949 0.52846 0.50095 0.4255 0.36245 0.37857 0.4843 0.63489 0.78191 0.90211 0.98537 1.0193 0.9954 0.92159 0.81205
0.82504 0.67054 0.51432 0.39092 0.32478 0.30935 0.32041 0.34363 0.3774 0.41106 0.42582 0.41788 0.40278 0.39987 0.39878 0.3855 0.37904 0.42117 0.5312 0.6837 0.83746 0.97049 1.0767 1.1478 1.1714 1.1423 1.0674 0.95906
0.93254 0.77454 0.6092 0.46365 0.36483 0.31908 0.31318 0.33037 0.35658 0.37574 0.37741 0.36039 0.3339 0.31354 0.30566 0.32133 0.3838 0.50753 0.67477 0.84674 0.99757 1.1225 1.2182 1.2757 1.2889 1.2565 1.1813 1.0703
0.98084 0.82079 0.65686 0.51067 0.40426 0.34562 0.32649 0.33081 0.34167 0.34639 0.33861 0.3179 0.2898 0.2683 0.2703 0.3158 0.42099 0.58095 0.76522 0.94035 1.0915 1.2144 1.3003 1.3439 1.3475 1.313 1.2377 1.1236
0.97087 0.81522 0.65967 0.52303 0.42138 0.35986 0.33189 0.32403 0.32261 0.31806 0.30579 0.28598 0.26447 0.25418 0.27344 0.3394 0.45963 0.62287 0.8023 0.97288 1.1209 1.2362 1.3097 1.341 1.3368 1.2992 1.2239 1.1114
0.90237 0.75886 0.61803 0.49622 0.40479 0.34644 0.31602 0.30343 0.29751 0.28983 0.27662 0.25952 0.24616 0.24922 0.28308 0.35872 0.47805 0.63038 0.79549 0.95267 1.0867 1.1874 1.2491 1.2724 1.2616 1.2181 1.1412 1.0335
0.78163 0.6544 0.53333 0.43093 0.35472 0.30646 0.28255 0.2746 0.27188 0.2655 0.25234 0.23662 0.22816 0.23885 0.27909 0.35459 0.46407 0.59853 0.74268 0.87916 0.9942 1.0801 1.1333 1.1516 1.1344 1.0838 1.0044 0.9016
0.63137 0.52263 0.42406 0.34402 0.28753 0.25636 0.24734 0.25158 0.25693 0.25352 0.23934 0.22151 0.21179 0.22152 0.25841 0.32477 0.4175 0.52944 0.64949 0.76394 0.86117 0.93474 0.98023 0.99258 0.96947 0.91489 0.83604 0.73922
0.48195 0.39439 0.31954 0.26302 0.22904 0.2193 0.22953 0.24859 0.26219 0.26079 0.24423 0.22122 0.20462 0.20587 0.23154 0.28229 0.35444 0.44237 0.53814 0.63121 0.71184 0.7733 0.80955 0.81472 0.7877 0.73383 0.66043 0.57388
0.36017 0.29578 0.24484 0.21217 0.20191 0.21452 0.24202 0.26938 0.28479 0.2832 0.26599 0.23956 0.21435 0.20297 0.21333 0.24593 0.29714 0.36208 0.43446 0.5064 0.57039 0.62007 0.64816 0.64755 0.61819 0.56749 0.50334 0.43189
0.28635 0.24403 0.21538 0.2056 0.21833 0.25009 0.2851 0.30873 0.31727 0.31413 0.30046 0.275 0.24305 0.21852 0.21345 0.22939 0.26248 0.30765 0.35946 0.41247 0.46254 0.50489 0.52898 0.52457 0.49271 0.44482 0.39141 0.33719
0.2693 0.24388 0.23268 0.24126 0.27198 0.31433 0.34612 0.35549 0.35101 0.34668 0.34022 0.31907 0.28332 0.24953 0.23391 0.23885 0.25987 0.29159 0.32946 0.37032 0.41341 0.45328 0.47555 0.46788 0.43362 0.38826 0.344 0.30391
0.2998 0.28202 0.2789 0.29562 0.33239 0.37306 0.39254 0.384 0.36804 0.36518 0.36698 0.35188 0.31788 0.2841 0.26791 0.27119 0.28925 0.3172 0.35138 0.39033 0.43414 0.47522 0.49631 0.48511 0.44797 0.40287 0.36208 0.32757
0.35333 0.33113 0.32342 0.33381 0.36035 0.38624 0.38953 0.36991 0.35233 0.35446 0.36254 0.3543 0.32982 0.30808 0.30283 0.31491 0.34055 0.37583 0.41733 0.46372 0.51413 0.55857 0.57829 0.56254 0.52053 0.47116 0.42574 0.38601
0.39993 0.36262 0.33946 0.33204 0.33731 0.34337 0.33634 0.31932 0.31043 0.31765 0.32743 0.3256 0.3164 0.31449 0.32755 0.35616 0.39806 0.44955 0.50601 0.56451 0.62247 0.66855 0.68482 0.6635 0.61564 0.5588 0.50216 0.44796
0.41472 0.35793 0.31662 0.29109 0.27866 0.27314 0.2679 0.26337 0.26538 0.27365 0.28052 0.28295 0.28789 0.30371 0.33479 0.38216 0.44419 0.51576 0.58969 0.66023 0.72256 0.76593 0.77631 0.74975 0.69665 0.63035 0.55772 0.48353
0.38659 0.3148 0.26317 0.23183 0.21813 0.21727 0.22361 0.23263 0.24113 0.24611 0.2468 0.24751 0.2559 0.27894 0.32099 0.38356 0.46382 0.55391 0.64373 0.72448 0.78834 0.82629 0.83001 0.79846 0.73872 0.65956 0.56854 0.47414
0.32132 0.24698 0.20081 0.18235 0.18637 0.20468 0.22784 0.24732 0.25708 0.25486 0.24368 0.23163 0.22921 0.24604 0.28864 0.35833 0.44976 0.55225 0.65325 0.74085 0.80469 0.83703 0.83395 0.79556 0.72595 0.63277 0.52616 0.41805
0.23818 0.17902 0.15702 0.16845 0.20294 0.24691 0.28696 0.31294 0.3193 0.30518 0.2754 0.24091 0.21618 0.21502 0.24668 0.31234 0.40434 0.50998 0.61479 0.70399 0.76506 0.79124 0.78085 0.73432 0.65503 0.55198 0.43839 0.32886
0.16448 0.13961 0.15779 0.20864 0.27639 0.34389 0.3961 0.4236 0.42252 0.3931 0.3412 0.27993 0.22681 0.19878 0.20813 0.25754 0.3386 0.43714 0.53714 0.62151 0.67646 0.69554 0.67775 0.62403 0.5392 0.43478 0.3266 0.23104
0.13071 0.15504 0.22029 0.30938 0.40415 0.48703 0.5441 0.5682 0.5572 0.51193 0.43876 0.35183 0.26955 0.20972 0.18758 0.20972 0.26955 0.35183 0.43876 0.51193 0.5572 0.5682 0.5441 0.48703 0.40415 0.30938 0.22029 0.15504
0.1603 0.23643 0.34252 0.45912 0.56963 0.65803 0.71309 0.73029 0.7088 0.64958 0.55908 0.45148 0.34417 0.25363 0.19688 0.1852 0.21575 0.27372 0.3401 0.39632 0.42881 0.43154 0.40416 0.35034 0.2794 0.20675 0.15095 0.13104
0.2517 0.36703 0.49812 0.628 0.74247 0.82772 0.8756 0.88419 0.85349 0.78417 0.68232 0.56136 0.43693 0.3233 0.23731 0.19284 0.19064 0.21823 0.25786 0.29259 0.3105 0.30654 0.28115 0.2393 0.19139 0.15283 0.14125 0.17251
0.37539 0.51004 0.64946 0.77973 0.88788 0.9632 1.0007 1.0008 0.96381 0.8898 0.78404 0.65817 0.52606 0.40057 0.29673 0.22767 0.19575 0.19202 0.20266 0.21443 0.21845 0.21139 0.19447 0.17284 0.15606 0.15729 0.19008 0.26363
0.49439 0.63084 0.76492 0.88412 0.97817 1.0396 1.0663 1.0595 1.0198 0.94673 0.8447 0.72305 0.59308 0.46689 0.35728 0.27444 0.22076 0.191 0.17634 0.16851 0.1625 0.15701 0.15348 0.15578 0.17067 0.20695 0.27256 0.37038
0.58249 0.70718 0.82415 0.92371 0.99905 1.046 1.0636 1.0524 1.0129 0.94591 0.85481 0.74601 0.62791 0.5106 0.40445 0.31698 0.25066 0.20355 0.1716 0.15127 0.14099 0.14083 0.15169 0.17532 0.21494 0.27464 0.35733 0.46213
0.62518 0.72901 0.82167 0.89708 0.95244 0.98616 0.99668 0.98336 0.94739 0.89102 0.81657 0.7269 0.62714 0.52491 0.42809 0.34257 0.27158 0.21606 0.17578 0.15062 0.14108 0.14762 0.17015 0.2084 0.26261 0.33325 0.41977 0.51915
0.61965 0.69885 0.76557 0.81739 0.85431 0.87602 0.88086 0.86806 0.83924 0.79662 0.74095 0.67248 0.59344 0.50847 0.42326 0.34335 0.27347 0.21691 0.17576 0.15162 0.14563 0.15794 0.18756 0.23286 0.29235 0.36442 0.44626 0.53331
0.57353 0.6281 0.67131 0.70351 0.72534 0.73687 0.73775 0.72801 0.70838 0.67963 0.64181 0.59413 0.53581 0.46761 0.39328 0.31944 0.25329 0.20021 0.16316 0.14357 0.14191 0.1577 0.18961 0.23588 0.29466 0.36321 0.43665 0.50862
0.50203 0.53217 0.55561 0.57335 0.58504 0.59024 0.58952 0.58327 0.57126 0.55401 0.53239 0.5065 0.47197 0.42029 0.35137 0.27793 0.21492 0.16821 0.13859 0.12551 0.12765 0.14397 0.1739 0.21713 0.27269 0.33803 0.40456 0.46079
0.4307 0.43052 0.43541 0.44538 0.45358 0.45738 0.4566 0.45145 0.44241 0.43246 0.43069 0.43828 0.43537 0.39769 0.32332 0.23739 0.16949 0.13035 0.11187 0.10658 0.11111 0.12443 0.14796 0.18564 0.24388 0.31653 0.38207 0.42033
0.4605 0.44646 0.4404 0.44442 0.44936 0.45151 0.45041 0.4463 0.44005 0.43618 0.44725 0.47222 0.48329 0.44788 0.36237 0.25834 0.17449 0.12646 0.10485 0.098431 0.10307 0.11773 0.1443 0.18917 0.26025 0.34776 0.42306 0.46057
0.38574 0.34318 0.32242 0.32479 0.33383 0.33898 0.33778 0.33061 0.32141 0.32635 0.36314 0.42118 0.45675 0.42766 0.33429 0.22117 0.13734 0.099506 0.092345 0.094895 0.099591 0.10646 0.12296 0.16682 0.24612 0.34039 0.40802 0.41993
0.28902 0.24999 0.23906 0.25156 0.26873 0.27781 0.27509 0.26149 0.24496 0.24541 0.27872 0.33225 0.3638 0.33673 0.25707 0.16933 0.11514 0.10221 0.11106 0.12006 0.12075 0.11541 0.11826 0.14958 0.21533 0.29189 0.33815 0.33145
0.20446 0.19755 0.21415 0.24256 0.26692 0.27831 0.27335 0.25347 0.22556 0.2046 0.20576 0.22533 0.23747 0.21948 0.17842 0.14421 0.13786 0.15464 0.17556 0.18509 0.17762 0.15796 0.14082 0.14381 0.17331 0.21295 0.23433 0.22566
0.20353 0.22827 0.26571 0.30214 0.32812 0.33965 0.33409 0.31286 0.2783 0.23942 0.21208 0.20311 0.20329 0.20141 0.20017 0.21103 0.23689 0.26712 0.2879 0.29079 0.27311 0.241 0.20607 0.1822 0.17747 0.18583 0.19322 0.19544
0.3128 0.34548 0.38234 0.41343 0.43545 0.44647 0.44455 0.43096 0.40519 0.37233 0.3465 0.33698 0.34042 0.3493 0.36211 0.38136 0.40488 0.42446 0.43238 0.42369 0.39707 0.35967 0.3204 0.28964 0.27477 0.27413 0.28055 0.29183
0.48075 0.50182 0.52446 0.54421 0.56082 0.57295 0.57982 0.58193 0.57871 0.57239 0.57154 0.57969 0.59062 0.59672 0.59739 0.59683 0.59611 0.59205 0.58141 0.55988 0.5279 0.49307 0.46239 0.443 0.4386 0.4451 0.45496 0.4657
0.63329 0.64094 0.65053 0.66172 0.67476 0.69101 0.71047 0.73122 0.75274 0.77477 0.79868 0.82117 0.83345 0.82969 0.81275 0.78958 0.7638 0.73623 0.70664 0.6741 0.64092 0.61239 0.59339 0.58791 0.59585 0.60994 0.62146 0.62795
0.73218 0.73273 0.73586 0.7427 0.75598 0.7793 0.81219 0.85026 0.89043 0.9311 0.96841 0.99565 1.0049 0.99312 0.96452 0.92568 0.88103 0.83365 0.78758 0.74761 0.71616 0.69424 0.68397 0.68667 0.69986 0.71599 0.72735 0.73172
0.7738 0.77104 0.77116 0.77798 0.79594 0.82785 0.8721 0.92352 0.97669 1.0272 1.0698 1.0973 1.1032 1.0857 1.0484 0.99735 0.93753 0.87484 0.81761 0.77302 0.74323 0.72708 0.7237 0.73189 0.74733 0.76304 0.77309 0.77584
0.7645 0.7584 0.75763 0.76801 0.7933 0.83381 0.88677 0.94719 1.0088 1.0649 1.1088 1.1344 1.137 1.1147 1.07 1.0087 0.93785 0.86592 0.80197 0.75345 0.72363 0.71185 0.71531 0.72941 0.74756 0.76275 0.77043 0.77009
0.71453 0.70367 0.70186 0.71613 0.74903 0.7983 0.85913 0.92591 0.99196 1.0496 1.092 1.1145 1.1145 1.0899 1.0415 0.97396 0.89596 0.81726 0.7477 0.69601 0.66713 0.66054 0.67116 0.69114 0.71189 0.72641 0.73107 0.72592
0.63977 0.61947 0.61348 0.6314 0.67398 0.73312 0.80007 0.87028 0.93767 0.99462 1.0351 1.0557 1.0547 1.03 0.98014 0.90844 0.82341 0.73655 0.66098 0.60871 0.58572 0.58937 0.61067 0.63814 0.66182 0.67539 0.67554 0.66199
0.55662 0.52105 0.51146 0.54125 0.60388 0.67605 0.73994 0.79797 0.85843 0.91413 0.95482 0.97589 0.97475 0.94958 0.89882 0.82412 0.73345 0.6376 0.55446 0.50379 0.49334 0.51534 0.55437 0.59409 0.62282 0.63463 0.6261 0.59729
0.48373 0.42876 0.41617 0.46408 0.55518 0.64424 0.69927 0.73036 0.76793 0.81843 0.86047 0.8828 0.88165 0.85712 0.81202 0.74897 0.65998 0.54981 0.4506 0.40002 0.40913 0.4591 0.5226 0.57876 0.61408 0.622 0.59946 0.54905
0.4441 0.36438 0.33965 0.39453 0.50482 0.60718 0.65547 0.66247 0.67604 0.7173 0.75986 0.78234 0.78171 0.76587 0.7485 0.70996 0.61861 0.48382 0.36486 0.32033 0.35902 0.44483 0.53585 0.6082 0.64892 0.65027 0.61073 0.53674
0.46183 0.35473 0.30247 0.3366 0.43606 0.53422 0.57858 0.57838 0.58422 0.62143 0.66256 0.68284 0.68336 0.6891 0.70472 0.68306 0.5829 0.4325 0.31624 0.29916 0.37652 0.4959 0.60867 0.69186 0.73415 0.72702 0.67174 0.57796
0.54918 0.42037 0.33128 0.31723 0.37037 0.43891 0.47596 0.48356 0.49929 0.53923 0.57606 0.59054 0.59231 0.61327 0.64259 0.62406 0.52891 0.40424 0.33593 0.37044 0.48387 0.62062 0.74011 0.82481 0.86351 0.84766 0.78164 0.67752
0.68747 0.54727 0.42425 0.35248 0.34125 0.36398 0.38747 0.40593 0.43557 0.47657 0.5045 0.50967 0.50678 0.52284 0.54307 0.52717 0.46979 0.4201 0.43579 0.52825 0.66195 0.79597 0.90762 0.98492 1.0157 0.99277 0.92225 0.81693
0.82893 0.68344 0.53814 0.42212 0.35649 0.33688 0.34404 0.36611 0.39985 0.43291 0.44842 0.44318 0.42957 0.42766 0.43229 0.43092 0.43596 0.4799 0.57882 0.71352 0.85192 0.9752 1.0746 1.1401 1.1611 1.1335 1.0622 0.95768
0.92965 0.77975 0.62506 0.48904 0.39502 0.34939 0.34174 0.35734 0.3821 0.40066 0.40396 0.39083 0.36855 0.35273 0.35187 0.37513 0.43932 0.55413 0.70443 0.85947 0.99885 1.1167 1.2064 1.2589 1.2701 1.2397 1.1687 1.0621
0.97337 0.82135 0.66682 0.52955 0.42901 0.37247 0.35304 0.35616 0.366 0.37115 0.36579 0.34937 0.32665 0.3105 0.3176 0.36499 0.4647 0.6113 0.77924 0.94086 1.0828 1.1984 1.2782 1.3175 1.32 1.2877 1.2173 1.1093
0.95864 0.81135 0.66404 0.53476 0.43825 0.37922 0.35181 0.34388 0.34282 0.33969 0.33018 0.31426 0.29722 0.2909 0.31216 0.37602 0.4884 0.63934 0.8057 0.96496 1.1032 1.2101 1.2775 1.3057 1.3012 1.2661 1.196 1.0909
0.8842 0.74868 0.615 0.49915 0.41208 0.35643 0.3276 0.31621 0.31171 0.30598 0.29532 0.28114 0.2705 0.27519 0.30845 0.3802 0.49216 0.63471 0.78916 0.93566 1.0596 1.152 1.2084 1.2297 1.2194 1.1788 1.1073 1.0071
0.75909 0.63871 0.52351 0.42593 0.35354 0.30814 0.28625 0.27981 0.27857 0.27401 0.26302 0.24934 0.24211 0.25255 0.29057 0.36172 0.4649 0.59148 0.72662 0.85366 0.9599 1.0388 1.0876 1.1044 1.0884 1.0414 0.96762 0.87173
0.60902 0.50581 0.4118 0.33543 0.2818 0.25248 0.24423 0.24859 0.25434 0.25223 0.24014 0.2243 0.21555 0.22464 0.2592 0.32177 0.40953 0.5153 0.62813 0.73497 0.82514 0.89285 0.93436 0.94547 0.92428 0.87414 0.8011 0.71063
0.46544 0.38208 0.31041 0.25602 0.22288 0.21238 0.22047 0.23719 0.24987 0.24928 0.23483 0.21451 0.20017 0.20236 0.22736 0.27601 0.34491 0.42853 0.519 0.60619 0.68091 0.737 0.76949 0.77388 0.74949 0.70063 0.63307 0.55224
0.35477 0.29284 0.24324 0.2104 0.19785 0.206 0.22866 0.25297 0.26715 0.26566 0.24968 0.22584 0.20464 0.19729 0.20999 0.243 0.29309 0.35576 0.42482 0.4924 0.5513 0.59577 0.6201 0.61935 0.59367 0.54849 0.48976 0.42294
0.2955 0.25318 0.2232 0.20986 0.21608 0.23974 0.26926 0.29075 0.2988 0.2949 0.28063 0.25715 0.23093 0.21416 0.21513 0.23444 0.26887 0.31413 0.36489 0.41537 0.46088 0.49733 0.51733 0.51353 0.48677 0.44534 0.39674 0.34519
0.29275 0.26413 0.24804 0.24866 0.26777 0.29902 0.3252 0.33466 0.33163 0.32592 0.31696 0.29758 0.27003 0.24795 0.24211 0.25347 0.27857 0.31315 0.35263 0.39287 0.43174 0.46538 0.48361 0.47739 0.44921 0.41038 0.36953 0.32934
0.33339 0.30889 0.29704 0.30135 0.32201 0.34899 0.36312 0.35727 0.34476 0.3402 0.33864 0.32634 0.30354 0.28493 0.28141 0.29374 0.31863 0.35226 0.39066 0.43057 0.47084 0.50611 0.52383 0.51479 0.48377 0.44402 0.40428 0.36654
0.39144 0.35943 0.33994 0.33517 0.34369 0.35519 0.35381 0.33788 0.32389 0.32408 0.32975 0.32656 0.31574 0.31063 0.31927 0.34216 0.37692 0.42024 0.46784 0.51629 0.56389 0.60336 0.62064 0.60749 0.57095 0.52516 0.47828 0.43252
0.43769 0.38846 0.35215 0.32968 0.31882 0.31227 0.30093 0.28583 0.27849 0.28414 0.29413 0.29974 0.3047 0.318 0.34446 0.38474 0.4374 0.49852 0.56223 0.62372 0.67981 0.72203 0.73686 0.71833 0.67487 0.61947 0.55886 0.49641
0.44828 0.37871 0.32464 0.28657 0.26245 0.24787 0.23823 0.23279 0.23427 0.24215 0.25187 0.26241 0.27863 0.30649 0.34948 0.4087 0.48238 0.5645 0.64659 0.72157 0.78381 0.82504 0.83509 0.81106 0.76032 0.69241 0.61333 0.52916
0.41293 0.32861 0.26587 0.2256 0.20512 0.19938 0.20242 0.2093 0.21664 0.22213 0.22576 0.23172 0.24709 0.27863 0.33085 0.4049 0.49691 0.59788 0.69665 0.78331 0.84946 0.88744 0.89173 0.86156 0.80124 0.71757 0.61832 0.51296
0.33828 0.25256 0.19793 0.17459 0.17636 0.19348 0.21545 0.23355 0.24225 0.23979 0.22915 0.21844 0.21875 0.24079 0.29169 0.37201 0.47474 0.58791 0.69816 0.79254 0.86 0.89383 0.89166 0.85339 0.78131 0.68211 0.56649 0.44723
0.24447 0.17613 0.14984 0.16118 0.19745 0.24318 0.2839 0.3094 0.31455 0.29872 0.26673 0.22993 0.20401 0.20452 0.24211 0.31727 0.41981 0.53533 0.64892 0.74488 0.81022 0.83861 0.82908 0.78175 0.69906 0.58965 0.46714 0.34677
0.1603 0.13104 0.15095 0.20675 0.2794 0.35034 0.40416 0.43154 0.42881 0.39632 0.3401 0.27372 0.21575 0.1852 0.19688 0.25363 0.34417 0.45148 0.55908 0.64958 0.7088 0.73029 0.71309 0.65803 0.56963 0.45912 0.34252 0.23643
0.12148 0.1493 0.22252 0.31955 0.42006 0.50657 0.56529 0.58915 0.57596 0.52676 0.44822 0.35489 0.26524 0.19858 0.17351 0.19858 0.26524 0.35489 0.44822 0.52676 0.57596 0.58915 0.56529 0.50657 0.42006 0.31955 0.22252 0.1493
0.15661 0.24396 0.36127 0.48527 0.60014 0.69127 0.74739 0.76396 0.73995 0.67666 0.58091 0.4674 0.35204 0.2513 0.18591 0.17108 0.20408 0.26707 0.33855 0.39923 0.43504 0.43953 0.41207 0.35645 0.28204 0.20432 0.14318 0.12172
0.26155 0.39167 0.53319 0.6681 0.78536 0.872 0.92006 0.92762 0.89459 0.82184 0.71558 0.58978 0.45776 0.33238 0.23376 0.18098 0.17669 0.20624 0.24903 0.28683 0.30709 0.30432 0.27875 0.23543 0.18504 0.14371 0.13185 0.1693
0.39797 0.54645 0.69407 0.82828 0.93849 1.0141 1.0509 1.0498 1.0112 0.93482 0.82531 0.69467 0.55528 0.41814 0.30071 0.22103 0.18397 0.17925 0.19073 0.20385 0.20905 0.20266 0.18574 0.16351 0.14618 0.14823 0.1859 0.27071
0.52381 0.67161 0.81275 0.9359 1.0313 1.0921 1.1175 1.1098 1.0694 0.99491 0.88968 0.76284 0.62544 0.48854 0.36647 0.27302 0.21265 0.17959 0.16371 0.15568 0.1499 0.14473 0.14148 0.14434 0.1609 0.20137 0.27521 0.38566
0.61543 0.74935 0.87189 0.97408 1.0497 1.0954 1.1114 1.0998 1.0606 0.99304 0.89968 0.78663 0.66172 0.53476 0.41751 0.31986 0.24586 0.19375 0.15895 0.13729 0.12659 0.12653 0.13805 0.16351 0.20697 0.27334 0.36595 0.48301
0.66022 0.77065 0.86649 0.94256 0.99685 1.0286 1.0377 1.0245 0.98948 0.93373 0.8586 0.76638 0.66139 0.55092 0.44401 0.34855 0.26924 0.20756 0.16332 0.13608 0.12572 0.13234 0.15613 0.19759 0.25749 0.33648 0.43356 0.54431
0.65439 0.73719 0.80443 0.85492 0.88963 0.90912 0.91281 0.90044 0.87315 0.8322 0.77756 0.70859 0.62633 0.53486 0.44072 0.35125 0.2728 0.20959 0.16402 0.13745 0.13052 0.14319 0.17488 0.22455 0.29093 0.37207 0.46415 0.56089
0.60543 0.66007 0.70107 0.73028 0.7492 0.75852 0.75853 0.7495 0.73182 0.70577 0.67085 0.6252 0.56633 0.49386 0.41182 0.32881 0.25408 0.19434 0.15293 0.13099 0.12861 0.14524 0.1799 0.23126 0.2975 0.37512 0.4577 0.53686
0.53143 0.55576 0.57378 0.58705 0.59538 0.59849 0.59718 0.5919 0.58237 0.56911 0.55307 0.53503 0.5068 0.45468 0.3772 0.29106 0.21706 0.16375 0.13023 0.11526 0.1171 0.13467 0.16773 0.21639 0.28024 0.35648 0.4325 0.49265
0.56034 0.57811 0.5902 0.5991 0.60421 0.60541 0.60357 0.59922 0.59208 0.58275 0.57283 0.56367 0.54275 0.49096 0.40521 0.30616 0.22077 0.16095 0.12401 0.10745 0.10905 0.12766 0.16339 0.21689 0.28903 0.37619 0.46141 0.52482
0.49095 0.46292 0.44574 0.44376 0.44578 0.44652 0.44514 0.4419 0.43816 0.44064 0.46499 0.50764 0.53292 0.50006 0.40364 0.28153 0.1815 0.12429 0.099597 0.092224 0.096967 0.11276 0.1421 0.19424 0.27819 0.38042 0.46519 0.50164
0.40842 0.34876 0.31554 0.31174 0.31883 0.32333 0.32198 0.31525 0.30859 0.32227 0.37581 0.45491 0.50682 0.48072 0.37585 0.24409 0.14401 0.097187 0.08732 0.089688 0.094642 0.10229 0.12233 0.17529 0.26895 0.37759 0.45177 0.45788
0.29129 0.23884 0.21955 0.22875 0.24543 0.25457 0.25166 0.23782 0.22297 0.23003 0.27649 0.34706 0.39232 0.36857 0.28113 0.18076 0.11627 0.098338 0.10621 0.11558 0.11638 0.11133 0.11689 0.15506 0.23096 0.31622 0.36359 0.34816
0.18522 0.17205 0.18642 0.21506 0.24026 0.25208 0.24676 0.22596 0.19752 0.17834 0.18558 0.21506 0.23681 0.22328 0.18064 0.1424 0.13336 0.1498 0.17156 0.18166 0.17392 0.1536 0.13662 0.14158 0.17419 0.2152 0.23297 0.2158
0.17495 0.1988 0.23765 0.27599 0.30323 0.31521 0.30916 0.28668 0.25014 0.20988 0.18381 0.17968 0.18649 0.19005 0.19176 0.20416 0.23155 0.26357 0.28569 0.28894 0.27062 0.23697 0.20013 0.17448 0.16778 0.17284 0.17488 0.17102
0.28872 0.32181 0.36024 0.39283 0.41576 0.4271 0.42479 0.41037 0.38316 0.34913 0.32393 0.31764 0.32607 0.33982 0.3561 0.37755 0.40269 0.42358 0.43221 0.4235 0.39607 0.35711 0.31575 0.28253 0.26459 0.25999 0.26194 0.26948
0.46657 0.48724 0.5102 0.53041 0.54746 0.5598 0.56661 0.56872 0.56552 0.55968 0.56048 0.57159 0.58604 0.59505 0.59739 0.59751 0.59711 0.59326 0.58263 0.56081 0.52814 0.49236 0.46054 0.43981 0.43362 0.4377 0.44477 0.45304
0.6269 0.63371 0.64293 0.65406 0.66725 0.68369 0.7034 0.72463 0.74696 0.77017 0.79583 0.8204 0.83455 0.83193 0.81532 0.79199 0.76593 0.73806 0.70822 0.67535 0.64175 0.61285 0.59347 0.58758 0.59491 0.60797 0.61803 0.62291
0.73009 0.73015 0.73299 0.73972 0.75303 0.77651 0.80969 0.84818 0.88894 0.93034 0.96852 0.99661 1.0065 0.99499 0.96639 0.9274 0.88251 0.83489 0.78859 0.74843 0.71683 0.6948 0.68444 0.68704 0.70005 0.71584 0.72663 0.73029
0.7738 0.77104 0.77116 0.77798 0.79594 0.82785 0.8721 0.92352 0.97669 1.0272 1.0698 1.0973 1.1032 1.0857 1.0484 0.99735 0.93753 0.87484 0.81761 0.77302 0.74323 0.72708 0.7237 0.73189 0.74733 0.76304 0.77309 0.77584
0.76521 0.75951 0.75905 0.76958 0.79479 0.83499 0.88744 0.94724 1.0082 1.0636 1.107 1.1323 1.1347 1.1124 1.0679 1.0068 0.9364 0.86491 0.80129 0.75291 0.72308 0.71124 0.71465 0.72872 0.74692 0.76227 0.77026 0.77034
0.71536 0.70536 0.70411 0.71851 0.75105 0.79952 0.85925 0.92476 0.98953 1.0461 1.0877 1.1099 1.1097 1.0854 1.0375 0.97083 0.89388 0.81617 0.7473 0.69586 0.66685 0.65993 0.67017 0.68985 0.71048 0.72515 0.73027 0.72585
0.64117 0.62212 0.61669 0.6341 0.67534 0.73292 0.79849 0.86731 0.93316 0.98887 1.0286 1.0489 1.0482 1.0241 0.9754 0.90522 0.82196 0.7368 0.66244 0.61063 0.58732 0.59014 0.61039 0.63696 0.66013 0.67369 0.6744 0.66196
0.55978 0.52572 0.51585 0.543 0.60159 0.67044 0.73322 0.79172 0.85228 0.90707 0.94712 0.96818 0.96778 0.94391 0.8948 0.82206 0.73365 0.64059 0.55996 0.5104 0.4993 0.51949 0.55633 0.59413 0.62167 0.63322 0.62548 0.59837
0.49038 0.43744 0.42346 0.46534 0.54776 0.63016 0.68414 0.71892 0.76048 0.81188 0.85358 0.87623 0.87629 0.85341 0.809 0.74651 0.66066 0.55651 0.46328 0.41527 0.42278 0.46881 0.52821 0.58099 0.61419 0.62169 0.60045 0.55261
0.45597 0.38 0.35402 0.40008 0.49677 0.58819 0.63438 0.64765 0.66918 0.71399 0.75664 0.77974 0.78047 0.76434 0.74391 0.70489 0.62041 0.49818 0.39031 0.34926 0.38357 0.46157 0.54556 0.61285 0.65055 0.65151 0.61402 0.54378
0.47869 0.37831 0.32734 0.35292 0.43659 0.52073 0.56104 0.56721 0.58235 0.62424 0.66578 0.68689 0.688 0.68942 0.69914 0.67915 0.59272 0.46203 0.35977 0.34368 0.41142 0.51833 0.62115 0.69771 0.73628 0.72903 0.67664 0.58792
0.5671 0.44776 0.36427 0.34598 0.38605 0.44099 0.47251 0.48418 0.50704 0.55031 0.58739 0.60311 0.60423 0.61905 0.64372 0.63201 0.55628 0.45311 0.39505 0.42378 0.52192 0.64341 0.75179 0.82904 0.86372 0.84827 0.78592 0.68746
0.70037 0.57051 0.45706 0.38772 0.37025 0.3836 0.40186 0.42145 0.45421 0.49589 0.52409 0.53137 0.52833 0.54052 0.56077 0.55579 0.51701 0.48163 0.49731 0.57619 0.69224 0.81216 0.91389 0.98389 1.0109 0.98904 0.92263 0.82254
0.83329 0.69739 0.5635 0.4554 0.39085 0.36764 0.37147 0.39267 0.42614 0.45824 0.47471 0.47281 0.46155 0.46036 0.46942 0.47854 0.4942 0.53959 0.62741 0.74449 0.86745 0.98026 1.0717 1.1305 1.1484 1.1225 1.0556 0.95589
0.92665 0.78568 0.64213 0.51612 0.42752 0.38262 0.37362 0.38764 0.41065 0.42863 0.43386 0.4251 0.4078 0.39635 0.4013 0.43053 0.49514 0.60049 0.73405 0.87249 1.0001 1.1097 1.1922 1.2388 1.2477 1.2195 1.1534 1.0526
0.965 0.82212 0.67762 0.54971 0.45545 0.40139 0.3818 0.3836 0.39242 0.39813 0.39548 0.38372 0.36682 0.356 0.36737 0.41543 0.50877 0.6418 0.79354 0.94138 1.0729 1.1798 1.2521 1.2866 1.2879 1.2581 1.1931 1.0926
0.94414 0.80622 0.66788 0.54643 0.45547 0.39922 0.37257 0.3647 0.3641 0.36254 0.35598 0.34416 0.33174 0.3294 0.35216 0.41322 0.51729 0.65575 0.80871 0.95576 1.0829 1.18 1.2405 1.2653 1.2606 1.2281 1.1638 1.067
0.86265 0.73572 0.60982 0.50046 0.41821 0.36573 0.33888 0.32897 0.32602 0.32232 0.31428 0.30308 0.2951 0.30117 0.33341 0.40083 0.50505 0.63739 0.78054 0.91563 1.0288 1.1123 1.1629 1.182 1.1723 1.1348 1.069 0.9767
0.73288 0.61974 0.5109 0.4186 0.3505 0.30844 0.289 0.28433 0.28464 0.28187 0.27299 0.26127 0.25506 0.26488 0.30023 0.36664 0.46314 0.5814 0.70707 0.82438 0.92165 0.99333 1.0374 1.0525 1.0379 0.9948 0.92684 0.83798
0.58353 0.48625 0.39718 0.32481 0.27436 0.24726 0.2401 0.24475 0.25081 0.24985 0.2397 0.22572 0.21773 0.22589 0.2578 0.31632 0.39883 0.49811 0.60342 0.70255 0.78567 0.84747 0.88483 0.89459 0.87542 0.82988 0.76276 0.67869
0.44687 0.36809 0.29985 0.24776 0.21564 0.20459 0.2107 0.22493 0.23613 0.23602 0.22378 0.20634 0.19426 0.1973 0.22153 0.26799 0.33353 0.4126 0.49749 0.57868 0.64758 0.69848 0.72733 0.73096 0.70917 0.66518 0.60332 0.52825
0.34861 0.28942 0.24125 0.2082 0.19336 0.19699 0.21394 0.23386 0.24585 0.24436 0.23036 0.21025 0.19395 0.1908 0.20592 0.23944 0.2884 0.34859 0.41403 0.47719 0.53126 0.57118 0.59243 0.59165 0.56915 0.52879 0.47515 0.41297
0.30496 0.26275 0.23134 0.21424 0.21369 0.22821 0.24987 0.26693 0.27323 0.26899 0.25596 0.23673 0.21811 0.2097 0.21691 0.23978 0.27562 0.32079 0.37024 0.41819 0.45997 0.49176 0.50851 0.50531 0.48279 0.44664 0.4021 0.35326
0.31686 0.28504 0.26386 0.25629 0.26355 0.28167 0.29904 0.30547 0.30234 0.29625 0.28772 0.27333 0.25629 0.24666 0.25075 0.26872 0.29801 0.33528 0.3761 0.41591 0.45159 0.48027 0.49523 0.49028 0.46717 0.43366 0.39544 0.35523
0.3675 0.33625 0.31551 0.30748 0.31219 0.32362 0.3291 0.32231 0.31149 0.30663 0.30525 0.29917 0.28958 0.28628 0.29529 0.31677 0.34856 0.38768 0.42989 0.47099 0.50865 0.53926 0.55425 0.54708 0.52117 0.48573 0.4465 0.40579
0.42988 0.38805 0.35678 0.33737 0.32878 0.32492 0.3161 0.30047 0.28848 0.28836 0.29491 0.29938 0.30311 0.31383 0.33594 0.36966 0.41355 0.46458 0.51775 0.56851 0.61423 0.64985 0.66524 0.6543 0.62222 0.57907 0.5304 0.47907
0.47565 0.41452 0.36515 0.32833 0.30264 0.28368 0.26635 0.25097 0.2444 0.2499 0.26223 0.27639 0.29461 0.32196 0.36135 0.41331 0.47664 0.54698 0.61745 0.68229 0.73761 0.77711 0.79097 0.77476 0.73459 0.67964 0.61495 0.54476
0.48192 0.3995 0.33266 0.28263 0.24799 0.2254 0.21122 0.20419 0.20517 0.21349 0.22658 0.24428 0.27029 0.30916 0.36376 0.43486 0.52003 0.61228 0.70216 0.78175 0.84498 0.88506 0.8951 0.87308 0.8237 0.75355 0.66828 0.5746
0.43949 0.3423 0.26818 0.21927 0.19284 0.1832 0.18373 0.18899 0.1955 0.20138 0.20714 0.21707 0.2382 0.27761 0.33999 0.42569 0.52935 0.64075 0.74804 0.84044 0.90906 0.94754 0.95256 0.92352 0.86253 0.77466 0.66772 0.55192
0.35594 0.25789 0.19425 0.16616 0.1662 0.18286 0.20435 0.22162 0.22944 0.22637 0.21549 0.20518 0.20748 0.23449 0.29409 0.38568 0.49974 0.623 0.74173 0.84231 0.91325 0.94864 0.94748 0.90948 0.83541 0.73107 0.60734 0.47747
0.2517 0.17251 0.14125 0.15283 0.19139 0.2393 0.28115 0.30654 0.3105 0.29259 0.25786 0.21823 0.19064 0.19284 0.23731 0.3233 0.43693 0.56136 0.68232 0.78417 0.85349 0.88419 0.8756 0.82772 0.74247 0.628 0.49812 0.36703
0.15661 0.12172 0.14318 0.20432 0.28204 0.35645 0.41207 0.43953 0.43504 0.39923 0.33855 0.26707 0.20408 0.17108 0.18591 0.2513 0.35204 0.4674 0.58091 0.67666 0.73995 0.76396 0.74739 0.69127 0.60014 0.48527 0.36127 0.24396
0.11309 0.1447 0.22638 0.3311 0.43631 0.52576 0.58598 0.60964 0.59414 0.54103 0.45772 0.35909 0.26255 0.1888 0.16061 0.1888 0.26255 0.35909 0.45772 0.54103 0.59414 0.60964 0.58598 0.52576 0.43631 0.3311 0.22638 0.1447
0.1556 0.25591 0.38485 0.51465 0.63124 0.72368 0.78044 0.7963 0.76975 0.70284 0.60356 0.48659 0.36434 0.25277 0.17723 0.15806 0.19302 0.26077 0.33699 0.40197 0.44121 0.44749 0.41983 0.36239 0.28474 0.2021 0.13573 0.11343
0.27592 0.42269 0.57415 0.71117 0.82781 0.91439 0.96212 0.96855 0.93332 0.85796 0.74965 0.62225 0.48428 0.34644 0.23313 0.17018 0.16298 0.19445 0.24055 0.28156 0.30431 0.3027 0.27676 0.23177 0.17868 0.13432 0.1226 0.16798
0.42486 0.58795 0.74224 0.87718 0.98703 1.0617 1.0975 1.0952 1.0552 0.97727 0.866 0.73363 0.58872 0.43965 0.30709 0.21537 0.17263 0.16712 0.1798 0.19457 0.2011 0.19531 0.17813 0.155 0.13675 0.13928 0.18235 0.28008
0.55516 0.71383 0.86019 0.98532 1.0806 1.1403 1.1641 1.1556 1.1147 1.0394 0.9323 0.80218 0.6589 0.51165 0.3767 0.27225 0.20527 0.16935 0.15274 0.14488 0.13946 0.13451 0.1313 0.13434 0.15214 0.19641 0.27856 0.40229
0.64751 0.78978 0.91688 1.0206 1.0957 1.1397 1.1541 1.1421 1.1033 1.0358 0.94109 0.82481 0.69397 0.55813 0.4303 0.32301 0.24199 0.18556 0.14852 0.12591 0.11494 0.11491 0.12686 0.15372 0.20039 0.27279 0.37476 0.50362
0.69307 0.80932 0.90762 0.98369 1.0364 1.066 1.0736 1.0604 1.0267 0.97199 0.8968 0.8027 0.69319 0.57529 0.45918 0.35468 0.26793 0.20096 0.15346 0.12456 0.11355 0.12021 0.14502 0.18909 0.25385 0.34024 0.44696 0.56815
0.68642 0.77222 0.8396 0.88841 0.92061 0.93773 0.94023 0.92839 0.90284 0.86388 0.81065 0.74161 0.65672 0.55956 0.45744 0.35937 0.27325 0.20426 0.15498 0.12641 0.11872 0.13171 0.16508 0.21841 0.29076 0.37997 0.48124 0.58662
0.63484 0.68921 0.72783 0.7539 0.76983 0.77694 0.77613 0.76788 0.75225 0.72905 0.69723 0.65385 0.59507 0.51931 0.43024 0.3386 0.25604 0.19036 0.1452 0.12132 0.11834 0.13568 0.17263 0.22837 0.30124 0.38708 0.47792 0.56336
0.66081 0.71468 0.75106 0.77418 0.78727 0.79234 0.7908 0.78331 0.76965 0.74918 0.7203 0.67916 0.62116 0.54306 0.44791 0.34833 0.25876 0.18791 0.13958 0.11409 0.11065 0.12855 0.16739 0.22685 0.3055 0.39853 0.49664 0.58727
0.58706 0.59822 0.60442 0.60933 0.61158 0.61114 0.60888 0.60531 0.60031 0.59453 0.59081 0.59061 0.5772 0.52627 0.43306 0.32184 0.22549 0.15944 0.11961 0.10173 0.10315 0.1226 0.16056 0.2183 0.29828 0.39565 0.4892 0.55515
0.51917 0.47831 0.45089 0.44337 0.44297 0.44259 0.44097 0.4384 0.43674 0.44524 0.48197 0.54093 0.5793 0.54895 0.44276 0.30419 0.18926 0.12345 0.095881 0.087741 0.092573 0.10928 0.14106 0.19993 0.29565 0.41119 0.50438 0.53966
0.4288 0.35457 0.3107 0.30166 0.30714 0.31118 0.3097 0.30327 0.2988 0.32007 0.38805 0.48524 0.55116 0.52764 0.41288 0.26504 0.15085 0.096097 0.083729 0.085935 0.091096 0.09941 0.12259 0.18348 0.28949 0.41045 0.49019 0.49132
0.29393 0.2309 0.20511 0.21178 0.22812 0.23736 0.2343 0.22025 0.20671 0.21898 0.27586 0.36001 0.41626 0.39514 0.30137 0.19074 0.11786 0.09578 0.10277 0.11239 0.11327 0.10852 0.11632 0.16005 0.24412 0.33639 0.38468 0.36227
0.17165 0.15411 0.16706 0.19602 0.2219 0.23405 0.22847 0.20697 0.17802 0.15997 0.17148 0.20815 0.23699 0.22671 0.18281 0.14148 0.13034 0.14646 0.1688 0.17932 0.17139 0.15063 0.1338 0.14025 0.17521 0.21729 0.23244 0.20903
0.15671 0.18017 0.22012 0.25983 0.28794 0.30022 0.29384 0.27047 0.23252 0.19119 0.16578 0.16471 0.17583 0.1829 0.18648 0.1998 0.22813 0.26128 0.28427 0.28776 0.26905 0.23442 0.19638 0.16959 0.16165 0.16459 0.16316 0.15536
0.27607 0.30949 0.34886 0.38232 0.40576 0.41726 0.41473 0.3998 0.37175 0.33701 0.31205 0.30742 0.31848 0.3348 0.35292 0.3755 0.40147 0.42306 0.43207 0.42336 0.39552 0.35574 0.31328 0.27876 0.2592 0.2525 0.25208 0.25767
0.4617 0.48226 0.50535 0.52575 0.54296 0.55537 0.56214 0.56424 0.56102 0.55532 0.55666 0.56878 0.58444 0.59446 0.59737 0.59771 0.59742 0.59364 0.58301 0.5611 0.52821 0.4921 0.45989 0.4387 0.43189 0.43512 0.44124 0.44866
0.6269 0.63371 0.64293 0.65406 0.66725 0.68369 0.7034 0.72463 0.74696 0.77017 0.79583 0.8204 0.83455 0.83193 0.81532 0.79199 0.76593 0.73806 0.70822 0.67535 0.64175 0.61285 0.59347 0.58758 0.59491 0.60797 0.61803 0.62291
0.73218 0.73273 0.73586 0.7427 0.75598 0.7793 0.81219 0.85026 0.89043 0.9311 0.96841 0.99565 1.0049 0.99312 0.96452 0.92568 0.88103 0.83365 0.78758 0.74761 0.71616 0.69424 0.68397 0.68667 0.69986 0.71599 0.72735 0.73172
0.7764 0.77448 0.77517 0.78229 0.80022 0.83165 0.87504 0.92538 0.97735 1.0265 1.0677 1.0941 1.0993 1.0815 1.0443 0.99358 0.93431 0.8723 0.81567 0.77142 0.74176 0.7257 0.72241 0.73073 0.74641 0.76263 0.77352 0.77736
0.76731 0.76281 0.76324 0.77422 0.79923 0.83848 0.88939 0.94735 1.0064 1.0601 1.102 1.1262 1.128 1.1057 1.0615 1.0013 0.93209 0.86186 0.7992 0.75124 0.7214 0.70942 0.71268 0.72669 0.74502 0.76087 0.76978 0.7711
0.71698 0.70861 0.70847 0.72316 0.75501 0.8019 0.85945 0.92247 0.98479 1.0393 1.0795 1.1009 1.1005 1.0766 1.0297 0.9647 0.88972 0.81391 0.74638 0.69547 0.66627 0.65874 0.66823 0.68732 0.70774 0.72272 0.72873 0.72573
0.64335 0.62633 0.62187 0.63862 0.67779 0.73282 0.79603 0.86245 0.92584 0.97959 1.0181 1.038 1.0377 1.0147 0.96777 0.89999 0.81954 0.7371 0.6647 0.61365 0.58987 0.59135 0.60995 0.63509 0.65744 0.67098 0.67256 0.66188
0.56417 0.53235 0.52234 0.5461 0.59922 0.6634 0.72437 0.78313 0.84341 0.89683 0.93598 0.95707 0.95778 0.93575 0.88903 0.81922 0.73417 0.64509 0.56797 0.51988 0.50779 0.5254 0.55914 0.59421 0.62001 0.63117 0.62452 0.5998
0.49893 0.44875 0.43331 0.46787 0.53952 0.61353 0.66602 0.70505 0.75104 0.80302 0.84423 0.86736 0.8691 0.84851 0.80554 0.74418 0.66248 0.56593 0.48011 0.4352 0.44055 0.48152 0.5356 0.58391 0.61427 0.62117 0.6016 0.55711
0.47034 0.3989 0.3716 0.4075 0.48839 0.56713 0.611 0.63147 0.66167 0.70974 0.75229 0.77624 0.77888 0.76331 0.73994 0.70044 0.62383 0.5161 0.42107 0.38403 0.41322 0.48205 0.55759 0.61854 0.65237 0.65279 0.61784 0.55226
0.4981 0.40515 0.35555 0.37173 0.43809 0.50707 0.5434 0.55681 0.58166 0.62767 0.6693 0.69155 0.69423 0.69196 0.69533 0.67647 0.60438 0.49506 0.40828 0.39359 0.4511 0.54434 0.63583 0.70444 0.73839 0.73097 0.68212 0.59942
0.58686 0.47736 0.39953 0.3768 0.40341 0.44465 0.47121 0.48763 0.51751 0.5632 0.60028 0.61767 0.61951 0.62865 0.6477 0.64147 0.58473 0.50363 0.45669 0.48021 0.56313 0.66876 0.76489 0.83342 0.86328 0.84831 0.79038 0.6985
0.71416 0.59468 0.49064 0.42383 0.40059 0.40539 0.41943 0.44065 0.47609 0.51759 0.54609 0.55602 0.55426 0.56282 0.58159 0.58528 0.56342 0.54186 0.5581 0.62458 0.72386 0.82955 0.92041 0.98198 1.0046 0.98395 0.92241 0.82846
0.83805 0.71192 0.58919 0.48906 0.42624 0.40049 0.4019 0.42246 0.45518 0.48597 0.50357 0.50552 0.4978 0.49731 0.50905 0.52598 0.55007 0.59623 0.6739 0.775 0.88341 0.98533 1.0677 1.119 1.1333 1.1091 1.0474 0.95363
0.92373 0.79233 0.65991 0.54389 0.4611 0.41759 0.4077 0.42008 0.44106 0.45853 0.46592 0.46188 0.4503 0.44313 0.4524 0.48536 0.54876 0.64458 0.76263 0.88564 1.0014 1.1016 1.1755 1.2156 1.222 1.196 1.1355 1.0418
0.95562 0.82278 0.68867 0.57022 0.48246 0.43117 0.41158 0.41205 0.41992 0.42631 0.42656 0.41969 0.40886 0.40334 0.41799 0.46541 0.55169 0.67151 0.80786 0.94199 1.062 1.1585 1.2224 1.2518 1.2518 1.2245 1.1656 1.0736
0.92696 0.79911 0.67025 0.55697 0.47185 0.41872 0.39318 0.38564 0.38565 0.38576 0.38223 0.3746 0.36675 0.36815 0.39187 0.44951 0.54503 0.67116 0.81071 0.9449 1.0599 1.1464 1.1994 1.2206 1.2158 1.1861 1.1278 1.0397
0.83734 0.71938 0.60172 0.49929 0.42231 0.37351 0.34916 0.34111 0.33988 0.33822 0.33278 0.32445 0.31887 0.32587 0.35656 0.41925 0.51547 0.63735 0.76884 0.89216 0.99435 1.0687 1.1133 1.13 1.1211 1.0869 1.0269 0.94246
0.70288 0.59726 0.49519 0.40858 0.34516 0.30692 0.29041 0.28784 0.28979 0.28876 0.28186 0.27187 0.26628 0.27496 0.30718 0.36848 0.45802 0.56764 0.6836 0.79118 0.87971 0.9443 0.98359 0.99689 0.98364 0.94461 0.88243 0.80045
0.55499 0.46398 0.3802 0.31208 0.26508 0.24054 0.23485 0.24004 0.24647 0.2465 0.23806 0.22563 0.218 0.22484 0.25382 0.30809 0.38517 0.47773 0.57534 0.66679 0.7431 0.7992 0.83242 0.84081 0.82364 0.78266 0.72129 0.64354
0.42641 0.35258 0.28801 0.23832 0.20735 0.19602 0.20046 0.2124 0.22204 0.22217 0.21192 0.19709 0.18698 0.19064 0.21401 0.2583 0.32042 0.39473 0.47375 0.54884 0.6121 0.65815 0.6836 0.68657 0.66724 0.62782 0.57137 0.50207
0.34186 0.28574 0.23909 0.2058 0.18866 0.18794 0.19924 0.21404 0.22324 0.22163 0.20999 0.1942 0.18283 0.18376 0.20134 0.2355 0.28335 0.34079 0.40222 0.4608 0.5103 0.54616 0.56486 0.56416 0.54443 0.50839 0.45952 0.40203
0.31473 0.27289 0.24002 0.219 0.21166 0.21708 0.22966 0.24079 0.2445 0.24019 0.22961 0.21604 0.20577 0.20562 0.21911 0.24571 0.28297 0.32773 0.37543 0.4207 0.45916 0.48744 0.50181 0.4992 0.48005 0.44807 0.40725 0.36127
0.34147 0.30662 0.28024 0.26446 0.26017 0.26494 0.27172 0.27301 0.26864 0.26285 0.25676 0.24933 0.24377 0.24624 0.26008 0.28475 0.31822 0.35784 0.39953 0.43871 0.47215 0.49724 0.50981 0.50595 0.4868 0.45727 0.42113 0.38123
0.40191 0.36403 0.33439 0.31439 0.3041 0.30007 0.29515 0.28497 0.27444 0.27026 0.27146 0.27352 0.27754 0.28863 0.30969 0.3403 0.37892 0.42312 0.46855 0.51074 0.54688 0.57425 0.58732 0.58167 0.55961 0.52718 0.48806 0.44489
0.46848 0.41697 0.37404 0.3407 0.31647 0.29807 0.28048 0.26289 0.25174 0.25237 0.26192 0.27525 0.29273 0.31795 0.3529 0.39737 0.45025 0.50846 0.56652 0.61949 0.66448 0.69762 0.7118 0.70258 0.67365 0.63197 0.58149 0.52526
0.51362 0.44073 0.37846 0.3281 0.28909 0.25908 0.23532 0.21831 0.21199 0.21825 0.23409 0.25651 0.28638 0.32645 0.37822 0.44177 0.51551 0.59446 0.67104 0.7391 0.79472 0.83272 0.84609 0.83165 0.79358 0.73823 0.66982 0.59257
0.51554 0.42031 0.34074 0.27932 0.23532 0.20596 0.18788 0.17925 0.17983 0.18889 0.20499 0.22858 0.26287 0.31174 0.37763 0.46057 0.55692 0.65863 0.75572 0.83971 0.90436 0.94412 0.95443 0.93396 0.88528 0.81293 0.72201 0.61955
0.4665 0.35609 0.27032 0.21299 0.18134 0.1687 0.16748 0.17166 0.17757 0.18362 0.19075 0.20351 0.22936 0.2761 0.34865 0.44618 0.56129 0.68243 0.79746 0.89511 0.9661 1.0052 1.011 0.98317 0.92174 0.83029 0.71659 0.59113
0.37539 0.26363 0.19008 0.15729 0.15606 0.17284 0.19447 0.21139 0.21845 0.21443 0.20266 0.19202 0.19575 0.22767 0.29673 0.40057 0.52606 0.65817 0.78404 0.8898 0.96381 1.0008 1.0007 0.9632 0.88788 0.77973 0.64946 0.51004
0.26155 0.1693 0.13185 0.14371 0.18504 0.23543 0.27875 0.30432 0.30709 0.28683 0.24903 0.20624 0.17669 0.18098 0.23376 0.33238 0.45776 0.58978 0.71558 0.82184 0.89459 0.92762 0.92006 0.872 0.78536 0.6681 0.53319 0.39167
0.1556 0.11343 0.13573 0.2021 0.28474 0.36239 0.41983 0.44749 0.44121 0.40197 0.33699 0.26077 0.19302 0.15806 0.17723 0.25277 0.36434 0.48659 0.60356 0.70284 0.76975 0.7963 0.78044 0.72368 0.63124 0.51465 0.38485 0.25591
0.10801 0.14354 0.23364 0.34523 0.45352 0.5446 0.60601 0.62942 0.61162 0.55484 0.46799 0.36572 0.26322 0.18253 0.15112 0.18253 0.26322 0.36572 0.46799 0.55484 0.61162 0.62942 0.60601 0.5446 0.45352 0.34523 0.23364 0.14354
0.15954 0.27441 0.41499 0.54844 0.6635 0.7551 0.81191 0.82693 0.79796 0.72815 0.6279 0.51045 0.38285 0.26008 0.17289 0.14792 0.18388 0.25571 0.33592 0.4047 0.44726 0.45531 0.42743 0.3683 0.28797 0.201 0.13009 0.10822
0.29632 0.46143 0.62206 0.75794 0.87005 0.95462 1.0014 1.0066 0.96944 0.89247 0.78525 0.6598 0.51772 0.36687 0.23684 0.16168 0.1504 0.18342 0.23274 0.27692 0.30215 0.30166 0.27523 0.22852 0.17266 0.12533 0.11462 0.17001
0.45659 0.6349 0.79428 0.92663 1.0331 1.1058 1.1402 1.1367 1.0956 1.017 0.90648 0.77553 0.62688 0.4657 0.3166 0.21138 0.16223 0.15593 0.17003 0.18659 0.19451 0.18925 0.17164 0.14742 0.12796 0.13086 0.18007 0.29243
0.58825 0.75725 0.90706 1.0319 1.1259 1.1837 1.206 1.1966 1.1554 1.08 0.97235 0.8411 0.69345 0.53628 0.3882 0.27243 0.19887 0.16042 0.14339 0.13593 0.13094 0.12614 0.12281 0.12578 0.14451 0.19226 0.28282 0.42033
0.67819 0.82779 0.95845 1.0628 1.1367 1.1787 1.1915 1.1791 1.1409 1.0739 0.97868 0.86004 0.72427 0.5804 0.44271 0.32645 0.23907 0.17892 0.14009 0.11682 0.10566 0.10563 0.11787 0.14578 0.19517 0.27297 0.38362 0.52361
0.72286 0.84418 0.94447 1.0202 1.071 1.0983 1.1044 1.0914 1.0589 1.0056 0.93075 0.83522 0.7218 0.59739 0.47321 0.36076 0.26751 0.19602 0.14584 0.1156 0.10407 0.11079 0.1364 0.18261 0.2515 0.34438 0.45959 0.59
0.7148 0.80313 0.87051 0.9176 0.94726 0.96201 0.96337 0.95209 0.92834 0.89146 0.83972 0.77077 0.68372 0.5818 0.47289 0.36736 0.27456 0.20059 0.1482 0.11801 0.10971 0.12296 0.15772 0.21409 0.29157 0.38777 0.49697 0.6097
0.73864 0.82907 0.8965 0.94209 0.96944 0.98203 0.98236 0.97162 0.94954 0.91457 0.86416 0.79529 0.70648 0.60076 0.48641 0.37478 0.2764 0.19827 0.14334 0.11184 0.10307 0.11653 0.1524 0.21127 0.29302 0.39504 0.5107 0.6293
0.68238 0.7356 0.77012 0.79074 0.8014 0.80473 0.80258 0.79577 0.78382 0.76571 0.73933 0.70024 0.64339 0.56381 0.46375 0.35735 0.26176 0.18662 0.13571 0.10895 0.10513 0.12348 0.16383 0.22633 0.30975 0.40879 0.51291 0.60755
0.60957 0.61487 0.61588 0.61744 0.6174 0.61568 0.61308 0.61014 0.60683 0.60401 0.60584 0.61362 0.60696 0.55713 0.45779 0.33619 0.23036 0.15884 0.1167 0.097806 0.099072 0.11918 0.15889 0.22014 0.30686 0.41289 0.51331 0.58107
0.54212 0.49091 0.4552 0.4432 0.44097 0.43978 0.43798 0.43586 0.43579 0.44926 0.49609 0.56825 0.61722 0.58899 0.47505 0.32327 0.19629 0.12343 0.093465 0.084758 0.08966 0.10705 0.14078 0.20513 0.31034 0.43651 0.53632 0.57053
0.44419 0.3593 0.30766 0.29477 0.29912 0.30287 0.3013 0.29503 0.29219 0.31907 0.39768 0.50814 0.58435 0.56273 0.44071 0.28103 0.15642 0.09574 0.081446 0.083523 0.088828 0.097632 0.12318 0.18992 0.30501 0.43498 0.51879 0.51627
0.29596 0.22614 0.19623 0.20129 0.21744 0.22677 0.22362 0.20942 0.19672 0.21233 0.27591 0.36884 0.43222 0.4128 0.31488 0.19754 0.11916 0.094341 0.10071 0.11049 0.11142 0.10687 0.11616 0.16351 0.25288 0.34972 0.39862 0.3717
0.16463 0.14483 0.1571 0.18627 0.21253 0.22487 0.21915 0.19727 0.16801 0.1505 0.16422 0.20468 0.23729 0.22873 0.18413 0.14112 0.12883 0.14475 0.16739 0.17812 0.17011 0.14912 0.13239 0.13964 0.17586 0.21854 0.2323 0.20558
0.15044 0.17379 0.21416 0.25436 0.28278 0.29516 0.28867 0.26499 0.22652 0.18478 0.15958 0.15955 0.17217 0.18047 0.18468 0.19831 0.22695 0.26048 0.28378 0.28736 0.26851 0.23355 0.19509 0.16792 0.15955 0.16176 0.15912 0.14996
0.27607 0.30949 0.34886 0.38232 0.40576 0.41726 0.41473 0.3998 0.37175 0.33701 0.31205 0.30742 0.31848 0.3348 0.35292 0.3755 0.40147 0.42306 0.43207 0.42336 0.39552 0.35574 0.31328 0.27876 0.2592 0.2525 0.25208 0.25767
0.46657 0.48724 0.5102 0.53041 0.54746 0.5598 0.56661 0.56872 0.56552 0.55968 0.56048 0.57159 0.58604 0.59505 0.59739 0.59751 0.59711 0.59326 0.58263 0.56081 0.52814 0.49236 0.46054 0.43981 0.43362 0.4377 0.44477 0.45304
0.63329 0.64094 0.65053 0.66172 0.67476 0.69101 0.71047 0.73122 0.75274 0.77477 0.79868 0.82117 0.83345 0.82969 0.81275 0.78958 0.7638 0.73623 0.70664 0.6741 0.64092 0.61239 0.59339 0.58791 0.59585 0.60994 0.62146 0.62795
0.73834 0.74033 0.74432 0.75149 0.76471 0.78756 0.81957 0.8564 0.89486 0.93336 0.96814 0.99287 1.0003 0.98764 0.95901 0.9206 0.8766 0.82992 0.78451 0.74512 0.71413 0.69254 0.68255 0.68559 0.6993 0.71647 0.7295 0.73594
0.78149 0.78121 0.78301 0.79075 0.80862 0.8391 0.88079 0.92903 0.97867 1.0252 1.0638 1.0879 1.0916 1.0732 1.0362 0.98618 0.92794 0.86719 0.8117 0.76814 0.73878 0.72291 0.71985 0.72845 0.74464 0.76187 0.77443 0.78037
0.77072 0.76812 0.77 0.78172 0.8064 0.8441 0.8925 0.94751 1.0035 1.0544 1.0939 1.1164 1.1173 1.0948 1.0513 0.99237 0.92496 0.85671 0.79557 0.74833 0.71856 0.70638 0.70943 0.72336 0.74193 0.75861 0.76904 0.77238
0.71926 0.71323 0.71473 0.72987 0.76072 0.80529 0.85962 0.91906 0.97787 1.0294 1.0675 1.0879 1.0873 1.064 1.0185 0.95577 0.88354 0.81038 0.74478 0.69469 0.6653 0.65694 0.66539 0.68363 0.70374 0.71918 0.72648 0.72554
0.64611 0.6318 0.62881 0.64491 0.68151 0.7331 0.79291 0.85583 0.9159 0.96706 1.0039 1.0234 1.0237 1.0022 0.95758 0.89295 0.81618 0.7373 0.66753 0.61754 0.59319 0.59291 0.6093 0.63251 0.65375 0.66725 0.66999 0.66165
0.56944 0.54058 0.5308 0.55093 0.59777 0.65625 0.71459 0.77294 0.83211 0.88367 0.92172 0.94292 0.94508 0.92544 0.88178 0.81588 0.73524 0.65112 0.5782 0.53179 0.51839 0.53274 0.56257 0.59419 0.61778 0.6284 0.62308 0.60134
0.50883 0.46212 0.44547 0.47229 0.53218 0.59683 0.64734 0.6904 0.74025 0.79207 0.83263 0.85641 0.86032 0.84268 0.80224 0.74289 0.66619 0.57815 0.50046 0.45877 0.46151 0.49657 0.54435 0.58725 0.61416 0.62024 0.60262 0.56215
0.48635 0.42004 0.39158 0.41697 0.48138 0.54692 0.58844 0.61613 0.65441 0.7046 0.74682 0.77186 0.77704 0.76335 0.73797 0.69833 0.62984 0.53713 0.45547 0.42256 0.44628 0.50523 0.57137 0.6249 0.65413 0.65381 0.6218 0.56161
0.51896 0.43369 0.38545 0.3922 0.44131 0.49545 0.52835 0.54912 0.58279 0.63144 0.67285 0.6966 0.70198 0.69769 0.69517 0.67677 0.61814 0.52981 0.45864 0.44575 0.49329 0.57266 0.65203 0.71157 0.74018 0.73248 0.68771 0.61178
0.60745 0.50757 0.43504 0.40804 0.42197 0.45073 0.47345 0.49481 0.53064 0.57723 0.61416 0.63368 0.63792 0.64291 0.65603 0.65327 0.6132 0.55277 0.51693 0.53638 0.60532 0.69547 0.77875 0.83752 0.86193 0.84745 0.79453 0.70999
0.72831 0.61884 0.52353 0.45925 0.43128 0.42914 0.44026 0.46327 0.50041 0.54075 0.56957 0.58263 0.58392 0.5899 0.60605 0.61536 0.60718 0.59773 0.61508 0.6712 0.75552 0.84736 0.92662 0.97888 0.99664 0.97724 0.92117 0.83424
0.84319 0.72684 0.61463 0.5222 0.46179 0.43473 0.43464 0.45453 0.48574 0.51501 0.53389 0.54007 0.53719 0.53794 0.55085 0.57246 0.6021 0.64811 0.71703 0.80443 0.8995 0.99009 1.0623 1.1053 1.1157 1.0934 1.0374 0.95074
0.92085 0.79959 0.67805 0.5717 0.49492 0.45336 0.44291 0.45348 0.47225 0.48927 0.49899 0.49992 0.49468 0.49203 0.50433 0.53878 0.59936 0.6859 0.79012 0.8991 1.0028 1.0922 1.1564 1.1895 1.1933 1.1695 1.1151 1.0297
0.94483 0.82274 0.69917 0.59009 0.5089 0.46062 0.44121 0.44049 0.44758 0.45475 0.45801 0.45612 0.45136 0.45116 0.46828 0.51391 0.5927 0.7 0.82195 0.9425 1.0499 1.1347 1.1895 1.2136 1.2122 1.1875 1.1349 1.0522
0.9066 0.78921 0.67016 0.56527 0.48622 0.43661 0.41268 0.40589 0.40678 0.40864 0.40813 0.40458 0.40105 0.40567 0.42983 0.48357 0.57053 0.68463 0.81085 0.93173 1.0339 1.1094 1.1548 1.1724 1.1674 1.1405 1.0882 1.009
0.80804 0.69924 0.59017 0.495 0.42367 0.37907 0.35782 0.35209 0.35281 0.35322 0.35025 0.34452 0.34087 0.34815 0.3767 0.4343 0.52238 0.63367 0.75333 0.86485 0.95622 1.0217 1.0604 1.0747 1.0665 1.0356 0.98127 0.90435
0.66921 0.57133 0.47636 0.39573 0.3373 0.30327 0.29015 0.29006 0.29384 0.29449 0.28936 0.2807 0.27518 0.28213 0.31077 0.36671 0.4491 0.54989 0.65604 0.75409 0.83436 0.8923 0.92693 0.93837 0.92647 0.89139 0.83472 0.75932
0.5237 0.43929 0.36109 0.29739 0.25396 0.23223 0.22838 0.23448 0.24143 0.24235 0.23528 0.22392 0.21615 0.22126 0.24709 0.29706 0.36863 0.4543 0.54411 0.62797 0.6978 0.74856 0.77788 0.78492 0.76963 0.73294 0.67702 0.60547
0.4044 0.33593 0.27526 0.22797 0.19817 0.18676 0.18993 0.19999 0.20822 0.20843 0.19977 0.18705 0.17846 0.18249 0.20498 0.24723 0.30595 0.37525 0.44812 0.51695 0.57476 0.61634 0.63878 0.6412 0.62413 0.58884 0.5375 0.47399
0.33483 0.28218 0.23717 0.20352 0.18406 0.1792 0.18529 0.19519 0.20137 0.19953 0.19027 0.17856 0.17172 0.17654 0.19665 0.23165 0.2784 0.33273 0.38964 0.44336 0.48845 0.5207 0.53723 0.53668 0.51945 0.4873 0.44295 0.39033
0.32497 0.28389 0.24954 0.22447 0.21043 0.20717 0.21086 0.21536 0.21599 0.21174 0.20423 0.19685 0.19463 0.20239 0.22215 0.25265 0.2913 0.33518 0.3805 0.42273 0.45801 0.48339 0.49605 0.49401 0.47756 0.44919 0.41198 0.36919
0.36656 0.32899 0.29739 0.27346 0.25818 0.25052 0.24638 0.24139 0.23503 0.22993 0.22742 0.2278 0.23329 0.24709 0.2704 0.30184 0.33937 0.3808 0.42264 0.46078 0.49229 0.51496 0.52597 0.52302 0.50679 0.48026 0.44621 0.40709
0.4365 0.39227 0.35379 0.32226 0.2982 0.28017 0.26456 0.24959 0.23843 0.23545 0.24058 0.25143 0.268 0.29223 0.32477 0.36443 0.40971 0.45836 0.50623 0.54902 0.58424 0.6097 0.62164 0.61717 0.59775 0.56727 0.52846 0.48351
0.50704 0.44613 0.39172 0.34521 0.30695 0.27577 0.24954 0.22874 0.21764 0.21962 0.23324 0.25523 0.28481 0.32306 0.37019 0.42526 0.48684 0.55153 0.61363 0.66833 0.71317 0.74504 0.75862 0.75067 0.72374 0.68284 0.63101 0.57071
0.55139 0.46702 0.39206 0.32893 0.27811 0.23863 0.20912 0.19004 0.18368 0.19111 0.21057 0.24009 0.27994 0.33143 0.39502 0.46999 0.55376 0.64053 0.72241 0.79325 0.84942 0.88676 0.90005 0.88693 0.8502 0.79443 0.7229 0.63948
0.5491 0.44119 0.34894 0.27664 0.22436 0.18937 0.16816 0.15825 0.15857 0.1683 0.1868 0.21509 0.25634 0.31431 0.39117 0.48583 0.59291 0.70328 0.80673 0.89465 0.96063 1.0003 1.011 0.99195 0.94401 0.86985 0.77408 0.66381
0.49439 0.37038 0.27256 0.20695 0.17067 0.15578 0.15348 0.15701 0.1625 0.16851 0.17634 0.191 0.22076 0.27444 0.35728 0.46689 0.59308 0.72305 0.8447 0.94673 1.0198 1.0595 1.0663 1.0396 0.97817 0.88412 0.76492 0.63084
0.39797 0.27071 0.1859 0.14823 0.14618 0.16351 0.18574 0.20266 0.20905 0.20385 0.19073 0.17925 0.18397 0.22103 0.30071 0.41814 0.55528 0.69467 0.82531 0.93482 1.0112 1.0498 1.0509 1.0141 0.93849 0.82828 0.69407 0.54645
0.27592 0.16798 0.1226 0.13432 0.17868 0.23177 0.27676 0.3027 0.30431 0.28156 0.24055 0.19445 0.16298 0.17018 0.23313 0.34644 0.48428 0.62225 0.74965 0.85796 0.93332 0.96855 0.96212 0.91439 0.82781 0.71117 0.57415 0.42269
0.15954 0.10822 0.13009 0.201 0.28797 0.3683 0.42743 0.45531 0.44726 0.4047 0.33592 0.25571 0.18388 0.14792 0.17289 0.26008 0.38285 0.51045 0.6279 0.72815 0.79796 0.82693 0.81191 0.7551 0.6635 0.54844 0.41499 0.27441
0.10861 0.14793 0.24588 0.36289 0.47213 0.56303 0.62508 0.64815 0.62814 0.56822 0.47964 0.3758 0.26871 0.1816 0.14709 0.1816 0.26871 0.3758 0.47964 0.56822 0.62814 0.64815 0.62508 0.56303 0.47213 0.36289 0.24588 0.14793
0.17019 0.30077 0.4525 0.58708 0.69709 0.78518 0.84134 0.85539 0.82424 0.75262 0.65437 0.53959 0.40846 0.27445 0.17441 0.14211 0.1778 0.25262 0.33576 0.40747 0.45308 0.46282 0.43475 0.37428 0.29212 0.20187 0.12767 0.10789
0.32327 0.50784 0.67661 0.80817 0.91192 0.99222 1.0375 1.0415 1.0026 0.92529 0.82242 0.70233 0.55801 0.39395 0.24564 0.15642 0.13974 0.17366 0.22589 0.27302 0.3006 0.30115 0.27421 0.22582 0.1673 0.11744 0.10893 0.1764
0.49262 0.6863 0.84922 0.97605 1.0763 1.1459 1.1786 1.174 1.1319 1.0536 0.94646 0.81977 0.66903 0.49586 0.32932 0.20949 0.15322 0.14596 0.16156 0.17992 0.1892 0.1844 0.1663 0.14089 0.12002 0.12336 0.17949 0.30785
0.62217 0.80075 0.95247 1.075 1.1666 1.222 1.2428 1.2326 1.1913 1.1164 1.0094 0.87897 0.72827 0.56179 0.40073 0.27363 0.1936 0.15288 0.13565 0.1287 0.12417 0.11949 0.11593 0.11868 0.13807 0.18902 0.28795 0.43933
0.7066 0.86247 0.99572 1.1001 1.1724 1.2123 1.2237 1.2109 1.1733 1.1071 1.0119 0.89164 0.75195 0.60101 0.45442 0.33008 0.23707 0.17375 0.1335 0.10975 0.098473 0.098438 0.11086 0.13958 0.19125 0.27379 0.39225 0.54238
0.74866 0.87433 0.97629 1.0515 1.1005 1.1255 1.1302 1.1173 1.0862 1.0343 0.95991 0.86322 0.74645 0.61656 0.48564 0.36654 0.26782 0.19254 0.14017 0.10887 0.096929 0.10368 0.12994 0.1779 0.25025 0.34861 0.47099 0.60912
0.76963 0.89885 1.0023 1.0771 1.1244 1.1474 1.151 1.1383 1.1083 1.0576 0.98363 0.88594 0.76642 0.63216 0.49598 0.37165 0.26858 0.19027 0.13617 0.10404 0.091793 0.098581 0.12535 0.1747 0.24982 0.35258 0.48063 0.62481
0.75717 0.84926 0.91684 0.96131 0.98679 0.99761 0.99711 0.98683 0.96611 0.93268 0.8833 0.81441 0.72424 0.6157 0.49733 0.38106 0.27835 0.19697 0.14006 0.10758 0.098451 0.11207 0.1488 0.20962 0.29469 0.40122 0.52175 0.64469
0.69862 0.7512 0.78435 0.8031 0.81193 0.81393 0.81134 0.80504 0.7944 0.77807 0.75358 0.71617 0.66049 0.58007 0.47642 0.36477 0.26446 0.18609 0.13325 0.10555 0.10147 0.12014 0.16161 0.22638 0.31339 0.41704 0.52564 0.62308
0.62591 0.62681 0.62396 0.6231 0.62146 0.61887 0.61605 0.61352 0.61139 0.61069 0.61672 0.63047 0.62893 0.58007 0.47638 0.34721 0.23436 0.15876 0.11498 0.095381 0.096548 0.11711 0.15802 0.22184 0.31352 0.42586 0.53116 0.60005
0.55711 0.49917 0.45807 0.44315 0.43978 0.43811 0.43619 0.43433 0.43525 0.45199 0.50544 0.58621 0.64208 0.61527 0.49635 0.33602 0.20118 0.12369 0.092125 0.083069 0.088016 0.10582 0.14084 0.20878 0.32014 0.45318 0.55722 0.5907
0.45246 0.36194 0.30619 0.29128 0.29504 0.29865 0.29703 0.29083 0.28885 0.31872 0.40297 0.52047 0.60212 0.58151 0.45564 0.28969 0.15953 0.095686 0.080344 0.082348 0.087728 0.096794 0.12361 0.19347 0.31336 0.44811 0.53406 0.52959
0.29671 0.22456 0.19322 0.19775 0.21383 0.22319 0.22002 0.20577 0.19335 0.21011 0.27601 0.37197 0.43782 0.41899 0.31963 0.19995 0.11965 0.093878 0.10003 0.10986 0.1108 0.10634 0.11614 0.16475 0.25595 0.35438 0.4035 0.37502
0.16463 0.14483 0.1571 0.18627 0.21253 0.22487 0.21915 0.19727 0.16801 0.1505 0.16422 0.20468 0.23729 0.22873 0.18413 0.14112 0.12883 0.14475 0.16739 0.17812 0.17011 0.14912 0.13239 0.13964 0.17586 0.21854 0.2323 0.20558
0.15671 0.18017 0.22012 0.25983 0.28794 0.30022 0.29384 0.27047 0.23252 0.19119 0.16578 0.16471 0.17583 0.1829 0.18648 0.1998 0.22813 0.26128 0.28427 0.28776 0.26905 0.23442 0.19638 0.16959 0.16165 0.16459 0.16316 0.15536
0.28872 0.32181 0.36024 0.39283 0.41576 0.4271 0.42479 0.41037 0.38316 0.34913 0.32393 0.31764 0.32607 0.33982 0.3561 0.37755 0.40269 0.42358 0.43221 0.4235 0.39607 0.35711 0.31575 0.28253 0.26459 0.25999 0.26194 0.26948
0.48075 0.50182 0.52446 0.54421 0.56082 0.57295 0.57982 0.58193 0.57871 0.57239 0.57154 0.57969 0.59062 0.59672 0.59739 0.59683 0.59611 0.59205 0.58141 0.55988 0.5279 0.49307 0.46239 0.443 0.4386 0.4451 0.45496 0.4657
0.64563 0.65494 0.66535 0.67674 0.68953 0.70539 0.72431 0.74405 0.76395 0.78365 0.80419 0.82264 0.83131 0.82534 0.80774 0.78478 0.7595 0.73248 0.70336 0.67149 0.63916 0.61139 0.59312 0.58846 0.59759 0.61368 0.62801 0.63764
0.7483 0.7526 0.758 0.76579 0.77895 0.801 0.83152 0.86631 0.90204 0.93707 0.96779 0.9885 0.99292 0.97886 0.9501 0.91229 0.86926 0.82363 0.77928 0.74083 0.71061 0.68964 0.68016 0.68378 0.69841 0.71727 0.73302 0.74279
0.78889 0.79093 0.79436 0.80305 0.82085 0.84992 0.88911 0.9343 0.98061 1.0235 1.0582 1.079 1.0805 1.0614 1.0246 0.97534 0.91848 0.85948 0.8056 0.76306 0.73421 0.71869 0.71601 0.72506 0.74203 0.76078 0.77581 0.78481
0.77526 0.7752 0.77905 0.79179 0.81602 0.85159 0.8966 0.94764 0.99964 1.0467 1.0829 1.1031 1.1028 1.0802 1.0375 0.98021 0.91513 0.84939 0.79026 0.74406 0.71448 0.7021 0.7049 0.7187 0.73761 0.75545 0.76797 0.77406
0.722 0.71897 0.72258 0.73834 0.76793 0.80949 0.85968 0.91453 0.96889 1.0167 1.0522 1.0711 1.0703 1.0478 1.0042 0.94429 0.8754 0.80547 0.74229 0.69336 0.66386 0.65449 0.66159 0.67868 0.69835 0.71439 0.7234 0.72513
0.64914 0.63819 0.63718 0.65285 0.68658 0.73397 0.78931 0.8476 0.90352 0.95147 0.9864 1.0054 1.0064 0.98682 0.94512 0.88434 0.81195 0.7373 0.6707 0.62206 0.59706 0.59463 0.60826 0.62906 0.64888 0.6623 0.66648 0.66101
0.57514 0.55 0.54107 0.55782 0.59812 0.65027 0.70507 0.76182 0.81861 0.86779 0.90451 0.92594 0.92993 0.91323 0.87336 0.81226 0.73707 0.65863 0.59033 0.54566 0.53064 0.54111 0.56627 0.59377 0.6147 0.62463 0.62084 0.60259
0.51951 0.47699 0.45974 0.47918 0.52738 0.58245 0.63044 0.67644 0.72859 0.7792 0.81891 0.84355 0.85016 0.83617 0.79959 0.74351 0.67252 0.59329 0.52375 0.48509 0.48478 0.51333 0.55395 0.59064 0.61353 0.61858 0.60309 0.56721
0.50325 0.44253 0.41336 0.42882 0.47742 0.53033 0.56954 0.6035 0.64798 0.6986 0.74026 0.76667 0.77509 0.7648 0.7392 0.70018 0.63954 0.56116 0.49228 0.46324 0.4814 0.53019 0.58626 0.63148 0.6555 0.65424 0.62542 0.57123
0.54038 0.46276 0.41593 0.41396 0.4472 0.48799 0.51818 0.54554 0.58599 0.63527 0.67621 0.70184 0.71095 0.70716 0.70026 0.6819 0.63485 0.56549 0.5089 0.49799 0.53634 0.60221 0.66907 0.71869 0.74136 0.73325 0.69292 0.62433
0.62808 0.53735 0.46967 0.43893 0.44189 0.46024 0.48034 0.50612 0.546 0.59179 0.62846 0.65057 0.65886 0.66217 0.67005 0.66884 0.642 0.59938 0.57383 0.59039 0.6471 0.72259 0.7927 0.84098 0.85947 0.84539 0.79788 0.72128
0.7424 0.64254 0.55518 0.49349 0.46215 0.45499 0.46436 0.48877 0.52612 0.56447 0.59368 0.6103 0.61628 0.6216 0.63488 0.64692 0.64854 0.64871 0.66736 0.71526 0.78653 0.86496 0.932 0.97435 0.98696 0.96871 0.91849 0.83943
0.84853 0.74209 0.63974 0.55463 0.49722 0.46998 0.46898 0.48781 0.51661 0.54432 0.56463 0.57534 0.5784 0.58163 0.59498 0.61856 0.65083 0.69566 0.75715 0.83296 0.91559 0.99417 1.0551 1.0894 1.0959 1.0753 1.0254 0.94696
0.91766 0.80708 0.69615 0.59902 0.52825 0.48901 0.47817 0.48665 0.50322 0.51988 0.53205 0.53811 0.53952 0.54203 0.55666 0.59086 0.64736 0.72498 0.81694 0.913 1.0041 1.0813 1.1348 1.1608 1.162 1.1403 1.0922 1.0161
0.932 0.82114 0.70819 0.6083 0.5336 0.48852 0.46954 0.46802 0.47459 0.48269 0.48897 0.49201 0.49309 0.49809 0.51716 0.56026 0.63144 0.72697 0.83538 0.94236 1.0363 1.1086 1.1538 1.1726 1.1699 1.1476 1.1013 1.0282
0.88264 0.77587 0.66685 0.57044 0.49762 0.45194 0.43022 0.42478 0.42692 0.43063 0.43304 0.43329 0.43356 0.4407 0.4647 0.5143 0.59284 0.69522 0.80817 0.91555 1.005 1.0695 1.1072 1.1214 1.1162 1.092 1.0455 0.97486
0.77481 0.67528 0.57504 0.48736 0.42192 0.38194 0.36435 0.36149 0.36448 0.36701 0.3663 0.36272 0.36031 0.36713 0.39299 0.44525 0.52515 0.62581 0.73359 0.83349 0.91455 0.97174 1.005 1.0169 1.0093 0.98156 0.93243 0.86258
0.63226 0.54234 0.45475 0.38026 0.32693 0.29736 0.288 0.29079 0.29664 0.29897 0.29531 0.28746 0.28135 0.28602 0.31074 0.36119 0.43636 0.52821 0.62454 0.71334 0.78593 0.83784 0.86817 0.87778 0.86706 0.83564 0.78409 0.71495
0.49014 0.41281 0.34059 0.28128 0.24123 0.22238 0.22067 0.22806 0.23577 0.23752 0.23143 0.22057 0.2121 0.21515 0.23781 0.2837 0.3498 0.42834 0.51014 0.5865 0.65017 0.69605 0.72187 0.72769 0.71406 0.68122 0.63037 0.56492
0.3814 0.31908 0.26275 0.21755 0.18844 0.17698 0.17924 0.18789 0.19502 0.19522 0.18768 0.17644 0.16887 0.17308 0.19511 0.23599 0.29136 0.35498 0.42106 0.48344 0.53591 0.57343 0.59329 0.59531 0.58021 0.5486 0.50207 0.44446
0.32799 0.27961 0.2365 0.20204 0.1799 0.17108 0.17246 0.17803 0.18151 0.17935 0.17204 0.16381 0.16098 0.16952 0.19265 0.22925 0.27478 0.32508 0.37671 0.42515 0.46586 0.49484 0.50955 0.50922 0.4942 0.46557 0.42563 0.3782
0.33597 0.29614 0.26038 0.23103 0.21033 0.1989 0.19446 0.19269 0.19014 0.18596 0.18158 0.17995 0.1851 0.20041 0.22653 0.26127 0.30116 0.34351 0.38562 0.42427 0.45632 0.47904 0.49026 0.48877 0.47476 0.44976 0.4162 0.37712
0.3922 0.35234 0.31554 0.28351 0.25782 0.23888 0.22482 0.2134 0.20464 0.20035 0.20183 0.2097 0.22517 0.2495 0.28204 0.32031 0.36173 0.40426 0.44533 0.48181 0.51127 0.53193 0.54189 0.53974 0.52587 0.5021 0.47036 0.43269
0.47117 0.42099 0.37376 0.33115 0.29453 0.26421 0.23904 0.21893 0.20656 0.20498 0.21447 0.23344 0.26104 0.29717 0.34066 0.38927 0.44093 0.49326 0.5426 0.58533 0.61954 0.64369 0.65506 0.65151 0.63403 0.60535 0.56727 0.52139
0.54536 0.47543 0.40976 0.35078 0.3 0.25787 0.22413 0.19997 0.1885 0.192 0.20967 0.23918 0.27917 0.32909 0.38776 0.45324 0.52314 0.59347 0.65866 0.71443 0.75894 0.78997 0.80332 0.79636 0.77101 0.73103 0.67847 0.61507
0.58871 0.49325 0.40587 0.33069 0.26939 0.22191 0.1876 0.16664 0.16019 0.16875 0.19133 0.22677 0.27509 0.33683 0.41169 0.4978 0.5911 0.6848 0.77106 0.84408 0.90055 0.93729 0.9506 0.93874 0.90339 0.84757 0.77366 0.6851
0.58249 0.46213 0.35733 0.27464 0.21494 0.17532 0.15169 0.14083 0.14099 0.15127 0.1716 0.20355 0.25066 0.31698 0.40445 0.5106 0.62791 0.74601 0.85481 0.94591 1.0129 1.0524 1.0636 1.046 0.99905 0.92371 0.82415 0.70718
0.52381 0.38566 0.27521 0.20137 0.1609 0.14434 0.14148 0.14473 0.1499 0.15568 0.16371 0.17959 0.21265 0.27302 0.36647 0.48854 0.62544 0.76284 0.88968 0.99491 1.0694 1.1098 1.1175 1.0921 1.0313 0.9359 0.81275 0.67161
0.42486 0.28008 0.18235 0.13928 0.13675 0.155 0.17813 0.19531 0.2011 0.19457 0.1798 0.16712 0.17263 0.21537 0.30709 0.43965 0.58872 0.73363 0.866 0.97727 1.0552 1.0952 1.0975 1.0617 0.98703 0.87718 0.74224 0.58795
0.29632 0.17001 0.11462 0.12533 0.17266 0.22852 0.27523 0.30166 0.30215 0.27692 0.23274 0.18342 0.1504 0.16168 0.23684 0.36687 0.51772 0.6598 0.78525 0.89247 0.96944 1.0066 1.0014 0.95462 0.87005 0.75794 0.62206 0.46143
0.17019 0.10789 0.12767 0.20187 0.29212 0.37428 0.43475 0.46282 0.45308 0.40747 0.33576 0.25262 0.1778 0.14211 0.17441 0.27445 0.40846 0.53959 0.65437 0.75262 0.82424 0.85539 0.84134 0.78518 0.69709 0.58708 0.4525 0.30077
0.11643 0.15918 0.26386 0.38441 0.49224 0.58091 0.64281 0.6654 0.64339 0.58118 0.49288 0.3897 0.27968 0.18706 0.14974 0.18706 0.27968 0.3897 0.49288 0.58118 0.64339 0.6654 0.64281 0.58091 0.49224 0.38441 0.26386 0.15918
0.18805 0.33478 0.49662 0.62982 0.73153 0.81349 0.86816 0.88113 0.84813 0.77607 0.68264 0.57345 0.44064 0.29585 0.18231 0.1414 0.17542 0.25191 0.33674 0.41034 0.45852 0.46979 0.44164 0.38033 0.29739 0.20519 0.12929 0.11336
0.35583 0.56003 0.73567 0.86028 0.95259 1.0265 1.0699 1.0725 1.0324 0.95602 0.86025 0.74828 0.6034 0.42648 0.25921 0.15476 0.13152 0.16555 0.22018 0.26989 0.29961 0.30108 0.27367 0.22376 0.16288 0.11116 0.10611 0.18719
0.53108 0.73961 0.90468 1.0239 1.1157 1.1814 1.2124 1.2066 1.1639 1.0867 0.98488 0.86449 0.71305 0.52849 0.3445 0.20969 0.14589 0.13745 0.15449 0.17457 0.1851 0.1807 0.16207 0.13548 0.11315 0.11713 0.18068 0.32557
0.65513 0.84229 0.99473 1.1136 1.2019 1.255 1.2743 1.2634 1.222 1.1479 1.0427 0.91437 0.76173 0.58685 0.41357 0.2757 0.18953 0.14678 0.1295 0.12309 0.119 0.1144 0.11058 0.11303 0.13286 0.18671 0.29362 0.45825
0.73159 0.89264 1.0276 1.1317 1.2023 1.2404 1.2504 1.2373 1.2003 1.1349 1.04 0.91878 0.77605 0.61917 0.46495 0.33366 0.23588 0.16994 0.12859 0.10451 0.093148 0.093099 0.10563 0.13498 0.18852 0.27504 0.40022 0.55911
0.75187 0.91692 1.0531 1.1567 1.2258 1.2623 1.2712 1.2579 1.2213 1.1567 1.0622 0.94043 0.79548 0.63393 0.47365 0.33684 0.2353 0.16735 0.12517 0.10085 0.089445 0.089382 0.102 0.1318 0.18678 0.27642 0.40695 0.57283
0.7851 0.91698 1.0216 1.0961 1.1422 1.1638 1.1664 1.1538 1.1247 1.0749 1.0012 0.90273 0.78112 0.64369 0.50376 0.3757 0.26947 0.18895 0.13358 0.10085 0.08838 0.095199 0.12235 0.17271 0.24988 0.35585 0.48798 0.63648
0.76983 0.86309 0.93086 0.97461 0.99881 1.0084 1.0073 0.99734 0.97758 0.94521 0.89649 0.82752 0.7364 0.62602 0.50501 0.38565 0.27999 0.19636 0.13809 0.10493 0.095559 0.1093 0.14662 0.20877 0.29615 0.40574 0.52952 0.65528
0.70873 0.76083 0.79315 0.81077 0.81846 0.81964 0.81678 0.81081 0.80097 0.78575 0.76241 0.72611 0.67129 0.59048 0.48465 0.36968 0.26635 0.18595 0.13192 0.10364 0.099394 0.11827 0.16042 0.22661 0.31586 0.42241 0.53377 0.63285
0.63451 0.63306 0.62815 0.62602 0.62357 0.62053 0.61759 0.61527 0.61374 0.61415 0.62243 0.63939 0.6406 0.59232 0.48636 0.3532 0.23662 0.15883 0.11419 0.094233 0.095349 0.11614 0.15767 0.22284 0.31716 0.43283 0.54067 0.6101
0.56232 0.50205 0.45908 0.44314 0.43939 0.43756 0.43559 0.43382 0.43508 0.45296 0.50871 0.59247 0.65074 0.62443 0.50379 0.3405 0.20293 0.12382 0.091698 0.082525 0.087486 0.10544 0.1409 0.21008 0.32358 0.459 0.5645 0.5977
0.45246 0.36194 0.30619 0.29128 0.29504 0.29865 0.29703 0.29083 0.28885 0.31872 0.40297 0.52047 0.60212 0.58151 0.45564 0.28969 0.15953 0.095686 0.080344 0.082348 0.087728 0.096794 0.12361 0.19347 0.31336 0.44811 0.53406 0.52959
0.29596 0.22614 0.19623 0.20129 0.21744 0.22677 0.22362 0.20942 0.19672 0.21233 0.27591 0.36884 0.43222 0.4128 0.31488 0.19754 0.11916 0.094341 0.10071 0.11049 0.11142 0.10687 0.11616 0.16351 0.25288 0.34972 0.39862 0.3717
0.17165 0.15411 0.16706 0.19602 0.2219 0.23405 0.22847 0.20697 0.17802 0.15997 0.17148 0.20815 0.23699 0.22671 0.18281 0.14148 0.13034 0.14646 0.1688 0.17932 0.17139 0.15063 0.1338 0.14025 0.17521 0.21729 0.23244 0.20903
0.17495 0.1988 0.23765 0.27599 0.30323 0.31521 0.30916 0.28668 0.25014 0.20988 0.18381 0.17968 0.18649 0.19005 0.19176 0.20416 0.23155 0.26357 0.28569 0.28894 0.27062 0.23697 0.20013 0.17448 0.16778 0.17284 0.17488 0.17102
0.3128 0.34548 0.38234 0.41343 0.43545 0.44647 0.44455 0.43096 0.40519 0.37233 0.3465 0.33698 0.34042 0.3493 0.36211 0.38136 0.40488 0.42446 0.43238 0.42369 0.39707 0.35967 0.3204 0.28964 0.27477 0.27413 0.28055 0.29183
0.50303 0.52497 0.54739 0.56663 0.58263 0.59439 0.60125 0.60317 0.59969 0.59242 0.58881 0.59221 0.59762 0.59917 0.59721 0.59551 0.59423 0.58982 0.57918 0.55814 0.5273 0.49399 0.46513 0.44785 0.44622 0.45644 0.47065 0.48538
0.66313 0.67496 0.68672 0.69857 0.7111 0.72635 0.74434 0.76251 0.77997 0.79627 0.81197 0.82466 0.82822 0.81911 0.80045 0.77767 0.75298 0.72667 0.6982 0.66732 0.63627 0.60966 0.59251 0.58906 0.59992 0.61881 0.63714 0.65128
0.76161 0.76901 0.77634 0.78507 0.79822 0.81915 0.84757 0.87956 0.91168 0.94208 0.96739 0.98272 0.98313 0.96712 0.93809 0.90094 0.85906 0.81472 0.77174 0.73458 0.70547 0.68541 0.67672 0.68122 0.69715 0.71833 0.73775 0.75197
0.79828 0.80327 0.80882 0.81877 0.8365 0.86375 0.89969 0.94098 0.98305 1.0213 1.051 1.0675 1.0662 1.046 1.0094 0.96124 0.90604 0.84915 0.79726 0.75607 0.72795 0.71295 0.71079 0.72045 0.73846 0.75921 0.77746 0.79042
0.78064 0.78377 0.79006 0.80404 0.8277 0.86065 0.90149 0.94765 0.99467 1.0369 1.0691 1.0863 1.0845 1.0618 1.0202 0.96503 0.9027 0.83987 0.78313 0.7383 0.7091 0.69651 0.69891 0.71248 0.73176 0.75104 0.76624 0.77582
0.72487 0.72548 0.73168 0.7482 0.77629 0.81428 0.85954 0.90888 0.95785 1.001 1.0333 1.0506 1.0496 1.0282 0.98701 0.93046 0.86541 0.79912 0.73875 0.69131 0.66179 0.65122 0.65658 0.67214 0.69118 0.7079 0.71905 0.7241
0.65201 0.64512 0.64658 0.66212 0.69286 0.73546 0.78528 0.8379 0.88876 0.93276 0.96539 0.98383 0.98591 0.96871 0.93059 0.87435 0.80694 0.737 0.67396 0.62691 0.6012 0.59621 0.6065 0.6243 0.64233 0.65562 0.66153 0.6595
0.58075 0.56017 0.55287 0.56686 0.60089 0.64641 0.69665 0.75015 0.80307 0.84918 0.88433 0.90614 0.9124 0.8993 0.86401 0.80855 0.73972 0.66748 0.60398 0.56099 0.54403 0.55003 0.56978 0.59247 0.61028 0.61935 0.61726 0.60303
0.53038 0.49287 0.4759 0.48897 0.5264 0.57229 0.61704 0.6641 0.71615 0.7645 0.80314 0.82888 0.83875 0.82922 0.79782 0.74664 0.68202 0.61139 0.54948 0.51337 0.50964 0.53113 0.56381 0.59357 0.61194 0.61573 0.60249 0.57172
0.52037 0.46572 0.43656 0.4434 0.47796 0.51956 0.55635 0.59464 0.64247 0.69174 0.73262 0.76072 0.77309 0.76762 0.7443 0.70719 0.65392 0.5883 0.53079 0.50501 0.51759 0.55616 0.6016 0.6378 0.65614 0.65371 0.6282 0.58051
0.56161 0.49161 0.44645 0.43711 0.4568 0.48638 0.5144 0.54667 0.59095 0.63891 0.67923 0.70713 0.72078 0.72028 0.71152 0.69341 0.65572 0.6023 0.55832 0.54924 0.57924 0.63217 0.68629 0.72538 0.74173 0.73301 0.69725 0.63643
0.64812 0.56619 0.50307 0.4695 0.46374 0.47407 0.49242 0.52131 0.56271 0.60635 0.64272 0.66786 0.68133 0.6861 0.69056 0.68974 0.67253 0.64406 0.62724 0.6417 0.68777 0.74938 0.80613 0.84349 0.85584 0.84196 0.79995 0.73174
0.75606 0.66566 0.5857 0.52683 0.49356 0.48317 0.49144 0.51622 0.55201 0.58797 0.61767 0.6382 0.65 0.65727 0.66863 0.68146 0.68923 0.6962 0.71584 0.75702 0.81663 0.88177 0.93606 0.96823 0.9756 0.95829 0.914 0.84351
0.85369 0.7575 0.66455 0.58644 0.53248 0.50582 0.50409 0.52107 0.54683 0.57303 0.59491 0.61034 0.61995 0.62746 0.64158 0.66543 0.69797 0.74058 0.79547 0.86105 0.93149 0.99711 1.0461 1.0715 1.0741 1.0549 1.0112 0.94188
0.9135 0.81409 0.71358 0.62524 0.56034 0.52355 0.51231 0.51856 0.53315 0.54959 0.56428 0.57548 0.58349 0.59191 0.60887 0.6419 0.69357 0.76265 0.84345 0.92708 1.0049 1.0686 1.111 1.1298 1.1285 1.1087 1.067 1.0006
0.91648 0.81708 0.71478 0.62387 0.55551 0.51369 0.49556 0.49382 0.50032 0.50954 0.51878 0.52651 0.53303 0.54269 0.56351 0.60381 0.66757 0.75202 0.84743 0.94066 1.0205 1.08 1.1157 1.1293 1.1255 1.1054 1.065 1.0014
0.85495 0.75881 0.65991 0.57199 0.50544 0.46401 0.44513 0.44172 0.44561 0.45136 0.4565 0.46007 0.46342 0.47225 0.49543 0.54078 0.61117 0.70212 0.80185 0.89583 0.97276 1.0268 1.0575 1.0683 1.063 1.0413 0.99994 0.93727
0.73807 0.64785 0.55661 0.47648 0.41703 0.38193 0.36848 0.36899 0.37464 0.37937 0.38067 0.37864 0.37668 0.38232 0.40503 0.45182 0.52358 0.61367 0.70963 0.79816 0.86959 0.91936 0.94762 0.95727 0.95016 0.92522 0.88082 0.81753
0.59264 0.51098 0.43107 0.36275 0.3144 0.28928 0.28392 0.28991 0.29811 0.30216 0.29965 0.29199 0.28465 0.28657 0.30717 0.35213 0.4201 0.503 0.58958 0.6694 0.73485 0.78141 0.80795 0.81586 0.8061 0.77786 0.73099 0.66787
0.45513 0.3857 0.31996 0.26489 0.22761 0.2112 0.21179 0.22079 0.22956 0.23212 0.2266 0.21563 0.20596 0.20678 0.22673 0.26907 0.32982 0.40086 0.47415 0.54291 0.60068 0.64219 0.66503 0.66982 0.65755 0.62801 0.58183 0.52242
0.35861 0.3038 0.25241 0.20881 0.17921 0.16695 0.16853 0.17622 0.18259 0.18273 0.17585 0.16547 0.15848 0.16316 0.18603 0.22666 0.27872 0.3356 0.39345 0.44881 0.49601 0.52986 0.5476 0.54936 0.53594 0.50754 0.46557 0.41403
0.32252 0.27997 0.23926 0.20315 0.17696 0.16382 0.16091 0.16274 0.16392 0.16139 0.15558 0.15019 0.15094 0.16357 0.19142 0.23093 0.27506 0.31963 0.36407 0.4066 0.4428 0.46874 0.48191 0.48182 0.46878 0.44341 0.40789 0.3661
0.34817 0.31068 0.27367 0.23936 0.21164 0.19245 0.18066 0.17336 0.16797 0.16381 0.16211 0.16553 0.17742 0.20009 0.23351 0.27343 0.31414 0.3534 0.39112 0.42547 0.45403 0.47418 0.48412 0.48316 0.4714 0.44966 0.42001 0.3853
0.41849 0.37686 0.33492 0.29478 0.25917 0.22999 0.20722 0.19009 0.17902 0.17545 0.18056 0.19502 0.21944 0.25361 0.29528 0.34049 0.38555 0.42838 0.46761 0.50164 0.52876 0.54746 0.55649 0.55511 0.54345 0.52244 0.4934 0.45803
0.50579 0.45013 0.39432 0.34101 0.29291 0.25186 0.21849 0.19379 0.18016 0.17985 0.19327 0.21926 0.25647 0.30341 0.35741 0.41487 0.47253 0.52769 0.57744 0.61933 0.65219 0.67503 0.6859 0.68325 0.66766 0.64093 0.60417 0.5583
0.58307 0.50463 0.42802 0.35725 0.29526 0.24378 0.20373 0.1766 0.16471 0.16956 0.19075 0.2266 0.2755 0.33591 0.40551 0.48109 0.55883 0.63392 0.7012 0.7573 0.80112 0.83117 0.84428 0.83835 0.8147 0.77601 0.72345 0.65795
0.62518 0.51915 0.41977 0.33325 0.26261 0.2084 0.17015 0.14762 0.14108 0.15062 0.17578 0.21606 0.27158 0.34257 0.42809 0.52491 0.62714 0.7269 0.81657 0.89102 0.94739 0.98336 0.99668 0.98616 0.95244 0.89708 0.82167 0.72901
0.61543 0.48301 0.36595 0.27334 0.20697 0.16351 0.13805 0.12653 0.12659 0.13729 0.15895 0.19375 0.24586 0.31986 0.41751 0.53476 0.66172 0.78663 0.89968 0.99304 1.0606 1.0998 1.1114 1.0954 1.0497 0.97408 0.87189 0.74935
0.55516 0.40229 0.27856 0.19641 0.15214 0.13434 0.1313 0.13451 0.13946 0.14488 0.15274 0.16935 0.20527 0.27225 0.3767 0.51165 0.6589 0.80218 0.9323 1.0394 1.1147 1.1556 1.1641 1.1403 1.0806 0.98532 0.86019 0.71383
0.45659 0.29243 0.18007 0.13086 0.12796 0.14742 0.17164 0.18925 0.19451 0.18659 0.17003 0.15593 0.16223 0.21138 0.3166 0.4657 0.62688 0.77553 0.90648 1.017 1.0956 1.1367 1.1402 1.1058 1.0331 0.92663 0.79428 0.6349
0.32327 0.1764 0.10893 0.11744 0.1673 0.22582 0.27421 0.30115 0.3006 0.27302 0.22589 0.17366 0.13974 0.15642 0.24564 0.39395 0.55801 0.70233 0.82242 0.92529 1.0026 1.0415 1.0375 0.99222 0.91192 0.80817 0.67661 0.50784
0.18805 0.11336 0.12929 0.20519 0.29739 0.38033 0.44164 0.46979 0.45852 0.41034 0.33674 0.25191 0.17542 0.1414 0.18231 0.29585 0.44064 0.57345 0.68264 0.77607 0.84813 0.88113 0.86816 0.81349 0.73153 0.62982 0.49662 0.33478
0.13154 0.17715 0.28709 0.40916 0.51332 0.59789 0.65874 0.68071 0.65699 0.59353 0.5074 0.40694 0.29571 0.19876 0.15906 0.19876 0.29571 0.40694 0.5074 0.59353 0.65699 0.68071 0.65874 0.59789 0.51332 0.40916 0.28709 0.17715
0.21198 0.37432 0.54483 0.67452 0.76554 0.83936 0.89174 0.90357 0.86909 0.79796 0.71149 0.61008 0.47725 0.32267 0.19578 0.14555 0.17664 0.2535 0.33878 0.41325 0.4634 0.47599 0.44786 0.38629 0.30359 0.21084 0.13489 0.12426
0.39144 0.61423 0.79535 0.91138 0.9905 1.0566 1.0978 1.0992 1.0581 0.98383 0.89686 0.79463 0.65051 0.46176 0.27612 0.1563 0.12587 0.15926 0.21572 0.26753 0.29907 0.30134 0.27351 0.22234 0.15955 0.10675 0.10607 0.20133
0.56891 0.79087 0.95701 1.0676 1.1502 1.2115 1.2408 1.2341 1.1909 1.1153 1.0199 0.90676 0.7556 0.56084 0.36061 0.21154 0.14033 0.13055 0.14886 0.17047 0.18211 0.17803 0.15891 0.13121 0.10751 0.11231 0.18325 0.34398
0.68477 0.87913 1.0315 1.1462 1.231 1.2818 1.3 1.2884 1.247 1.1738 1.071 0.94532 0.79156 0.60957 0.42561 0.2782 0.18659 0.14211 0.12487 0.11897 0.11527 0.11073 0.10664 0.10879 0.12889 0.18524 0.29926 0.47561
0.70844 0.90826 1.0602 1.1712 1.2528 1.3019 1.3191 1.3071 1.2657 1.1932 1.0926 0.96957 0.81525 0.62784 0.43553 0.2806 0.18467 0.13885 0.12168 0.11619 0.1128 0.10829 0.10399 0.10586 0.12611 0.18442 0.30409 0.4897
0.76622 0.93399 1.0708 1.174 1.2421 1.2774 1.2857 1.2722 1.2359 1.1718 1.0776 0.95558 0.80915 0.64439 0.4799 0.33925 0.2351 0.16577 0.12304 0.098577 0.087138 0.087066 0.099726 0.12983 0.18579 0.2776 0.41186 0.58262
0.79457 0.92811 1.0335 1.1079 1.1532 1.1739 1.176 1.1634 1.1348 1.0856 1.0121 0.91303 0.7901 0.65076 0.5086 0.37831 0.27017 0.18829 0.13215 0.099056 0.086446 0.093287 0.12067 0.17166 0.25009 0.35802 0.4926 0.64367
0.77625 0.87012 0.93802 0.98143 1.005 1.0139 1.0125 1.0027 0.98346 0.95163 0.90322 0.83419 0.74258 0.63128 0.50898 0.38808 0.28091 0.19614 0.13717 0.10366 0.094174 0.10797 0.1456 0.20844 0.29699 0.40814 0.53354 0.66067
0.71216 0.76409 0.79614 0.81337 0.82067 0.82158 0.81864 0.81277 0.80321 0.78836 0.76541 0.72949 0.67498 0.59406 0.4875 0.3714 0.26703 0.18594 0.1315 0.10302 0.098723 0.11767 0.16005 0.22672 0.31674 0.42428 0.53657 0.63619
0.63451 0.63306 0.62815 0.62602 0.62357 0.62053 0.61759 0.61527 0.61374 0.61415 0.62243 0.63939 0.6406 0.59232 0.48636 0.3532 0.23662 0.15883 0.11419 0.094233 0.095349 0.11614 0.15767 0.22284 0.31716 0.43283 0.54067 0.6101
0.55711 0.49917 0.45807 0.44315 0.43978 0.43811 0.43619 0.43433 0.43525 0.45199 0.50544 0.58621 0.64208 0.61527 0.49635 0.33602 0.20118 0.12369 0.092125 0.083069 0.088016 0.10582 0.14084 0.20878 0.32014 0.45318 0.55722 0.5907
0.44419 0.3593 0.30766 0.29477 0.29912 0.30287 0.3013 0.29503 0.29219 0.31907 0.39768 0.50814 0.58435 0.56273 0.44071 0.28103 0.15642 0.09574 0.081446 0.083523 0.088828 0.097632 0.12318 0.18992 0.30501 0.43498 0.51879 0.51627
0.29393 0.2309 0.20511 0.21178 0.22812 0.23736 0.2343 0.22025 0.20671 0.21898 0.27586 0.36001 0.41626 0.39514 0.30137 0.19074 0.11786 0.09578 0.10277 0.11239 0.11327 0.10852 0.11632 0.16005 0.24412 0.33639 0.38468 0.36227
0.18522 0.17205 0.18642 0.21506 0.24026 0.25208 0.24676 0.22596 0.19752 0.17834 0.18558 0.21506 0.23681 0.22328 0.18064 0.1424 0.13336 0.1498 0.17156 0.18166 0.17392 0.1536 0.13662 0.14158 0.17419 0.2152 0.23297 0.2158
0.20353 0.22827 0.26571 0.30214 0.32812 0.33965 0.33409 0.31286 0.2783 0.23942 0.21208 0.20311 0.20329 0.20141 0.20017 0.21103 0.23689 0.26712 0.2879 0.29079 0.27311 0.241 0.20607 0.1822 0.17747 0.18583 0.19322 0.19544
0.34617 0.37878 0.41395 0.44331 0.46422 0.47478 0.47328 0.46059 0.43641 0.40473 0.37766 0.36347 0.36002 0.36225 0.37026 0.38642 0.40762 0.42537 0.43236 0.42375 0.3983 0.36309 0.32673 0.29939 0.2887 0.2934 0.3059 0.32244
0.5317 0.55527 0.57789 0.59688 0.61223 0.62347 0.6301 0.63147 0.62722 0.61829 0.6108 0.60792 0.60622 0.60198 0.59661 0.5933 0.59119 0.58633 0.5757 0.55535 0.5261 0.49481 0.46832 0.45377 0.45564 0.47053 0.4903 0.51033
0.68484 0.70004 0.71379 0.72645 0.73879 0.75322 0.76982 0.78584 0.80003 0.81189 0.82143 0.82694 0.82417 0.81114 0.79105 0.76828 0.74418 0.71864 0.69096 0.66136 0.63202 0.60697 0.59132 0.58948 0.60252 0.62487 0.6482 0.66803
0.77772 0.78895 0.79872 0.80872 0.82195 0.84148 0.86719 0.89567 0.92338 0.94807 0.96672 0.97548 0.97099 0.95256 0.9231 0.88666 0.84601 0.80313 0.76177 0.72622 0.69855 0.67973 0.67208 0.67774 0.69534 0.71942 0.74336 0.76302
0.80917 0.81778 0.82594 0.83743 0.85507 0.88016 0.91222 0.9488 0.9857 1.0182 1.0419 1.0531 1.0485 1.0271 0.99083 0.94392 0.89069 0.83623 0.78663 0.74708 0.71992 0.70555 0.70396 0.71429 0.73351 0.75671 0.77891 0.79672
0.78637 0.79345 0.80269 0.81807 0.841 0.87093 0.90698 0.94741 0.9884 1.0248 1.052 1.0656 1.062 1.0394 0.99943 0.94689 0.88778 0.8282 0.77415 0.73097 0.7023 0.68941 0.69113 0.70418 0.72373 0.74471 0.76317 0.77707
0.72737 0.73241 0.74166 0.75903 0.78542 0.81942 0.8591 0.90204 0.94458 0.98219 1.0106 1.0259 1.0248 1.005 0.96686 0.91439 0.85368 0.79134 0.73407 0.68838 0.65892 0.64686 0.64994 0.66345 0.68152 0.69898 0.71272 0.72185
0.65417 0.65213 0.65658 0.67224 0.7 0.73738 0.78079 0.82675 0.87149 0.9107 0.94058 0.95851 0.962 0.94781 0.91407 0.86315 0.80127 0.73634 0.67711 0.63182 0.60527 0.59725 0.60349 0.61763 0.63343 0.64648 0.65442 0.65647
0.58568 0.57051 0.56575 0.57781 0.6062 0.64505 0.68965 0.73788 0.78547 0.82771 0.86101 0.8834 0.89241 0.88366 0.85391 0.80493 0.74309 0.67737 0.61866 0.57721 0.55803 0.55895 0.5725 0.58968 0.60388 0.61189 0.61166 0.60199
0.54079 0.50919 0.49359 0.50172 0.52991 0.56734 0.60796 0.65356 0.70269 0.7479 0.78529 0.8124 0.82613 0.82193 0.79682 0.75233 0.69478 0.63228 0.57714 0.54297 0.5354 0.5493 0.57328 0.59546 0.60888 0.61116 0.60022 0.57502
0.53704 0.48905 0.46088 0.46096 0.48386 0.51582 0.54974 0.58967 0.63738 0.68397 0.72393 0.75404 0.77104 0.77141 0.75316 0.71978 0.67352 0.61873 0.57067 0.54723 0.55415 0.58241 0.61671 0.64339 0.6557 0.65184 0.62963 0.58882
0.58201 0.51977 0.47684 0.46193 0.47089 0.49154 0.51744 0.55214 0.59684 0.64213 0.68176 0.71231 0.73119 0.73626 0.72886 0.71205 0.68181 0.64097 0.6071 0.5992 0.62137 0.66181 0.703 0.73128 0.74113 0.73153 0.70023 0.64743
0.66703 0.59387 0.53541 0.50026 0.48819 0.49265 0.50947 0.53943 0.57962 0.62042 0.65659 0.68509 0.70431 0.71361 0.7175 0.71706 0.70651 0.68843 0.67823 0.69066 0.72701 0.77521 0.81847 0.84487 0.85105 0.83705 0.80034 0.74077
0.7688 0.68809 0.6154 0.55979 0.52594 0.51361 0.52075 0.54436 0.577 0.61059 0.64094 0.6656 0.68365 0.69566 0.70718 0.72025 0.73142 0.74248 0.76217 0.79719 0.84565 0.89726 0.93845 0.96055 0.96275 0.94602 0.90742 0.84596
0.858 0.77255 0.68886 0.61759 0.56734 0.54161 0.53885 0.55305 0.57561 0.60046 0.62402 0.64426 0.66052 0.67406 0.69026 0.71392 0.74525 0.78468 0.83316 0.88891 0.94675 0.99843 1.035 1.0518 1.0505 1.0325 0.99476 0.93505
0.90749 0.81962 0.72946 0.64957 0.5903 0.55586 0.54409 0.54838 0.56136 0.57782 0.59504 0.61125 0.62564 0.64017 0.66005 0.69181 0.73848 0.79932 0.86945 0.94058 1.0043 1.054 1.0852 1.0972 1.0934 1.0753 1.0395 0.98291
0.89779 0.80981 0.71813 0.63598 0.57371 0.53525 0.5185 0.51723 0.52424 0.53485 0.54695 0.55897 0.5703 0.58386 0.60611 0.64379 0.70056 0.77444 0.85706 0.93634 1.0022 1.0492 1.0758 1.0846 1.0796 1.0614 1.0265 0.97176
0.82375 0.73816 0.6494 0.56987 0.50953 0.47253 0.45702 0.45632 0.46253 0.47053 0.47819 0.48445 0.49001 0.49968 0.52152 0.56256 0.6251 0.70491 0.79156 0.87237 0.93744 0.98195 1.0062 1.0139 1.0083 0.98873 0.95205 0.89663
0.69848 0.61757 0.53536 0.46278 0.40928 0.37917 0.37012 0.37442 0.38311 0.3902 0.39321 0.39205 0.38976 0.39361 0.41282 0.45398 0.51766 0.59736 0.68176 0.7593 0.8218 0.86504 0.88897 0.89653 0.8897 0.86713 0.82696 0.76981
0.55106 0.47801 0.40605 0.3439 0.30025 0.27934 0.278 0.28744 0.29827 0.30408 0.30236 0.2943 0.28519 0.28403 0.30042 0.33998 0.40082 0.47477 0.55171 0.62288 0.68168 0.72355 0.74691 0.75335 0.74423 0.71861 0.67593 0.61867
0.41964 0.35912 0.30046 0.24947 0.21414 0.1993 0.20191 0.21279 0.22288 0.22623 0.22089 0.20926 0.198 0.19688 0.21492 0.25446 0.30998 0.37299 0.43706 0.49781 0.54987 0.58755 0.60801 0.61202 0.60078 0.57391 0.53197 0.47867
0.33752 0.29192 0.24626 0.20367 0.17201 0.15744 0.15798 0.16505 0.17096 0.17102 0.16438 0.15434 0.14773 0.15408 0.17968 0.2215 0.27029 0.31902 0.36674 0.41372 0.45561 0.48616 0.50224 0.50388 0.49185 0.4662 0.42858 0.38369
0.32019 0.28548 0.24781 0.20897 0.17675 0.15777 0.1507 0.14931 0.14856 0.14564 0.14091 0.13783 0.14197 0.16037 0.19541 0.23955 0.28201 0.31869 0.35318 0.3882 0.41969 0.4427 0.45453 0.45471 0.44343 0.42114 0.39018 0.35495
0.36278 0.32929 0.29135 0.25098 0.21483 0.18783 0.16934 0.15721 0.14936 0.14515 0.1457 0.15353 0.17167 0.2025 0.24526 0.29165 0.33263 0.36653 0.39745 0.42659 0.45124 0.46879 0.4775 0.47705 0.46741 0.44896 0.42359 0.39407
0.44545 0.40276 0.35578 0.30737 0.26216 0.22362 0.1932 0.17114 0.15804 0.15507 0.16328 0.18348 0.21596 0.2595 0.3106 0.36318 0.41129 0.45325 0.48956 0.52025 0.54457 0.56122 0.56935 0.56871 0.55921 0.5411 0.5153 0.48313
0.54008 0.47949 0.41537 0.35175 0.29304 0.2426 0.20226 0.17365 0.15885 0.15963 0.1764 0.20836 0.25399 0.31089 0.37502 0.4411 0.50431 0.56143 0.61057 0.6508 0.68184 0.7032 0.71356 0.71179 0.69817 0.67371 0.63892 0.594
0.61965 0.53331 0.44626 0.36442 0.29235 0.23286 0.18756 0.15794 0.14563 0.15162 0.17576 0.21691 0.27347 0.34335 0.42326 0.50847 0.59344 0.67248 0.74095 0.79662 0.83924 0.86806 0.88086 0.87602 0.85431 0.81739 0.76557 0.69885
0.66022 0.54431 0.43356 0.33648 0.25749 0.19759 0.15613 0.13234 0.12572 0.13608 0.16332 0.20756 0.26924 0.34855 0.44401 0.55092 0.66139 0.76638 0.8586 0.93373 0.98948 1.0245 1.0377 1.0286 0.99685 0.94256 0.86649 0.77065
0.64751 0.50362 0.37476 0.27279 0.20039 0.15372 0.12686 0.11491 0.11494 0.12591 0.14852 0.18556 0.24199 0.32301 0.4303 0.55813 0.69397 0.82481 0.94109 1.0358 1.1033 1.1421 1.1541 1.1397 1.0957 1.0206 0.91688 0.78978
0.58825 0.42033 0.28282 0.19226 0.14451 0.12578 0.12281 0.12614 0.13094 0.13593 0.14339 0.16042 0.19887 0.27243 0.3882 0.53628 0.69345 0.8411 0.97235 1.08 1.1554 1.1966 1.206 1.1837 1.1259 1.0319 0.90706 0.75725
0.49262 0.30785 0.17949 0.12336 0.12002 0.14089 0.1663 0.1844 0.1892 0.17992 0.16156 0.14596 0.15322 0.20949 0.32932 0.49586 0.66903 0.81977 0.94646 1.0536 1.1319 1.174 1.1786 1.1459 1.0763 0.97605 0.84922 0.6863
0.35583 0.18719 0.10611 0.11116 0.16288 0.22376 0.27367 0.30108 0.29961 0.26989 0.22018 0.16555 0.13152 0.15476 0.25921 0.42648 0.6034 0.74828 0.86025 0.95602 1.0324 1.0725 1.0699 1.0265 0.95259 0.86028 0.73567 0.56003
0.21198 0.12426 0.13489 0.21084 0.30359 0.38629 0.44786 0.47599 0.4634 0.41325 0.33878 0.2535 0.17664 0.14555 0.19578 0.32267 0.47725 0.61008 0.71149 0.79796 0.86909 0.90357 0.89174 0.83936 0.76554 0.67452 0.54483 0.37432
0.15225 0.20004 0.31363 0.4354 0.53427 0.61339 0.67241 0.69367 0.66857 0.60486 0.52232 0.42609 0.31513 0.21511 0.17358 0.21511 0.31513 0.42609 0.52232 0.60486 0.66857 0.69367 0.67241 0.61339 0.53427 0.4354 0.31363 0.20004
0.2391 0.41552 0.59294 0.71779 0.79712 0.86188 0.91143 0.92215 0.88659 0.81738 0.73898 0.64633 0.51471 0.35181 0.21269 0.15323 0.18062 0.25677 0.34154 0.41604 0.46753 0.48119 0.45318 0.39185 0.3102 0.21805 0.14336 0.13881
0.42618 0.66521 0.8504 0.95755 1.0235 1.0816 1.1205 1.1209 1.0791 1.0075 0.92967 0.83733 0.69475 0.49592 0.29392 0.15998 0.1225 0.15477 0.21246 0.26587 0.29887 0.30178 0.27362 0.22146 0.15728 0.10407 0.1081 0.2167
0.60225 0.83531 1.0018 1.1043 1.1781 1.2353 1.2631 1.2556 1.2121 1.1383 1.0491 0.94298 0.7926 0.58949 0.37554 0.2142 0.13645 0.12536 0.14468 0.16755 0.18006 0.17624 0.15671 0.12805 0.10323 0.10891 0.18645 0.36087
0.62721 0.86819 1.0346 1.1309 1.1978 1.2518 1.2786 1.2705 1.2268 1.1545 1.0703 0.96957 0.82004 0.611 0.38709 0.21672 0.13405 0.1219 0.14192 0.16569 0.17882 0.17517 0.15533 0.12598 0.10036 0.1068 0.18933 0.37385
0.72377 0.927 1.0786 1.1869 1.2664 1.3143 1.331 1.3187 1.2772 1.2052 1.1063 0.98508 0.83053 0.63971 0.44207 0.28231 0.1836 0.13692 0.11982 0.1146 0.1114 0.10691 0.10247 0.10416 0.12447 0.18405 0.30736 0.49891
0.77365 0.94282 1.0799 1.1829 1.2504 1.2852 1.2931 1.2795 1.2433 1.1795 1.0855 0.96339 0.81622 0.64982 0.48317 0.34054 0.23506 0.16503 0.12202 0.097492 0.086039 0.085961 0.098645 0.1289 0.18536 0.27827 0.41445 0.58772
0.79776 0.93186 1.0375 1.1119 1.1569 1.1773 1.1792 1.1667 1.1382 1.0892 1.0157 0.9165 0.79312 0.65314 0.51024 0.37922 0.27043 0.18809 0.13169 0.098478 0.085822 0.09267 0.12013 0.17134 0.25019 0.35878 0.49418 0.64609
0.77625 0.87012 0.93802 0.98143 1.005 1.0139 1.0125 1.0027 0.98346 0.95163 0.90322 0.83419 0.74258 0.63128 0.50898 0.38808 0.28091 0.19614 0.13717 0.10366 0.094174 0.10797 0.1456 0.20844 0.29699 0.40814 0.53354 0.66067
0.70873 0.76083 0.79315 0.81077 0.81846 0.81964 0.81678 0.81081 0.80097 0.78575 0.76241 0.72611 0.67129 0.59048 0.48465 0.36968 0.26635 0.18595 0.13192 0.10364 0.099394 0.11827 0.16042 0.22661 0.31586 0.42241 0.53377 0.63285
0.62591 0.62681 0.62396 0.6231 0.62146 0.61887 0.61605 0.61352 0.61139 0.61069 0.61672 0.63047 0.62893 0.58007 0.47638 0.34721 0.23436 0.15876 0.11498 0.095381 0.096548 0.11711 0.15802 0.22184 0.31352 0.42586 0.53116 0.60005
0.54212 0.49091 0.4552 0.4432 0.44097 0.43978 0.43798 0.43586 0.43579 0.44926 0.49609 0.56825 0.61722 0.58899 0.47505 0.32327 0.19629 0.12343 0.093465 0.084758 0.08966 0.10705 0.14078 0.20513 0.31034 0.43651 0.53632 0.57053
0.4288 0.35457 0.3107 0.30166 0.30714 0.31118 0.3097 0.30327 0.2988 0.32007 0.38805 0.48524 0.55116 0.52764 0.41288 0.26504 0.15085 0.096097 0.083729 0.085935 0.091096 0.09941 0.12259 0.18348 0.28949 0.41045 0.49019 0.49132
0.29129 0.23884 0.21955 0.22875 0.24543 0.25457 0.25166 0.23782 0.22297 0.23003 0.27649 0.34706 0.39232 0.36857 0.28113 0.18076 0.11627 0.098338 0.10621 0.11558 0.11638 0.11133 0.11689 0.15506 0.23096 0.31622 0.36359 0.34816
0.20446 0.19755 0.21415 0.24256 0.26692 0.27831 0.27335 0.25347 0.22556 0.2046 0.20576 0.22533 0.23747 0.21948 0.17842 0.14421 0.13786 0.15464 0.17556 0.18509 0.17762 0.15796 0.14082 0.14381 0.17331 0.21295 0.23433 0.22566
0.24011 0.26656 0.30279 0.33722 0.36178 0.37275 0.36776 0.34791 0.3154 0.27772 0.2483 0.23303 0.22488 0.2162 0.21114 0.21987 0.24364 0.27156 0.29068 0.29315 0.27635 0.24623 0.21374 0.19219 0.19 0.2025 0.21655 0.22645
0.38621 0.41953 0.45351 0.4814 0.50119 0.51119 0.51001 0.49798 0.47503 0.444 0.41481 0.39471 0.38304 0.37744 0.37972 0.39204 0.41037 0.42593 0.43188 0.42342 0.39953 0.36699 0.33412 0.31085 0.30508 0.31596 0.33559 0.3586
0.56494 0.59111 0.6147 0.63393 0.64875 0.6593 0.66538 0.66568 0.65989 0.6484 0.63588 0.62543 0.61548 0.60462 0.59524 0.58991 0.58669 0.58131 0.57067 0.55124 0.524 0.49516 0.47149 0.46014 0.46597 0.4861 0.51227 0.53871
0.70978 0.7292 0.74564 0.7595 0.77181 0.7852 0.79995 0.81322 0.82328 0.82965 0.83184 0.82897 0.81894 0.80141 0.77952 0.75657 0.73301 0.70824 0.68144 0.6534 0.62616 0.60309 0.58929 0.58943 0.60504 0.63137 0.66048 0.687
0.79597 0.81176 0.82445 0.83607 0.84947 0.86736 0.88985 0.91411 0.93656 0.95446 0.96522 0.96634 0.95623 0.935 0.90503 0.8694 0.83008 0.78883 0.74933 0.71563 0.68968 0.67237 0.66602 0.67304 0.6926 0.72008 0.74929 0.77532
0.82089 0.83394 0.84526 0.85853 0.87605 0.89871 0.92638 0.95741 0.98806 1.0136 1.0302 1.0353 1.0268 1.0041 0.96846 0.92328 0.87247 0.82076 0.77372 0.73604 0.71 0.69627 0.69512 0.706 0.7265 0.7525 0.77934 0.80291
0.79182 0.8038 0.81655 0.83345 0.85548 0.88211 0.91287 0.94667 0.98042 1.0098 1.0309 1.0403 1.0348 1.0126 0.97492 0.92575 0.87043 0.81444 0.76331 0.72201 0.69395 0.6805 0.68105 0.69308 0.71268 0.73551 0.75783 0.77697
0.72887 0.73927 0.75212 0.77041 0.79492 0.82466 0.85824 0.89384 0.92874 0.95966 0.98336 0.99648 0.99551 0.97787 0.94368 0.8961 0.84028 0.78218 0.72822 0.68446 0.655 0.64103 0.64114 0.65188 0.66855 0.68673 0.7035 0.71755
0.65497 0.65866 0.66668 0.68265 0.70743 0.73935 0.77576 0.81406 0.85146 0.88489 0.91156 0.92905 0.9344 0.92396 0.89554 0.8508 0.79496 0.73527 0.67996 0.63646 0.60889 0.59727 0.59866 0.60837 0.62141 0.63408 0.64432 0.65113
0.58923 0.58036 0.57906 0.59012 0.61363 0.64591 0.68371 0.72466 0.76563 0.80311 0.83433 0.85756 0.86987 0.86627 0.84306 0.80143 0.74698 0.68786 0.63382 0.59377 0.57206 0.56727 0.57383 0.58478 0.59487 0.60159 0.60332 0.59872
0.55003 0.52528 0.51227 0.51708 0.53777 0.56757 0.60293 0.64419 0.68795 0.72927 0.76529 0.79411 0.81227 0.81426 0.79646 0.76005 0.71034 0.65546 0.60612 0.57318 0.56133 0.56712 0.58175 0.5958 0.60387 0.60438 0.59568 0.57642
0.55256 0.51192 0.48594 0.48137 0.49523 0.51913 0.54929 0.5877 0.63193 0.67512 0.71414 0.74661 0.76883 0.77591 0.76489 0.73743 0.69812 0.65231 0.61164 0.58945 0.5904 0.60817 0.63094 0.64781 0.65388 0.64831 0.62919 0.59546
0.60094 0.5468 0.50701 0.48859 0.48966 0.50333 0.52653 0.56068 0.60255 0.64467 0.68372 0.71723 0.74185 0.75375 0.75119 0.73752 0.71351 0.68216 0.65568 0.64788 0.6623 0.6904 0.7186 0.7361 0.73944 0.72865 0.70144 0.6567
0.68429 0.62014 0.56687 0.53161 0.51546 0.51563 0.53041 0.559 0.59567 0.63361 0.66979 0.70189 0.72717 0.743 0.74973 0.75087 0.74507 0.73408 0.72808 0.73777 0.76457 0.79944 0.82929 0.84502 0.8452 0.83069 0.79874 0.74781
0.78005 0.70948 0.64431 0.59258 0.55924 0.54567 0.55103 0.57171 0.60043 0.63184 0.66306 0.69195 0.71638 0.73498 0.74947 0.76353 0.77652 0.78941 0.80775 0.8362 0.87325 0.91087 0.93897 0.95142 0.9487 0.93209 0.89865 0.84631
0.86064 0.78638 0.71205 0.64758 0.60114 0.5763 0.57195 0.58277 0.60237 0.62614 0.65149 0.67648 0.69931 0.71969 0.73981 0.76389 0.79343 0.82893 0.87058 0.9161 0.96058 0.99777 1.022 1.0307 1.0257 1.0085 0.97617 0.92606
0.89885 0.82258 0.74275 0.67106 0.6171 0.5848 0.57262 0.57547 0.58736 0.60418 0.62392 0.64483 0.6652 0.68541 0.70877 0.7398 0.78175 0.83459 0.89406 0.95229 1.0016 1.0374 1.0576 1.0632 1.0572 1.0404 1.01 0.96278
0.87579 0.799 0.71784 0.64421 0.58779 0.55275 0.53787 0.5378 0.546 0.55834 0.57316 0.5889 0.60424 0.62088 0.64404 0.67932 0.72966 0.79339 0.86324 0.92873 0.98114 1.0164 1.0346 1.0389 1.0329 1.0164 0.98619 0.93942
0.78965 0.7144 0.63565 0.56437 0.5101 0.47762 0.4658 0.46837 0.47744 0.48795 0.4979 0.50614 0.513 0.52279 0.54296 0.57967 0.63457 0.70355 0.77742 0.84538 0.89934 0.93534 0.95392 0.95879 0.95284 0.93505 0.90239 0.85354
0.6567 0.585 0.51181 0.4467 0.39905 0.37395 0.36945 0.37778 0.38984 0.39941 0.40384 0.40292 0.39964 0.40123 0.4165 0.45186 0.50751 0.57703 0.65034 0.71759 0.77185 0.80941 0.8297 0.8354 0.82859 0.80792 0.77146 0.72014
0.50804 0.44395 0.38024 0.32426 0.28504 0.268 0.27051 0.28351 0.29717 0.30479 0.30354 0.29455 0.28327 0.27878 0.29098 0.32527 0.37903 0.444 0.51142 0.57435 0.62703 0.66486 0.68571 0.69097 0.6822 0.65856 0.61956 0.56795
0.38449 0.33395 0.28309 0.23605 0.2018 0.18746 0.19142 0.20424 0.21584 0.21996 0.21445 0.20173 0.18877 0.1863 0.20348 0.24109 0.29148 0.34575 0.39971 0.45192 0.49837 0.53276 0.55152 0.55503 0.54449 0.51965 0.48144 0.43442
0.31947 0.28499 0.24603 0.20382 0.16829 0.14947 0.14787 0.15446 0.16016 0.16011 0.15338 0.14329 0.13749 0.14726 0.17793 0.22261 0.26808 0.30698 0.34229 0.37919 0.41536 0.44298 0.45783 0.45949 0.44853 0.42521 0.39177 0.35454
0.32259 0.298 0.26414 0.22136 0.18074 0.15378 0.14187 0.13761 0.13524 0.13193 0.12796 0.12681 0.13495 0.16156 0.20685 0.25758 0.29801 0.32433 0.34568 0.37076 0.39704 0.41718 0.42781 0.42824 0.41855 0.39923 0.37302 0.34598
0.38109 0.35351 0.31502 0.26734 0.2209 0.18501 0.16027 0.1439 0.13395 0.12965 0.13205 0.14379 0.1681 0.20904 0.26368 0.31804 0.35861 0.3846 0.40565 0.42792 0.4482 0.46301 0.47051 0.47051 0.46292 0.44784 0.42719 0.40415
0.47324 0.43065 0.37886 0.32163 0.26668 0.21944 0.18225 0.15597 0.14113 0.13861 0.14946 0.17467 0.21453 0.26742 0.32907 0.3896 0.43994 0.47915 0.51119 0.53769 0.5587 0.57312 0.58033 0.58039 0.57305 0.55805 0.53605 0.50789
0.57353 0.50862 0.43665 0.36321 0.29466 0.23588 0.18961 0.1577 0.14191 0.14357 0.16316 0.20021 0.25329 0.31944 0.39328 0.46761 0.53581 0.59413 0.64181 0.67963 0.70838 0.72801 0.73775 0.73687 0.72534 0.70351 0.67131 0.6281
0.65439 0.56089 0.46415 0.37207 0.29093 0.22455 0.17488 0.14319 0.13052 0.13745 0.16402 0.20959 0.2728 0.35125 0.44072 0.53486 0.62633 0.70859 0.77756 0.8322 0.87315 0.90044 0.91281 0.90912 0.88963 0.85492 0.80443 0.73719
0.69307 0.56815 0.44696 0.34024 0.25385 0.18909 0.14502 0.12021 0.11355 0.12456 0.15346 0.20096 0.26793 0.35468 0.45918 0.57529 0.69319 0.8027 0.8968 0.97199 1.0267 1.0604 1.0736 1.066 1.0364 0.98369 0.90762 0.80932
0.67819 0.52361 0.38362 0.27297 0.19517 0.14578 0.11787 0.10563 0.10566 0.11682 0.14009 0.17892 0.23907 0.32645 0.44271 0.5804 0.72427 0.86004 0.97868 1.0739 1.1409 1.1791 1.1915 1.1787 1.1367 1.0628 0.95845 0.82779
0.62217 0.43933 0.28795 0.18902 0.13807 0.11868 0.11593 0.11949 0.12417 0.1287 0.13565 0.15288 0.1936 0.27363 0.40073 0.56179 0.72827 0.87897 1.0094 1.1164 1.1913 1.2326 1.2428 1.222 1.1666 1.075 0.95247 0.80075
0.53108 0.32557 0.18068 0.11713 0.11315 0.13548 0.16207 0.1807 0.1851 0.17457 0.15449 0.13745 0.14589 0.20969 0.3445 0.52849 0.71305 0.86449 0.98488 1.0867 1.1639 1.2066 1.2124 1.1814 1.1157 1.0239 0.90468 0.73961
0.39144 0.20133 0.10607 0.10675 0.15955 0.22234 0.27351 0.30134 0.29907 0.26753 0.21572 0.15926 0.12587 0.1563 0.27612 0.46176 0.65051 0.79463 0.89686 0.98383 1.0581 1.0992 1.0978 1.0566 0.9905 0.91138 0.79535 0.61423
0.2391 0.13881 0.14336 0.21805 0.3102 0.39185 0.45318 0.48119 0.46753 0.41604 0.34154 0.25677 0.18062 0.15323 0.21269 0.35181 0.51471 0.64633 0.73898 0.81738 0.88659 0.92215 0.91143 0.86188 0.79712 0.71779 0.59294 0.41552
0.17522 0.22451 0.34029 0.46053 0.55344 0.62667 0.68341 0.70397 0.67783 0.61462 0.53631 0.44493 0.33525 0.23336 0.19055 0.23336 0.33525 0.44493 0.53631 0.61462 0.67783 0.70397 0.68341 0.62667 0.55344 0.46053 0.34029 0.22451
0.26531 0.45325 0.63573 0.7555 0.82386 0.88002 0.92668 0.93643 0.90013 0.83329 0.76266 0.67839 0.54856 0.37919 0.22989 0.16228 0.18588 0.26073 0.34446 0.41846 0.47074 0.48522 0.45737 0.3966 0.31638 0.2255 0.15275 0.15412
0.45551 0.70716 0.8951 0.99455 1.0494 1.1004 1.1374 1.1369 1.0946 1.0257 0.95581 0.87197 0.73109 0.52457 0.30966 0.16429 0.12083 0.15186 0.21029 0.26481 0.29885 0.30223 0.27383 0.22099 0.1559 0.10272 0.11097 0.23058
0.47515 0.73482 0.92431 1.0185 1.0658 1.1121 1.1477 1.1467 1.1042 1.0372 0.9727 0.89459 0.755 0.54366 0.32048 0.16766 0.12018 0.15026 0.20906 0.26423 0.2989 0.30256 0.27402 0.22079 0.15519 0.1022 0.11337 0.24024
0.64058 0.88569 1.052 1.1449 1.2081 1.2603 1.2865 1.2781 1.2344 1.1628 1.0814 0.98367 0.83465 0.62254 0.39339 0.21823 0.13292 0.12018 0.14055 0.16479 0.17824 0.17467 0.15468 0.12496 0.098924 0.10579 0.19101 0.38091
0.72907 0.93347 1.0849 1.1923 1.271 1.3185 1.335 1.3226 1.2811 1.2093 1.111 0.99043 0.83581 0.64383 0.44436 0.28294 0.18326 0.13629 0.11921 0.11409 0.11095 0.10647 0.10198 0.1036 0.12394 0.18395 0.30852 0.50212
0.77365 0.94282 1.0799 1.1829 1.2504 1.2852 1.2931 1.2795 1.2433 1.1795 1.0855 0.96339 0.81622 0.64982 0.48317 0.34054 0.23506 0.16503 0.12202 0.097492 0.086039 0.085961 0.098645 0.1289 0.18536 0.27827 0.41445 0.58772
0.79457 0.92811 1.0335 1.1079 1.1532 1.1739 1.176 1.1634 1.1348 1.0856 1.0121 0.91303 0.7901 0.65076 0.5086 0.37831 0.27017 0.18829 0.13215 0.099056 0.086446 0.093287 0.12067 0.17166 0.25009 0.35802 0.4926 0.64367
0.76983 0.86309 0.93086 0.97461 0.99881 1.0084 1.0073 0.99734 0.97758 0.94521 0.89649 0.82752 0.7364 0.62602 0.50501 0.38565 0.27999 0.19636 0.13809 0.10493 0.095559 0.1093 0.14662 0.20877 0.29615 0.40574 0.52952 0.65528
0.69862 0.7512 0.78435 0.8031 0.81193 0.81393 0.81134 0.80504 0.7944 0.77807 0.75358 0.71617 0.66049 0.58007 0.47642 0.36477 0.26446 0.18609 0.13325 0.10555 0.10147 0.12014 0.16161 0.22638 0.31339 0.41704 0.52564 0.62308
0.60957 0.61487 0.61588 0.61744 0.6174 0.61568 0.61308 0.61014 0.60683 0.60401 0.60584 0.61362 0.60696 0.55713 0.45779 0.33619 0.23036 0.15884 0.1167 0.097806 0.099072 0.11918 0.15889 0.22014 0.30686 0.41289 0.51331 0.58107
0.51917 0.47831 0.45089 0.44337 0.44297 0.44259 0.44097 0.4384 0.43674 0.44524 0.48197 0.54093 0.5793 0.54895 0.44276 0.30419 0.18926 0.12345 0.095881 0.087741 0.092573 0.10928 0.14106 0.19993 0.29565 0.41119 0.50438 0.53966
0.40842 0.34876 0.31554 0.31174 0.31883 0.32333 0.32198 0.31525 0.30859 0.32227 0.37581 0.45491 0.50682 0.48072 0.37585 0.24409 0.14401 0.097187 0.08732 0.089688 0.094642 0.10229 0.12233 0.17529 0.26895 0.37759 0.45177 0.45788
0.28902 0.24999 0.23906 0.25156 0.26873 0.27781 0.27509 0.26149 0.24496 0.24541 0.27872 0.33225 0.3638 0.33673 0.25707 0.16933 0.11514 0.10221 0.11106 0.12006 0.12075 0.11541 0.11826 0.14958 0.21533 0.29189 0.33815 0.33145
0.22829 0.22919 0.24894 0.27743 0.30095 0.31187 0.30736 0.28846 0.26088 0.23738 0.23101 0.23881 0.23972 0.2165 0.17707 0.14727 0.14381 0.16081 0.18066 0.1895 0.18238 0.1636 0.14639 0.14721 0.1732 0.21134 0.23698 0.23828
0.28206 0.31131 0.34709 0.37992 0.40315 0.41351 0.40907 0.39043 0.35955 0.32238 0.28989 0.2672 0.24971 0.23346 0.22398 0.23007 0.25126 0.27649 0.29377 0.2958 0.28012 0.25233 0.22267 0.20381 0.20454 0.22165 0.24305 0.26164
0.4303 0.46554 0.4993 0.5264 0.54528 0.55463 0.55355 0.5417 0.51917 0.4878 0.45539 0.42833 0.40759 0.39355 0.38957 0.39753 0.41256 0.42575 0.43063 0.42244 0.40044 0.37091 0.34191 0.32311 0.32259 0.33999 0.36728 0.39765
0.60111 0.63099 0.65654 0.67665 0.69115 0.7009 0.70602 0.70469 0.69637 0.68119 0.66247 0.6434 0.62444 0.60648 0.59272 0.585 0.58044 0.57451 0.56385 0.54553 0.52071 0.49468 0.47416 0.46635 0.47641 0.50205 0.53514 0.56891
0.73701 0.76153 0.78133 0.79681 0.80927 0.82148 0.83391 0.84382 0.84892 0.84863 0.8423 0.83007 0.81208 0.78963 0.76568 0.74237 0.71935 0.69531 0.66952 0.64327 0.61845 0.59776 0.58612 0.58856 0.60705 0.63776 0.67325 0.70734
0.81556 0.83668 0.85286 0.86642 0.88008 0.89616 0.91498 0.93428 0.95051 0.96045 0.96208 0.95459 0.93825 0.91398 0.88355 0.84891 0.81116 0.7718 0.7344 0.70277 0.67871 0.66307 0.65814 0.66658 0.6883 0.71958 0.75473 0.78801
0.83258 0.8511 0.8663 0.88159 0.89892 0.91896 0.94181 0.9664 0.98947 1.0066 1.0149 1.013 1.0004 0.97644 0.94186 0.89906 0.85131 0.80281 0.7586 0.72296 0.69806 0.68477 0.68369 0.69481 0.71651 0.74558 0.7777 0.80795
0.79618 0.81425 0.83124 0.84977 0.87075 0.89389 0.91892 0.94511 0.9702 0.99105 1.005 1.0097 1.0023 0.98103 0.94636 0.90149 0.85067 0.79869 0.75071 0.7114 0.68385 0.66941 0.66807 0.67842 0.6977 0.72246 0.74918 0.77454
0.72864 0.7455 0.76261 0.78195 0.80445 0.82975 0.85673 0.88399 0.90992 0.93294 0.95122 0.96195 0.96143 0.94669 0.91734 0.87556 0.82526 0.77172 0.7212 0.6794 0.64974 0.63329 0.62961 0.63679 0.65155 0.67035 0.69056 0.71037
0.65368 0.66411 0.67635 0.69287 0.71473 0.74109 0.76999 0.79955 0.82832 0.85498 0.87803 0.89523 0.90299 0.8971 0.87494 0.83725 0.788 0.73375 0.68235 0.64053 0.6116 0.59577 0.59152 0.59601 0.60571 0.61778 0.63053 0.64274
0.59069 0.58901 0.59197 0.60291 0.62228 0.64807 0.67792 0.71018 0.74326 0.77514 0.80413 0.82855 0.84477 0.84711 0.83141 0.79794 0.75122 0.6986 0.649 0.61013 0.58553 0.57444 0.57329 0.57735 0.58283 0.58797 0.59166 0.59255
0.55732 0.5403 0.53109 0.53421 0.54906 0.5719 0.60068 0.6348 0.67165 0.70841 0.74309 0.77402 0.79713 0.8061 0.79655 0.76894 0.72768 0.68003 0.6356 0.60321 0.5867 0.58394 0.58871 0.59421 0.59662 0.59504 0.58841 0.57529
0.56615 0.53359 0.51108 0.50398 0.5112 0.52826 0.55344 0.58709 0.62559 0.66499 0.70321 0.73839 0.76627 0.78079 0.77808 0.75866 0.72667 0.68835 0.65317 0.63105 0.62561 0.63269 0.64373 0.65072 0.65047 0.64287 0.62649 0.59982
0.61772 0.57215 0.53659 0.51673 0.51241 0.52049 0.53988 0.57043 0.60739 0.64625 0.68499 0.72173 0.75239 0.77166 0.77652 0.76827 0.75012 0.72581 0.70418 0.69512 0.70145 0.71725 0.7326 0.73963 0.73662 0.72428 0.70057 0.66364
0.69928 0.64458 0.59727 0.56337 0.54497 0.54176 0.55346 0.57821 0.61032 0.64562 0.68213 0.71795 0.74941 0.77238 0.78515 0.78987 0.78806 0.78161 0.77744 0.78316 0.8 0.82152 0.83829 0.84395 0.83843 0.82296 0.79503 0.75241
0.78911 0.72911 0.67194 0.62475 0.59268 0.57803 0.58063 0.59697 0.62182 0.65142 0.68376 0.71685 0.7476 0.77329 0.79345 0.81014 0.82448 0.83752 0.85295 0.87382 0.89876 0.92224 0.93762 0.9411 0.93374 0.91682 0.88777 0.84425
0.86077 0.79788 0.73305 0.67543 0.63274 0.60851 0.60204 0.60964 0.62669 0.64978 0.67704 0.70656 0.73573 0.76281 0.78825 0.81395 0.84185 0.87291 0.90702 0.94155 0.97211 0.99496 1.0073 1.0084 1.0001 0.98332 0.95573 0.9147
0.88712 0.82214 0.75252 0.68879 0.63981 0.60953 0.59733 0.59939 0.61085 0.62842 0.65065 0.67585 0.70157 0.72685 0.75345 0.78443 0.82225 0.86727 0.91587 0.96094 0.99613 1.0187 1.0289 1.0287 1.0205 1.0048 0.97905 0.94022
0.85078 0.78482 0.714 0.64864 0.5978 0.56616 0.55353 0.55531 0.56537 0.5798 0.5972 0.61601 0.63446 0.6534 0.67705 0.71002 0.75437 0.80828 0.86559 0.91761 0.95736 0.98203 0.9928 0.99311 0.98588 0.97072 0.9446 0.90485
0.75341 0.68811 0.61913 0.55588 0.50755 0.47962 0.47169 0.47785 0.49022 0.50349 0.5155 0.52504 0.53241 0.54178 0.55994 0.59219 0.63961 0.69808 0.75966 0.81546 0.85915 0.88772 0.90148 0.90378 0.8973 0.88089 0.8517 0.80881
0.61324 0.55054 0.4863 0.42859 0.38673 0.36662 0.36674 0.37919 0.39483 0.407 0.41258 0.41135 0.40663 0.40547 0.41642 0.4458 0.49341 0.55294 0.61571 0.67363 0.72056 0.7532 0.77052 0.77463 0.76761 0.7483 0.71508 0.6692
0.46391 0.40899 0.35385 0.30416 0.26918 0.25568 0.26183 0.27835 0.29497 0.30439 0.30334 0.29304 0.27928 0.27131 0.27941 0.30857 0.35522 0.41109 0.46911 0.52433 0.57161 0.60606 0.62512 0.62953 0.62083 0.5985 0.56259 0.51619
0.35019 0.3107 0.26846 0.22538 0.19136 0.17638 0.18086 0.19539 0.20861 0.21347 0.20752 0.1934 0.1789 0.17589 0.19342 0.23 0.27523 0.31994 0.3628 0.40594 0.44689 0.47862 0.49633 0.49963 0.48947 0.466 0.431 0.39035
0.30538 0.28399 0.25277 0.21037 0.1691 0.14391 0.13872 0.14458 0.15022 0.15005 0.143 0.13267 0.12862 0.14389 0.18219 0.23147 0.2735 0.30074 0.32127 0.34626 0.37597 0.40103 0.41505 0.41683 0.40669 0.38528 0.35602 0.32751
0.33071 0.31855 0.2893 0.24143 0.18993 0.15257 0.13448 0.12753 0.1238 0.12011 0.11666 0.11723 0.13075 0.16836 0.22711 0.28645 0.32448 0.33789 0.3428 0.3553 0.37537 0.39269 0.40225 0.4029 0.39462 0.37816 0.35714 0.34015
0.4038 0.38402 0.34542 0.28926 0.23054 0.18421 0.15322 0.13307 0.12131 0.1169 0.12086 0.13611 0.16728 0.22063 0.2898 0.35359 0.39304 0.40857 0.41663 0.42974 0.44518 0.45712 0.46342 0.46384 0.4582 0.44657 0.43103 0.41624
0.50203 0.46079 0.40456 0.33803 0.27269 0.21713 0.1739 0.14397 0.12765 0.12551 0.13859 0.16821 0.21492 0.27793 0.35137 0.42029 0.47197 0.5065 0.53239 0.55401 0.57126 0.58327 0.58952 0.59024 0.58504 0.57335 0.55561 0.53217
0.60543 0.53686 0.4577 0.37512 0.2975 0.23126 0.1799 0.14524 0.12861 0.13099 0.15293 0.19434 0.25408 0.32881 0.41182 0.49386 0.56633 0.6252 0.67085 0.70577 0.73182 0.7495 0.75853 0.75852 0.7492 0.73028 0.70107 0.66007
0.68642 0.58662 0.48124 0.37997 0.29076 0.21841 0.16508 0.13171 0.11872 0.12641 0.15498 0.20426 0.27325 0.35937 0.45744 0.55956 0.65672 0.74161 0.81065 0.86388 0.90284 0.92839 0.94023 0.93773 0.92061 0.88841 0.8396 0.77222
0.72286 0.59 0.45959 0.34438 0.2515 0.18261 0.1364 0.11079 0.10407 0.1156 0.14584 0.19602 0.26751 0.36076 0.47321 0.59739 0.7218 0.83522 0.93075 1.0056 1.0589 1.0914 1.1044 1.0983 1.071 1.0202 0.94447 0.84418
0.7066 0.54238 0.39225 0.27379 0.19125 0.13958 0.11086 0.098438 0.098473 0.10975 0.1335 0.17375 0.23707 0.33008 0.45442 0.60101 0.75195 0.89164 1.0119 1.1071 1.1733 1.2109 1.2237 1.2123 1.1724 1.1001 0.99572 0.86247
0.65513 0.45825 0.29362 0.18671 0.13286 0.11303 0.11058 0.1144 0.119 0.12309 0.1295 0.14678 0.18953 0.2757 0.41357 0.58685 0.76173 0.91437 1.0427 1.1479 1.222 1.2634 1.2743 1.255 1.2019 1.1136 0.99473 0.84229
0.56891 0.34398 0.18325 0.11231 0.10751 0.13121 0.15891 0.17803 0.18211 0.17047 0.14886 0.13055 0.14033 0.21154 0.36061 0.56084 0.7556 0.90676 1.0199 1.1153 1.1909 1.2341 1.2408 1.2115 1.1502 1.0676 0.95701 0.79087
0.42618 0.2167 0.1081 0.10407 0.15728 0.22146 0.27362 0.30178 0.29887 0.26587 0.21246 0.15477 0.1225 0.15998 0.29392 0.49592 0.69475 0.83733 0.92967 1.0075 1.0791 1.1209 1.1205 1.0816 1.0235 0.95755 0.8504 0.66521
0.26531 0.15412 0.15275 0.2255 0.31638 0.3966 0.45737 0.48522 0.47074 0.41846 0.34446 0.26073 0.18588 0.16228 0.22989 0.37919 0.54856 0.67839 0.76266 0.83329 0.90013 0.93643 0.92668 0.88002 0.82386 0.7555 0.63573 0.45325
0.19617 0.24637 0.36324 0.48149 0.56895 0.6369 0.69145 0.71139 0.68456 0.62218 0.54781 0.46091 0.35286 0.25 0.2064 0.25 0.35286 0.46091 0.54781 0.62218 0.68456 0.71139 0.69145 0.6369 0.56895 0.48149 0.36324 0.24637
0.28609 0.48219 0.66794 0.78349 0.84334 0.89278 0.93708 0.94611 0.90937 0.84462 0.78012 0.7024 0.57428 0.4005 0.24392 0.17021 0.1907 0.26423 0.34688 0.42025 0.47294 0.48795 0.46026 0.40008 0.3212 0.23163 0.16077 0.16685
0.29758 0.49792 0.68524 0.79843 0.85362 0.89938 0.94234 0.95098 0.91406 0.85051 0.7894 0.71527 0.58817 0.41217 0.2518 0.17482 0.19355 0.26628 0.34825 0.42121 0.47406 0.48933 0.46174 0.40193 0.32384 0.23509 0.16538 0.17407
0.48206 0.74448 0.93447 1.0268 1.0715 1.1161 1.1512 1.15 1.1075 1.0412 0.97854 0.90245 0.76334 0.55037 0.32434 0.16893 0.12003 0.14976 0.20867 0.26405 0.29892 0.30269 0.2741 0.22074 0.15498 0.10207 0.1143 0.2437
0.64058 0.88569 1.052 1.1449 1.2081 1.2603 1.2865 1.2781 1.2344 1.1628 1.0814 0.98367 0.83465 0.62254 0.39339 0.21823 0.13292 0.12018 0.14055 0.16479 0.17824 0.17467 0.15468 0.12496 0.098924 0.10579 0.19101 0.38091
0.72377 0.927 1.0786 1.1869 1.2664 1.3143 1.331 1.3187 1.2772 1.2052 1.1063 0.98508 0.83053 0.63971 0.44207 0.28231 0.1836 0.13692 0.11982 0.1146 0.1114 0.10691 0.10247 0.10416 0.12447 0.18405 0.30736 0.49891
0.76622 0.93399 1.0708 1.174 1.2421 1.2774 1.2857 1.2722 1.2359 1.1718 1.0776 0.95558 0.80915 0.64439 0.4799 0.33925 0.2351 0.16577 0.12304 0.098577 0.087138 0.087066 0.099726 0.12983 0.18579 0.2776 0.41186 0.58262
0.7851 0.91698 1.0216 1.0961 1.1422 1.1638 1.1664 1.1538 1.1247 1.0749 1.0012 0.90273 0.78112 0.64369 0.50376 0.3757 0.26947 0.18895 0.13358 0.10085 0.08838 0.095199 0.12235 0.17271 0.24988 0.35585 0.48798 0.63648
0.75717 0.84926 0.91684 0.96131 0.98679 0.99761 0.99711 0.98683 0.96611 0.93268 0.8833 0.81441 0.72424 0.6157 0.49733 0.38106 0.27835 0.19697 0.14006 0.10758 0.098451 0.11207 0.1488 0.20962 0.29469 0.40122 0.52175 0.64469
0.68238 0.7356 0.77012 0.79074 0.8014 0.80473 0.80258 0.79577 0.78382 0.76571 0.73933 0.70024 0.64339 0.56381 0.46375 0.35735 0.26176 0.18662 0.13571 0.10895 0.10513 0.12348 0.16383 0.22633 0.30975 0.40879 0.51291 0.60755
0.58706 0.59822 0.60442 0.60933 0.61158 0.61114 0.60888 0.60531 0.60031 0.59453 0.59081 0.59061 0.5772 0.52627 0.43306 0.32184 0.22549 0.15944 0.11961 0.10173 0.10315 0.1226 0.16056 0.2183 0.29828 0.39565 0.4892 0.55515
0.49095 0.46292 0.44574 0.44376 0.44578 0.44652 0.44514 0.4419 0.43816 0.44064 0.46499 0.50764 0.53292 0.50006 0.40364 0.28153 0.1815 0.12429 0.099597 0.092224 0.096967 0.11276 0.1421 0.19424 0.27819 0.38042 0.46519 0.50164
0.38574 0.34318 0.32242 0.32479 0.33383 0.33898 0.33778 0.33061 0.32141 0.32635 0.36314 0.42118 0.45675 0.42766 0.33429 0.22117 0.13734 0.099506 0.092345 0.094895 0.099591 0.10646 0.12296 0.16682 0.24612 0.34039 0.40802 0.41993
0.28826 0.26443 0.26306 0.27944 0.29729 0.30638 0.3039 0.29049 0.27203 0.26499 0.28355 0.31812 0.33449 0.3037 0.23246 0.1584 0.11528 0.10756 0.11728 0.12582 0.12638 0.12082 0.12086 0.14476 0.19943 0.26645 0.31154 0.31454
0.25559 0.26551 0.28933 0.31844 0.34131 0.35181 0.34776 0.32973 0.30206 0.27521 0.26025 0.25526 0.24424 0.21542 0.17745 0.1519 0.15111 0.16807 0.18666 0.19474 0.18806 0.17038 0.15329 0.15202 0.17449 0.21118 0.24134 0.25328
0.32698 0.36029 0.39678 0.42879 0.45101 0.46078 0.45676 0.43893 0.40884 0.37108 0.33442 0.30351 0.27628 0.25218 0.23794 0.24094 0.25915 0.28148 0.29689 0.29852 0.28416 0.25894 0.23237 0.21645 0.22028 0.2421 0.27101 0.29879
0.47629 0.51483 0.54969 0.57696 0.59526 0.60392 0.60263 0.59035 0.56708 0.53405 0.49718 0.46227 0.43203 0.40938 0.39893 0.40221 0.41369 0.42448 0.42832 0.42053 0.40073 0.37445 0.34952 0.33536 0.34016 0.36403 0.39909 0.43744
0.63892 0.67365 0.70221 0.72385 0.73832 0.74719 0.75095 0.74743 0.73549 0.71532 0.68919 0.6606 0.63217 0.6069 0.58855 0.57819 0.57217 0.56571 0.55502 0.53802 0.51591 0.49302 0.47592 0.47188 0.48631 0.51755 0.55789 0.59969
0.76563 0.79616 0.81996 0.83744 0.85025 0.86119 0.87092 0.87683 0.87612 0.86788 0.85183 0.82936 0.80292 0.77526 0.74907 0.72539 0.70299 0.67974 0.65512 0.63086 0.60867 0.59067 0.58144 0.5864 0.60801 0.6434 0.68579 0.72817
0.83554 0.86291 0.88327 0.89912 0.91311 0.92728 0.94206 0.95555 0.96433 0.96504 0.95632 0.93935 0.91631 0.88886 0.85812 0.82479 0.78905 0.75203 0.71702 0.68762 0.66549 0.65149 0.64791 0.65771 0.68164 0.71703 0.75869 0.80006
0.84324 0.86854 0.8885 0.9061 0.9232 0.94049 0.95813 0.97523 0.98916 0.99643 0.99516 0.98572 0.96865 0.94357 0.91057 0.87099 0.82713 0.78241 0.74133 0.70782 0.68394 0.67067 0.66908 0.67992 0.7026 0.73493 0.77287 0.81074
0.79865 0.82416 0.84626 0.86665 0.88647 0.90596 0.92482 0.94231 0.9572 0.96809 0.97393 0.97344 0.96432 0.94439 0.91361 0.87399 0.8285 0.78102 0.73641 0.6991 0.67178 0.65573 0.65169 0.6596 0.67812 0.7048 0.73639 0.76889
0.72598 0.75048 0.77262 0.79326 0.81374 0.83444 0.85431 0.87213 0.88774 0.90174 0.914 0.9223 0.92264 0.91153 0.88788 0.85274 0.80862 0.76002 0.71306 0.67308 0.64283 0.62327 0.61499 0.61784 0.63012 0.64938 0.67331 0.69964
0.64963 0.66782 0.68504 0.70246 0.72154 0.74228 0.76314 0.78287 0.80176 0.82079 0.83999 0.85718 0.86797 0.86742 0.85237 0.82246 0.78031 0.73168 0.68414 0.64374 0.61302 0.59238 0.58178 0.58036 0.58613 0.59728 0.61262 0.63071
0.5894 0.59576 0.60369 0.61514 0.63098 0.65028 0.67151 0.69404 0.71807 0.7437 0.77049 0.79657 0.8173 0.82632 0.81891 0.79426 0.75553 0.70929 0.66383 0.62578 0.5979 0.58004 0.57066 0.5673 0.56767 0.57084 0.57636 0.58297
0.56202 0.55337 0.549 0.55183 0.56224 0.57849 0.59934 0.62448 0.65346 0.68522 0.71876 0.75225 0.7808 0.79735 0.79679 0.77844 0.74562 0.70482 0.66461 0.63226 0.61083 0.59923 0.59388 0.59061 0.58706 0.58302 0.57814 0.57114
0.5771 0.55318 0.53532 0.52753 0.53009 0.54107 0.55984 0.5861 0.61797 0.65341 0.69113 0.72938 0.76322 0.78564 0.79186 0.78142 0.75732 0.72551 0.6943 0.67118 0.659 0.65537 0.65475 0.652 0.64542 0.63545 0.6213 0.60141
0.63168 0.5951 0.5648 0.54531 0.53758 0.5408 0.55506 0.57948 0.61092 0.64668 0.6855 0.72569 0.76245 0.78939 0.80257 0.80184 0.7898 0.77087 0.75199 0.74031 0.7381 0.74179 0.74469 0.74178 0.73265 0.71839 0.69748 0.66786
0.71141 0.66647 0.62589 0.59462 0.57528 0.56903 0.57639 0.59562 0.62318 0.65624 0.69349 0.73308 0.77058 0.80082 0.82111 0.83158 0.83385 0.83025 0.82588 0.82629 0.83264 0.84106 0.84537 0.84174 0.83085 0.81402 0.78927 0.75433
0.79536 0.74606 0.69727 0.65516 0.62477 0.60887 0.60781 0.61955 0.64088 0.66916 0.70291 0.74006 0.77686 0.80957 0.83652 0.85764 0.87361 0.88575 0.89686 0.90906 0.92148 0.9312 0.93458 0.92987 0.91821 0.90056 0.87509 0.8397
0.85789 0.80602 0.75067 0.69986 0.66074 0.63686 0.62841 0.6333 0.64839 0.67127 0.70055 0.7343 0.76931 0.80271 0.83344 0.8618 0.8886 0.91497 0.94088 0.96388 0.9808 0.99004 0.99143 0.98568 0.97421 0.95748 0.93388 0.90104
0.87229 0.818 0.75829 0.70224 0.65799 0.62978 0.61799 0.61996 0.63168 0.65043 0.67511 0.70408 0.73439 0.76398 0.79333 0.82432 0.85849 0.89592 0.93365 0.96592 0.98789 0.99851 0.99968 0.99414 0.98389 0.96893 0.94712 0.91558
0.82345 0.76779 0.70695 0.64958 0.6041 0.57585 0.56569 0.5698 0.58225 0.59909 0.61892 0.64018 0.66087 0.68141 0.70529 0.73604 0.77464 0.81909 0.8642 0.90326 0.93135 0.94678 0.9511 0.94775 0.93933 0.9252 0.90247 0.86881
0.71576 0.65986 0.60035 0.54493 0.50238 0.479 0.47507 0.48493 0.50084 0.51704 0.53089 0.54117 0.54848 0.55705 0.57281 0.6005 0.6405 0.68873 0.73863 0.78333 0.81778 0.83992 0.84961 0.84961 0.84243 0.82703 0.80081 0.76337
0.56845 0.51437 0.45896 0.40868 0.37263 0.35753 0.3623 0.37891 0.39818 0.41298 0.41949 0.41756 0.41108 0.40672 0.41305 0.43629 0.47575 0.52543 0.57827 0.62795 0.66879 0.69727 0.71228 0.7151 0.70766 0.6892 0.6587 0.61759
0.4188 0.3731 0.32685 0.28371 0.25295 0.24276 0.25233 0.2723 0.29188 0.30307 0.30198 0.29011 0.27364 0.26215 0.26631 0.29045 0.32982 0.37639 0.42513 0.47328 0.51616 0.54806 0.56604 0.56998 0.5611 0.53941 0.50581 0.46388
0.31707 0.28952 0.25675 0.21775 0.18329 0.16661 0.17074 0.18656 0.20141 0.20695 0.20038 0.18473 0.169 0.16637 0.1855 0.22189 0.26183 0.29605 0.32687 0.3606 0.39631 0.42601 0.44331 0.44668 0.43662 0.41389 0.38153 0.34705
0.29565 0.28912 0.26665 0.22362 0.17489 0.1413 0.13102 0.13555 0.1412 0.14091 0.1334 0.12293 0.12179 0.14469 0.19311 0.2486 0.28701 0.30085 0.30438 0.31583 0.33836 0.3611 0.37463 0.37662 0.36703 0.34714 0.32217 0.30326
0.3447 0.34696 0.32308 0.26911 0.20454 0.15452 0.12882 0.11902 0.1141 0.11004 0.10698 0.10939 0.12986 0.18117 0.25632 0.32603 0.36129 0.35958 0.3451 0.34259 0.35518 0.36977 0.37838 0.37924 0.37218 0.35842 0.3432 0.33793
0.4307 0.42033 0.38207 0.31653 0.24388 0.18564 0.14796 0.12443 0.11111 0.10658 0.11187 0.13035 0.16949 0.23739 0.32332 0.39769 0.43537 0.43828 0.43069 0.43246 0.44241 0.45145 0.4566 0.45738 0.45358 0.44538 0.43541 0.43052
0.53143 0.49265 0.4325 0.35648 0.28024 0.21639 0.16773 0.13467 0.1171 0.11526 0.13023 0.16375 0.21706 0.29106 0.3772 0.45468 0.5068 0.53503 0.55307 0.56911 0.58237 0.5919 0.59718 0.59849 0.59538 0.58705 0.57378 0.55576
0.63484 0.56336 0.47792 0.38708 0.30124 0.22837 0.17263 0.13568 0.11834 0.12132 0.1452 0.19036 0.25604 0.3386 0.43024 0.51931 0.59507 0.65385 0.69723 0.72905 0.75225 0.76788 0.77613 0.77694 0.76983 0.7539 0.72783 0.68921
0.7148 0.6097 0.49697 0.38777 0.29157 0.21409 0.15772 0.12296 0.10971 0.11801 0.1482 0.20059 0.27456 0.36736 0.47289 0.5818 0.68372 0.77077 0.83972 0.89146 0.92834 0.95209 0.96337 0.96201 0.94726 0.9176 0.87051 0.80313
0.74866 0.60912 0.47099 0.34861 0.25025 0.1779 0.12994 0.10368 0.096929 0.10887 0.14017 0.19254 0.26782 0.36654 0.48564 0.61656 0.74645 0.86322 0.95991 1.0343 1.0862 1.1173 1.1302 1.1255 1.1005 1.0515 0.97629 0.87433
0.73159 0.55911 0.40022 0.27504 0.18852 0.13498 0.10563 0.093099 0.093148 0.10451 0.12859 0.16994 0.23588 0.33366 0.46495 0.61917 0.77605 0.91878 1.04 1.1349 1.2003 1.2373 1.2504 1.2404 1.2023 1.1317 1.0276 0.89264
0.68477 0.47561 0.29926 0.18524 0.12889 0.10879 0.10664 0.11073 0.11527 0.11897 0.12487 0.14211 0.18659 0.2782 0.42561 0.60957 0.79156 0.94532 1.071 1.1738 1.247 1.2884 1.3 1.2818 1.231 1.1462 1.0315 0.87913
0.60225 0.36087 0.18645 0.10891 0.10323 0.12805 0.15671 0.17624 0.18006 0.16755 0.14468 0.12536 0.13645 0.2142 0.37554 0.58949 0.7926 0.94298 1.0491 1.1383 1.2121 1.2556 1.2631 1.2353 1.1781 1.1043 1.0018 0.83531
0.45551 0.23058 0.11097 0.10272 0.1559 0.22099 0.27383 0.30223 0.29885 0.26481 0.21029 0.15186 0.12083 0.16429 0.30966 0.52457 0.73109 0.87197 0.95581 1.0257 1.0946 1.1369 1.1374 1.1004 1.0494 0.99455 0.8951 0.70716
0.28609 0.16685 0.16077 0.23163 0.3212 0.40008 0.46026 0.48795 0.47294 0.42025 0.34688 0.26423 0.1907 0.17021 0.24392 0.4005 0.57428 0.7024 0.78012 0.84462 0.90937 0.94611 0.93708 0.89278 0.84334 0.78349 0.66794 0.48219
0.21085 0.26151 0.37878 0.49543 0.57908 0.64338 0.69634 0.71586 0.68863 0.62697 0.55539 0.47165 0.3649 0.26165 0.21765 0.26165 0.3649 0.47165 0.55539 0.62697 0.68863 0.71586 0.69634 0.64338 0.57908 0.49543 0.37878 0.26151
